x_m,y_m,z_m,pressure_Pa,temperature_K
0.338015711,0.283420608,0.00150000001,187.105236,319.529468
0.336641272,0.284695281,0.00350000011,193.927967,319.079574
0.337363416,0.291390007,0.00150000001,185.547874,320.29574
0.338087384,0.280000001,0.00335756748,187.027701,319.215995
0.336243778,0.281224007,0.00350000011,191.843268,319.108568
0.335539794,0.291999996,0.00233339414,190.027677,320.364098
0.33439001,0.28290414,0.00350000011,194.692205,319.072334
0.335012095,0.291999996,0.00166668943,189.492777,320.388172
0.332933064,0.284741958,0.00150000001,200.057741,319.600052
0.333051207,0.28429139,0.00350000011,195.639615,319.085078
0.334120688,0.282135816,0.00350000011,195.445521,319.075586
0.335160739,0.280000001,0.00299705918,194.772727,319.217203
0.335541464,0.280000001,0.00163805728,193.148296,319.311711
0.331606892,0.287708176,0.00150000001,196.636825,319.88086
0.334308126,0.280000001,0.00204072887,197.176291,319.260975
0.331337919,0.289099135,0.00150000001,199.179952,320.023607
0.330025075,0.287205584,0.00350000011,199.553345,319.264276
0.332357911,0.280000001,0.00220045422,197.42799,319.229519
0.330414303,0.283326325,0.00350000011,197.706308,319.041601
0.330686098,0.281969996,0.00350000011,199.431107,319.043383
0.330157795,0.28257093,0.00350000011,199.444235,319.032525
0.328563039,0.284339881,0.00350000011,200.506245,319.033145
0.33002518,0.282441081,0.00150000001,198.122985,319.450723
0.328975345,0.283057836,0.00150000001,197.865093,319.479723
0.328450334,0.289866877,0.00150000001,204.348615,320.096025
0.329261072,0.291999996,0.00225891086,203.265581,320.352658
0.327662508,0.287242378,0.00150000001,206.09757,319.795719
0.328187668,0.281675512,0.00150000001,199.883987,319.359086
0.324755172,0.285224335,0.00150000001,199.477222,319.554445
0.326875631,0.291697232,0.00350000011,210.659815,320.050527
0.32425869,0.288031415,0.00150000001,214.213393,319.837522
0.323991552,0.281973546,0.00150000001,186.624084,319.288418
0.322692953,0.28988407,0.00350000011,217.578263,319.626883
0.322687576,0.283941045,0.00150000001,189.787434,319.404274
0.325094508,0.280000001,0.00249613324,174.056104,319.050678
0.322168011,0.290788783,0.00150000001,219.55709,320.181424
0.32427759,0.280000001,0.00244046294,172.380288,319.031961
0.323073972,0.280602036,0.00350000011,172.111579,318.887284
0.320870489,0.290330861,0.00150000001,222.883839,320.12282
0.322163013,0.291394264,0.00350000011,219.618036,319.963836
0.320348712,0.283478404,0.00150000001,186.378649,319.324852
0.321739833,0.280000001,0.00281393561,159.173518,318.922939
0.320462211,0.281501394,0.00350000011,165.994546,318.786818
0.319568585,0.291999996,0.00283391615,225.868072,320.310406
0.320180352,0.280757552,0.00350000011,156.719961,318.785467
0.316687874,0.28376358,0.00150000001,203.054328,319.334313
0.315283124,0.287939766,0.00350000011,225.900479,319.312997
0.314954461,0.2875653,0.00150000001,226.41784,319.801401
0.314454754,0.284691527,0.00350000011,212.778101,318.871044
0.315679246,0.290391556,0.00150000001,229.958254,320.15982
0.315824999,0.291213701,0.00150000001,230.747585,320.259541
0.316253539,0.291266428,0.00350000011,230.515089,319.982565
0.313991216,0.285342871,0.00350000011,218.429398,318.951236
0.314871483,0.289188385,0.00350000011,229.083981,319.560695
0.313811486,0.289021485,0.00150000001,229.412438,320.00434
0.312801335,0.287143695,0.00150000001,225.954125,319.772251
0.312644888,0.287589029,0.00350000011,226.459835,319.324947
0.3145165,0.281611635,0.00350000011,206.295705,318.627052
0.312218688,0.286276,0.00150000001,220.558117,319.665909
0.315608604,0.279914793,0.00350000011,180.148983,318.61562
0.311643223,0.285401576,0.00150000001,216.888662,319.566804
0.311650631,0.285409061,0.00350000011,220.639094,318.991063
0.312119843,0.289991966,0.00350000011,229.665849,319.845635
0.312222892,0.29052613,0.00350000011,230.356927,319.973402
0.310877156,0.285875042,0.00350000011,220.767739,319.087222
0.315434297,0.279152109,0.00284668708,188.465887,318.650585
0.314436352,0.278698499,0.00316531497,204.357167,318.58081
0.310403697,0.289390886,0.00350000011,228.444134,319.804712
0.312045375,0.280773971,0.00150000001,198.241588,319.02885
0.31344357,0.278247234,0.00284766312,201.304193,318.533113
0.309515309,0.289478746,0.00150000001,227.936578,320.109021
0.308673867,0.285622076,0.00350000011,216.192916,319.116309
0.311970852,0.27973439,0.00350000011,218.159895,318.490181
0.309455417,0.289615942,0.00266687454,228.530172,320.109721
0.307540903,0.288745708,0.00233330176,223.667009,320.038055
0.311212922,0.28006101,0.00150000001,212.840056,318.94385
0.306490157,0.286611329,0.00350000011,207.257078,319.40864
0.306943767,0.283713343,0.00350000011,195.877015,318.853043
0.305855834,0.287979762,0.00216575832,207.758378,319.966165
0.310273395,0.279119674,0.00350000011,226.25992,318.410903
0.308560847,0.280829382,0.00150000001,199.907632,319.049974
0.30728911,0.281952151,0.00350000011,197.571625,318.617153
0.304452718,0.286010312,0.00150000001,167.350685,319.71668
0.304674848,0.287442962,0.0016532983,189.166753,319.917927
0.310478047,0.277231987,0.00150000001,231.849802,318.56921
0.306703494,0.280493235,0.00150000001,215.748631,318.997214
0.307017185,0.279466593,0.00350000011,219.139335,318.373948
0.310222864,0.276783282,0.00324254912,230.680472,318.324168
0.303451985,0.283738133,0.00150000001,180.324112,319.397865
0.305114844,0.280663275,0.00350000011,216.783289,318.463857
0.307822116,0.278020522,0.00150000001,238.50141,318.673812
0.304367344,0.281056545,0.00150000001,203.496145,319.049007
0.304646813,0.280532276,0.00350000011,221.948226,318.448078
0.302854547,0.282494501,0.00150000001,193.439388,319.231709
0.303976153,0.280575217,0.00150000001,216.988605,318.988203
0.30231012,0.283030028,0.00350000011,184.549378,318.863881
0.305546396,0.277979083,0.00150000001,247.04147,318.695221
0.301354264,0.281268352,0.00350000011,208.286851,318.569157
0.299627002,0.283818328,0.00150000001,194.567355,319.445064
0.299364719,0.285029259,0.00333337632,195.122509,319.535533
0.307024218,0.275329348,0.0016306463,257.024161,318.207863
0.303311085,0.278293708,0.00350000011,253.341207,318.213409
0.306211367,0.274959872,0.00284512281,264.630646,318.033573
0.302961265,0.277799717,0.00350000011,266.427447,318.16146
0.304748057,0.275956003,0.00150000001,263.008851,318.398944
0.299799157,0.280882625,0.00150000001,224.104187,319.020578
0.301219851,0.279281663,0.00350000011,249.610456,318.294117
0.29742437,0.284147282,0.00266552137,194.230391,319.488771
0.302306053,0.277343084,0.00350000011,270.682235,318.108369
0.301068629,0.27843459,0.00150000001,283.918191,318.731546
0.303753947,0.275006449,0.00150000001,274.492218,318.249487
0.296695812,0.283816124,0.00316703526,193.332925,319.37334
0.301891771,0.276338072,0.00350000011,291.427123,318.007433
0.298496224,0.279493808,0.00350000011,264.496846,318.329026
0.296382913,0.28199078,0.00150000001,199.966373,319.165024
0.302517752,0.274607992,0.00150000001,301.399092,318.195331
0.295224698,0.28314743,0.00227523511,186.12657,319.335847
0.296564666,0.280389867,0.00150000001,256.195846,318.955401
0.302457555,0.273253586,0.00336749641,308.293623,317.724716
0.293046866,0.281621583,0.00150000001,275.81076,319.088678
0.299440862,0.275181104,0.00150000001,319.675844,318.340908
0.293812917,0.282967688,0.00259709251,226.469258,319.242242
0.298957073,0.274985773,0.00150000001,324.264756,318.318013
0.297424461,0.276808574,0.00150000001,322.585825,318.575595
0.296894538,0.276862373,0.00350000011,326.470608,318.016575
0.29355673,0.283110015,0.00160440572,243.92537,319.307253
0.292750617,0.283207853,0.00150000001,284.941749,319.261817
0.293475215,0.279039346,0.00350000011,322.715452,318.26695
0.298004357,0.274483029,0.00150000001,335.664673,318.252994
0.298851868,0.272936423,0.00350000011,339.099299,317.601871
0.29084363,0.282354067,0.00350000011,317.670689,318.706677
0.291406278,0.279849786,0.00150000001,332.353859,318.898335
0.294503973,0.276286842,0.00350000011,343.970206,317.952629
0.288762337,0.281268088,0.00350000011,343.744372,318.482503
0.290093345,0.283645584,0.00350000011,328.05788,318.922016
0.29136262,0.284328962,0.00336097299,318.357451,319.277736
0.289127801,0.282640635,0.00150000001,345.547345,319.13702
0.288316868,0.282049904,0.00350000011,350.192398,318.582258
0.288533475,0.282113538,0.00150000001,336.065997,319.083306
0.298407485,0.271412653,0.00320817953,351.629464,317.382072
0.295978516,0.273074865,0.00350000011,356.1317,317.591927
0.288309446,0.280477445,0.00350000011,350.943337,318.383346
0.297644378,0.271214104,0.00350000011,357.601064,317.3627
0.295647979,0.272028139,0.00150000001,360.916649,317.845023
0.29397795,0.273502229,0.00150000001,359.590188,318.142621
0.287007983,0.280282987,0.00350000011,346.597063,318.356531
0.288128084,0.27828346,0.00350000011,354.961212,318.179297
0.287417642,0.27874411,0.00150000001,355.406368,318.802514
0.286867988,0.283957195,0.00150000001,347.020354,319.248344
0.284862055,0.28083745,0.00350000011,354.677005,318.396027
0.294766601,0.270056407,0.0026665717,369.438718,317.155511
0.28333949,0.281579015,0.00350000011,350.646596,318.459465
0.294755104,0.270187359,0.00350000011,367.38148,317.20096
0.291785594,0.272609935,0.00350000011,363.538043,317.595568
0.293747462,0.270014783,0.00333346611,365.985716,317.162334
0.285834772,0.277988368,0.00350000011,361.565098,318.187758
0.293002927,0.270364198,0.00150000001,366.654669,317.499713
0.28631866,0.286958243,0.00350000011,356.639301,319.327606
0.287224276,0.275144342,0.00150000001,362.750765,318.388445
0.292012338,0.270346684,0.00316611375,365.291722,317.280313
0.289527252,0.272846607,0.00350000011,363.318741,317.69241
0.288587215,0.273868463,0.00350000011,362.843605,317.817552
0.281748828,0.280244333,0.00350000011,361.290928,318.394408
0.285969268,0.28732528,0.00256920612,370.925045,319.518923
0.283428053,0.277943843,0.00350000011,360.025371,318.239388
0.282223044,0.278957324,0.00350000011,364.061546,318.320258
0.286775314,0.27487783,0.00150000001,363.6821,318.345043
0.28297734,0.278194908,0.00350000011,363.925116,318.263825
0.284350635,0.275880111,0.00350000011,362.223767,318.105549
0.281669852,0.278751981,0.00150000001,362.67959,318.783179
0.279103439,0.281168867,0.00150000001,364.563427,318.974843
0.280416952,0.283356634,0.00150000001,363.182376,319.147923
0.279810806,0.279796471,0.00150000001,364.719591,318.864021
0.286281309,0.273424413,0.00266656213,363.393254,317.895534
0.28604464,0.273555894,0.0031664092,363.413487,317.898231
0.279719207,0.283966481,0.00150000001,359.572814,319.183108
0.280830621,0.277657559,0.00150000001,364.121364,318.64819
0.278469711,0.279930378,0.00150000001,364.621634,318.858623
0.280379102,0.277912109,0.00150000001,365.05547,318.670628
0.278132891,0.284019843,0.00150000001,358.957661,319.164031
0.27901963,0.285222593,0.00350000011,353.942185,318.705104
0.277933643,0.278061997,0.00316752725,365.244383,318.462093
0.282168599,0.289436754,0.00272024138,379.106479,319.599302
0.277625298,0.284133551,0.00150000001,356.524668,319.165244
0.276866466,0.279751887,0.00150000001,365.451995,318.808587
0.276563957,0.27882293,0.00214694096,365.773794,318.58385
0.274241963,0.281844842,0.00150000001,365.782427,318.942397
0.27795165,0.286235443,0.00350000011,358.304172,318.75742
0.280110734,0.288730133,0.00350000011,367.800294,319.144694
0.274942339,0.279723841,0.00335919754,366.471056,318.584403
0.27542766,0.284215979,0.00350000011,357.265441,318.602614
0.279048202,0.288235074,0.00350000011,367.471893,319.002822
0.27891977,0.287968003,0.00150000001,355.981954,319.394028
0.274632502,0.284705153,0.00150000001,358.752742,319.143181
0.272268125,0.281556074,0.00150000001,367.027128,318.866526
0.278084426,0.288757542,0.00350000011,363.363166,319.006319
0.280282813,0.290484416,0.00212192637,383.936857,319.657364
0.276220956,0.286903395,0.00150000001,351.970782,319.303788
0.27995081,0.29066886,0.0028467871,378.273213,319.614396
0.278883213,0.290053928,0.00150000001,369.697793,319.550546
0.279773203,0.290595056,0.00150000001,378.103267,319.639389
0.271940109,0.283119833,0.00150000001,363.148703,318.98082
0.276316262,0.288297601,0.00350000011,357.982953,318.893331
0.270987054,0.281921221,0.00318802983,364.590365,318.706999
0.278131725,0.290296933,0.00150000001,369.136239,319.543318
0.271776012,0.283898341,0.00150000001,358.760378,319.022844
0.278400972,0.291529887,0.00323600841,378.398454,319.59141
0.27005183,0.282440785,0.00322971798,352.037497,318.722683
0.274615371,0.288579105,0.00350000011,350.898364,318.849078
0.275751566,0.289727879,0.00150000001,365.417701,319.445286
0.276708185,0.291245678,0.00350000011,366.94823,319.280117
0.273071532,0.289175052,0.00150000001,339.767373,319.357102
0.271122459,0.287692312,0.00350000011,327.56938,318.668946
0.274394539,0.290994908,0.00150000001,355.320332,319.488343
0.267584682,0.285024049,0.00350000011,292.6187,318.694567
0.269786664,0.287392383,0.00350000011,320.440212,318.634836
0.274568129,0.292271725,0.00350000011,380.478546,319.243423
0.269617284,0.28696716,0.00150000001,316.496956,319.108681
0.269722842,0.28891838,0.00350000011,329.037159,318.67698
0.27000525,0.289420064,0.00350000011,325.027805,318.716875
0.2718662,0.291722391,0.00350000011,363.203327,319.013177
0.269950306,0.289944181,0.00150000001,343.563939,319.270428
0.272291277,0.292507807,0.00150000001,367.292439,319.528568
0.273180385,0.293565566,0.00150000001,383.305358,319.628432
0.26507711,0.287623206,0.00350000011,329.24701,318.651514
0.271217618,0.293794082,0.00350000011,374.050142,319.207808
0.272410071,0.294858158,0.00283395112,381.776854,319.66731
0.267690319,0.291189081,0.00350000011,362.608807,318.725642
0.267753139,0.291294118,0.00150000001,369.60964,319.229014
0.271218221,0.294827628,0.00150000001,390.748636,319.638778
0.265036701,0.289182665,0.00350000011,336.711647,318.601161
0.268521143,0.29266693,0.00150000001,379.398372,319.371977
0.268064866,0.29291881,0.00150000001,385.497492,319.363186
0.268657643,0.294014364,0.00350000011,390.763252,319.069535
0.262015032,0.287598239,0.00350000011,327.582649,318.698231
0.270823542,0.29573956,0.00166689997,400.35249,319.735906
0.262838331,0.288696011,0.00150000001,326.774641,318.992054
0.266731476,0.292714592,0.00350000011,391.764156,318.790081
0.26804964,0.294524691,0.00350000011,402.029506,319.089283
0.26138946,0.288119673,0.00350000011,326.337462,318.676446
0.265986721,0.292980006,0.00350000011,402.482636,318.776106
0.265300477,0.292871967,0.00150000001,405.383149,319.240716
0.261044294,0.288138176,0.00150000001,325.769979,318.941957
0.26908902,0.296356271,0.00150000001,419.958534,319.678882
0.260982353,0.287479382,0.00164877675,327.220529,318.88181
0.265808655,0.294756063,0.00350000011,425.552834,318.968181
0.267274434,0.296325471,0.00150000001,432.622239,319.587848
0.266375782,0.295790052,0.00150000001,427.062654,319.544159
0.259595775,0.288249705,0.00166496534,326.944554,318.851684
0.258749342,0.28871995,0.0025653104,323.847057,318.736405
0.258496183,0.288860591,0.00217880594,317.603015,318.727487
0.261836579,0.292859546,0.00150000001,435.081515,319.152717
0.261389835,0.29309579,0.00150000001,441.532587,319.163318
0.265748125,0.297351921,0.00150000001,447.065312,319.64798
0.262668842,0.295416433,0.00350000011,466.910836,318.901274
0.25769723,0.28966214,0.00150000001,325.119355,318.924008
0.257394415,0.289671578,0.00350000011,375.003088,318.571265
0.260861357,0.295868783,0.00350000011,479.274269,318.915324
0.259829476,0.294955528,0.00350000011,474.78024,318.790656
0.260309418,0.295781255,0.00150000001,481.821551,319.424729
0.261620368,0.297582568,0.00350000011,483.858777,319.170682
0.254975334,0.290765217,0.00150000001,456.502697,319.02184
0.263781909,0.299651584,0.00270721248,489.498378,319.748636
0.25497995,0.291290585,0.00150000001,462.950653,319.052816
0.258521951,0.295692472,0.00350000011,488.126977,318.856307
0.260805286,0.297666854,0.00350000011,491.151967,319.153728
0.261750988,0.298542606,0.00350000011,488.847051,319.324842
0.256350723,0.293035178,0.00150000001,486.336284,319.15545
0.257965738,0.294479504,0.00150000001,479.591339,319.292667
0.254943162,0.287611628,0.00150000001,451.597007,318.853263
0.262298183,0.300475871,0.00244100335,504.949058,319.801285
0.26102298,0.29943004,0.00150000001,497.475184,319.762262
0.253142321,0.28868439,0.00350000011,480.117546,318.509789
0.253131458,0.288165853,0.00150000001,483.45227,318.912748
0.254329125,0.287096866,0.00216665333,456.343756,318.750845
0.253915485,0.293828979,0.00350000011,494.501076,318.685743
0.251310198,0.291300324,0.00150000001,487.228325,319.108234
0.260631504,0.300206289,0.00150000001,501.389541,319.815243
0.251470757,0.288443681,0.00350000011,501.575791,318.465328
0.249980336,0.290512381,0.00350000011,508.376858,318.507861
0.259209806,0.299670109,0.00350000011,506.554235,319.425566
0.261386549,0.300982301,0.00335123473,508.249532,319.782056
0.24968826,0.290011461,0.00150000001,497.084849,319.062419
0.25220744,0.287129643,0.00350000011,489.6327,318.538329
0.249715091,0.291003738,0.00150000001,505.397678,319.117108
0.251749813,0.286876506,0.00150000001,497.350147,318.857209
0.248807507,0.290565217,0.00150000001,507.567702,319.096254
0.253980821,0.295729719,0.00150000001,499.749322,319.443737
0.250103521,0.288198768,0.00350000011,509.571254,318.447332
0.252034686,0.285822189,0.00283336879,496.731956,318.678177
0.255515572,0.297993901,0.00350000011,506.186076,319.178397
0.257915292,0.300410839,0.00350000011,510.10084,319.529003
0.251631538,0.294539481,0.00350000011,505.33271,318.82021
0.254995969,0.298276542,0.00350000011,507.383982,319.240089
0.25928285,0.301855087,0.00274133613,517.70856,319.891872
0.249657356,0.293267905,0.00350000011,503.157255,318.749734
0.251205106,0.295314784,0.00350000011,503.591633,318.950724
0.258238552,0.301847265,0.00350000011,514.676425,319.77074
0.248297175,0.287712309,0.00150000001,512.43377,318.926897
0.251087792,0.295024295,0.00150000001,505.862772,319.443076
0.249879958,0.294536448,0.00150000001,506.352682,319.427254
0.250430097,0.284930741,0.00233348095,504.082875,318.686248
0.245805344,0.289667127,0.00150000001,501.638516,319.140234
0.250639066,0.29582186,0.00150000001,506.051058,319.534363
0.244815964,0.29018927,0.00350000011,503.309358,318.659519
0.245719031,0.291738741,0.00350000011,512.227352,318.770035
0.254847661,0.301112451,0.00233340755,511.190431,319.888641
0.249900772,0.284810053,0.00150000001,516.272128,318.765604
0.246344557,0.288022963,0.00150000001,509.243038,319.000561
0.245799624,0.291775755,0.00150000001,508.511815,319.329025
0.247477913,0.294078555,0.00150000001,507.199024,319.468368
0.249285589,0.284294908,0.00216676873,507.16952,318.669561
0.24807251,0.284313383,0.00350000011,511.026908,318.493522
0.249053383,0.284165904,0.00333336641,513.831432,318.602185
0.245869859,0.286713695,0.00350000011,509.36689,318.429872
0.248368007,0.283785141,0.00283353528,516.247893,318.613671
0.2419594,0.289912965,0.00350000011,503.664184,318.785499
0.247052025,0.296781542,0.00266038575,507.711516,319.695667
0.242964797,0.291572786,0.00150000001,510.503635,319.40833
0.244935271,0.29335772,0.00150000001,510.299181,319.496756
0.248921446,0.29782011,0.00166688972,506.956454,319.772746
0.244237989,0.286957377,0.00150000001,519.935688,318.976667
0.240405902,0.290834443,0.00150000001,511.076201,319.438836
0.238826187,0.290264784,0.00350000011,511.133959,319.055826
0.242187026,0.294078764,0.00293839494,511.615225,319.615923
0.242908102,0.285748347,0.00150000001,504.666349,318.961603
0.241541389,0.286723202,0.00350000011,503.196849,318.506147
0.241160823,0.286914667,0.00150000001,508.580464,319.107848
0.240743304,0.292930104,0.00150000001,512.454706,319.616936
0.238782658,0.291302332,0.00350000011,512.68026,319.239429
0.239244264,0.292443907,0.00252984597,513.85203,319.600842
0.239923176,0.29282107,0.00164332083,512.666041,319.652459
0.241448002,0.285111099,0.00350000011,505.169482,318.423697
0.236553928,0.290949263,0.00258117532,512.723071,319.546947
0.237852931,0.291670939,0.00203132032,513.229688,319.603189
0.241006914,0.285408046,0.00350000011,503.654861,318.439257
0.237015191,0.291205529,0.00336789486,512.285875,319.48244
0.242094942,0.282634256,0.00350000011,516.913853,318.379284
0.239269652,0.285424572,0.00150000001,496.679003,319.047345
0.24164095,0.282207087,0.00350000011,514.131333,318.37048
0.238647749,0.285646631,0.00350000011,487.631516,318.512848
0.23747718,0.286651194,0.00350000011,495.649184,318.640723
0.241371107,0.282059854,0.00350000011,518.652926,318.359469
0.238195436,0.285400389,0.00350000011,489.848175,318.501793
0.236435817,0.286912146,0.00350000011,496.757444,318.718801
0.242589143,0.280574661,0.002575205,514.142453,318.503494
0.240920791,0.281616037,0.00350000011,531.597426,318.345733
0.233883258,0.288087043,0.00150000001,484.171275,319.386589
0.23506406,0.286602411,0.00350000011,481.45362,318.752075
0.241343782,0.280058035,0.00150000001,514.170099,318.603154
0.23782926,0.283269468,0.00150000001,486.384095,318.909615
0.233132391,0.287844829,0.00150000001,463.233884,319.380264
0.24107236,0.279732002,0.00324280622,519.53924,318.422774
0.235857634,0.284052961,0.00150000001,475.19821,318.988482
0.23350326,0.285097016,0.00150000001,460.021594,319.10624
0.233616884,0.284676151,0.00150000001,469.520753,319.044701
0.231040531,0.287886269,0.00176518506,447.104909,319.425587
0.230054914,0.287338706,0.00279495688,457.506476,319.339145
0.237463684,0.27938168,0.00150000001,521.279706,318.591233
0.232068914,0.285028789,0.00150000001,445.154131,319.130382
0.235303786,0.280357118,0.00350000011,499.099584,318.229519
0.232685916,0.282361814,0.00350000011,472.40784,318.328449
0.235450897,0.279559714,0.00350000011,522.206861,318.201023
0.228668899,0.286568707,0.00277579438,468.012206,319.300945
0.235438475,0.279030579,0.00350000011,520.70354,318.188433
0.229533799,0.284801806,0.00150000001,468.708321,319.150321
0.228937852,0.28481501,0.00150000001,472.417476,319.161495
0.228002151,0.286198287,0.00323005282,471.624885,319.225399
0.231357397,0.280870514,0.00350000011,496.851067,318.220667
0.227543195,0.285943308,0.00320716709,472.473926,319.208084
0.22731487,0.285643278,0.00150000001,472.849068,319.261101
0.230203352,0.279540966,0.00150000001,540.632544,318.663773
0.227708404,0.281715826,0.00150000001,497.76841,318.825398
0.228446706,0.279968414,0.00350000011,542.425999,318.150043
0.22576725,0.282531565,0.00150000001,473.777776,318.917299
0.225914742,0.28226684,0.00150000001,471.802889,318.886175
0.224423346,0.283344437,0.00150000001,474.001654,319.005628
0.225484739,0.282029968,0.00350000011,484.082163,318.430565
0.228576917,0.278269244,0.00350000011,582.375008,318.036369
0.232443884,0.274938406,0.00166891045,583.307351,318.173067
0.223967748,0.283091231,0.00150000001,473.75346,318.973417
0.227502334,0.278538775,0.00350000011,581.625931,318.043183
0.22966031,0.274086476,0.00150000001,611.561134,318.191237
0.22229608,0.281805137,0.00150000001,503.637684,318.811294
0.225398184,0.277916113,0.00150000001,608.868879,318.575366
0.229060953,0.273058995,0.00283378303,635.862651,317.901975
0.222528137,0.278995557,0.00350000011,613.62697,318.08014
0.224550107,0.276320503,0.00350000011,632.95081,317.91545
0.225892029,0.275286304,0.00150000001,631.061545,318.395036
0.225271083,0.27526272,0.00350000011,639.588195,317.873269
0.223800852,0.276155973,0.00150000001,639.403333,318.475796
0.223287206,0.27615614,0.00150000001,643.38165,318.478705
0.220741182,0.277994287,0.00150000001,633.364031,318.585197
0.218075642,0.283315923,0.00350000011,622.554544,318.527901
0.224201231,0.273553899,0.00350000011,654.395934,317.78995
0.223216233,0.274421657,0.00350000011,652.452852,317.829024
0.220121229,0.277990646,0.00350000011,640.508541,318.015435
0.225136563,0.272090411,0.00150000001,655.675008,318.070072
0.224178395,0.271771127,0.00350000011,660.354373,317.697646
0.223920217,0.271909627,0.00350000011,660.893591,317.704031
0.224847685,0.271363874,0.00350000011,661.140055,317.682129
0.218081382,0.276993923,0.00350000011,651.63788,317.984159
0.219677526,0.274955609,0.00350000011,657.861836,317.885779
0.222270088,0.271985072,0.00350000011,664.167853,317.711235
0.221683199,0.272296367,0.00350000011,663.475422,317.734513
0.223685062,0.270406579,0.00350000011,667.67395,317.610646
0.218881608,0.274795088,0.00350000011,659.344561,317.893826
0.212759073,0.281217443,0.00350000011,648.792273,318.206296
0.214012425,0.284534747,0.00150000001,654.337539,318.90133
0.212181405,0.280430465,0.00150000001,657.700243,318.722176
0.215170922,0.286657688,0.00283449101,644.341498,319.101755
0.216632652,0.275567928,0.00150000001,660.94618,318.445396
0.213482444,0.278405659,0.00150000001,654.79682,318.624851
0.218585303,0.272906207,0.00350000011,663.644181,317.831763
0.217412018,0.274121615,0.00350000011,662.51554,317.906232
0.2136823,0.285582424,0.00350000011,657.484463,318.614807
0.214716274,0.286910263,0.0031671067,659.013543,319.07647
0.214982686,0.276845908,0.00150000001,660.260268,318.528088
0.219995523,0.270350494,0.00318111526,664.916287,317.680432
0.213514094,0.286884963,0.00350000011,658.152933,318.827027
0.209494496,0.280411968,0.00150000001,660.63156,318.746313
0.212199752,0.285536233,0.00150000001,669.653425,318.949491
0.21574216,0.273987847,0.00150000001,661.994646,318.307951
0.210425143,0.28444534,0.00150000001,658.303992,318.89341
0.212988856,0.275872683,0.00350000011,662.06944,318.091231
0.208650153,0.283065223,0.00150000001,653.798239,318.868412
0.215431966,0.272785152,0.0029184615,662.420017,318.000126
0.209798618,0.278677942,0.00350000011,660.888344,318.212818
0.210534466,0.285763248,0.00150000001,672.4153,318.941239
0.209632312,0.285730266,0.00150000001,666.58089,318.966248
0.211769161,0.288547555,0.0033331351,664.817858,319.128505
0.206959172,0.284115443,0.00350000011,657.61739,318.358905
0.211116388,0.275182693,0.00177604894,663.020172,318.325398
0.210345181,0.288126722,0.00350000011,667.918776,318.818491
0.210040887,0.275953365,0.00150000001,661.931231,318.458191
0.204599069,0.280709597,0.00350000011,662.729441,318.381766
0.211076927,0.288932138,0.00316506692,676.639111,319.160818
0.208550675,0.287578072,0.00350000011,670.070196,318.64512
0.203636841,0.282814279,0.00350000011,660.10161,318.374207
0.210202212,0.289418074,0.00177497588,679.444588,319.252287
0.202455977,0.28121102,0.00350000011,663.285992,318.449544
0.206515395,0.286965597,0.00150000001,657.365469,319.029695
0.208668785,0.289404297,0.00350000011,680.79743,318.912632
0.205551035,0.285986183,0.00150000001,653.24248,318.991789
0.200335204,0.281172241,0.00215607902,663.6496,318.660464
0.205126772,0.288257507,0.00350000011,651.800871,318.596105
0.200439038,0.283457308,0.00350000011,655.229421,318.439713
0.204364356,0.287309872,0.00150000001,642.254665,319.038992
0.205112601,0.288821723,0.00150000001,646.868942,319.102817
0.202613354,0.287188298,0.00150000001,635.862676,319.009798
0.203180375,0.288204815,0.00350000011,645.061613,318.538758
0.200642223,0.286361641,0.00150000001,635.93422,318.937022
0.202822935,0.289199525,0.00150000001,645.899671,319.088164
0.198536383,0.284983106,0.00350000011,628.217124,318.437443
0.197165535,0.283104149,0.00150000001,628.03388,318.780035
0.199348188,0.287019891,0.00150000001,621.295802,318.924369
0.195893562,0.283639818,0.00206930327,590.972147,318.702413
0.194793597,0.284250912,0.00296577076,589.097329,318.65474
0.196656289,0.287042584,0.00150000001,584.90193,318.874551
0.197384667,0.288275239,0.00350000011,610.406443,318.398271
0.196286151,0.28722104,0.00350000011,595.143831,318.402359
0.195162881,0.285953373,0.00150000001,578.939336,318.845176
0.202075507,0.293585819,0.00150000001,673.571724,319.313999
0.196654879,0.288110571,0.00150000001,596.876881,318.879577
0.193514345,0.285654956,0.00150000001,606.982578,318.80976
0.201886966,0.294037663,0.0033676631,668.78098,319.247933
0.198290953,0.292257846,0.00350000011,653.291807,318.654229
0.200099106,0.29381662,0.00150000001,673.050657,319.244491
0.192522149,0.285512837,0.00163539623,616.43201,318.756634
0.198846714,0.294339571,0.00350000011,688.731945,318.905359
0.19169724,0.287702593,0.00150000001,620.302652,318.815741
0.191982894,0.289271517,0.00150000001,627.75409,318.813512
0.196148044,0.294272114,0.00150000001,696.770306,319.15414
0.191635506,0.289468951,0.00350000011,624.189831,318.33963
0.189989063,0.288133962,0.00350000011,620.625381,318.452992
0.196572668,0.295603064,0.00350000011,711.348225,318.917926
0.195214494,0.29531984,0.00350000011,714.506869,318.800726
0.189301904,0.289203356,0.00150000001,618.679426,318.776068
0.188933403,0.287506582,0.00163777384,619.276394,318.720428
0.194314641,0.295302954,0.00150000001,725.882963,319.168878
0.195659831,0.296630699,0.00150000001,723.942964,319.300026
0.193403086,0.294761874,0.00350000011,729.536095,318.621169
0.188140838,0.289162546,0.00350000011,617.690141,318.396211
0.192937797,0.295007955,0.00350000011,732.689067,318.63438
0.187399948,0.288358496,0.00317661532,613.837868,318.555327
0.189720922,0.291557036,0.00150000001,687.616503,318.79777
0.194581242,0.297400338,0.00350000011,742.585711,319.057447
0.194729897,0.297665636,0.00350000011,753.384979,319.118214
0.189021895,0.292337109,0.00350000011,726.135329,318.306116
0.192484085,0.296863879,0.00150000001,754.315886,319.267293
0.193828143,0.297653405,0.00150000001,757.459902,319.322558
0.188844169,0.293126116,0.00350000011,739.310377,318.349855
0.194119651,0.298180538,0.00150000001,751.051313,319.389096
0.191098488,0.296097593,0.00150000001,767.263411,319.174508
0.188545995,0.293581857,0.00150000001,754.388387,318.944385
0.187269998,0.292210081,0.00150000001,731.745369,318.815333
0.189890745,0.295009723,0.00350000011,764.441816,318.529494
0.192816429,0.299076848,0.00166691787,771.431696,319.444424
0.189129642,0.295957879,0.00150000001,778.034739,319.152554
0.186224602,0.29494016,0.00150000001,786.583472,319.048724
0.189293125,0.298534172,0.00350000011,794.162752,318.985538
0.186735876,0.296115541,0.00150000001,791.785428,319.159361
0.184931709,0.294501073,0.00150000001,785.513975,319.006511
0.187457932,0.298005225,0.00150000001,802.29706,319.337443
0.188923966,0.299864758,0.00150000001,803.422099,319.474111
0.183641522,0.294952611,0.00150000001,794.638754,319.063689
0.184973409,0.296595657,0.00150000001,801.757172,319.21485
0.181805037,0.292983509,0.00150000001,795.259126,318.931273
0.178543493,0.289982562,0.00150000001,809.395477,318.79795
0.185028263,0.297436428,0.00350000011,806.490484,318.794204
0.17905944,0.291324093,0.00350000011,802.779384,318.291998
0.18619014,0.298491725,0.00150000001,806.504347,319.385243
0.188875416,0.300897198,0.00150000001,817.154541,319.540027
0.178910015,0.291597492,0.00350000011,799.340909,318.311967
0.179313965,0.288191759,0.00350000011,790.097766,318.269418
0.181795848,0.28680061,0.00176922964,785.064214,318.605495
0.180553481,0.286110401,0.00241329353,803.314272,318.54185
0.179093478,0.292277836,0.00150000001,805.400177,318.926613
0.177659585,0.29100526,0.00150000001,801.601547,318.89382
0.176641422,0.290198293,0.00150000001,808.254275,318.857486
0.178099874,0.288206545,0.00350000011,809.560915,318.238577
0.176301864,0.289781769,0.00350000011,808.752712,318.258498
0.177057419,0.291461315,0.00350000011,804.151001,318.351402
0.183152726,0.297657622,0.00150000001,808.560017,319.342767
0.177113401,0.291512319,0.00150000001,804.01195,318.941955
0.178096696,0.292913863,0.00350000011,807.433811,318.45475
0.187004155,0.301910508,0.00273850892,821.3108,319.572303
0.17624491,0.290991206,0.00350000011,799.484074,318.340938
0.177936297,0.287425599,0.00350000011,805.841353,318.254782
0.179647574,0.285780507,0.00150000001,812.788579,318.641092
0.176000367,0.291516776,0.00150000001,812.731945,318.972344
0.176866253,0.292944197,0.00350000011,809.27265,318.502347
0.179171835,0.295279929,0.00350000011,811.943873,318.685362
0.176262333,0.293476781,0.00350000011,805.089826,318.604001
0.180894036,0.298123157,0.00350000011,810.292159,319.030189
0.183319488,0.300492797,0.00350000011,813.75726,319.297888
0.185177243,0.301935316,0.00335652099,815.827188,319.551378
0.176035607,0.293048224,0.00150000001,811.59697,319.09582
0.17765837,0.295288369,0.00350000011,809.184881,318.781677
0.179529672,0.296861194,0.00150000001,810.870644,319.339538
0.182517618,0.300269434,0.00150000001,813.548987,319.561839
0.184567118,0.301816021,0.00180589511,815.297372,319.643339
0.173507575,0.292469081,0.00350000011,809.659004,318.642059
0.17221859,0.288959662,0.00350000011,816.285171,318.319687
0.171632733,0.28993101,0.00350000011,806.060876,318.44491
0.173220756,0.293515462,0.00350000011,812.824334,318.805614
0.174425199,0.285638174,0.00350000011,817.800917,318.200382
0.16952899,0.290436627,0.00350000011,813.141341,318.611298
0.17530118,0.283538762,0.00350000011,831.924388,318.332661
0.172022239,0.286511042,0.00150000001,811.65856,318.758407
0.168462865,0.290186619,0.00350000011,814.871137,318.639699
0.170802416,0.286707285,0.00350000011,813.30982,318.220609
0.168150151,0.289670896,0.00350000011,813.150404,318.594256
0.168904901,0.288450864,0.00150000001,807.965873,318.96407
0.169571663,0.293044506,0.00350000011,815.653796,319.029514
0.17411225,0.282531938,0.00294323068,830.281664,318.421173
0.168583043,0.288376712,0.00350000011,812.44236,318.429033
0.174092743,0.282521102,0.00321872992,817.917574,318.408289
0.169633167,0.286803145,0.00150000001,812.359636,318.825083
0.172739102,0.283992527,0.00150000001,816.029501,318.630584
0.168623744,0.28759572,0.00150000001,805.608368,318.913009
0.170330447,0.285422933,0.00350000011,808.209828,318.185561
0.167672526,0.292681824,0.00178028726,816.874926,319.359065
0.171073325,0.284123653,0.00350000011,802.584809,318.16156
0.165692338,0.288141274,0.00350000011,806.690452,318.535898
0.164540063,0.290767999,0.00350000011,814.521598,319.059779
0.166525552,0.287406842,0.00150000001,805.632003,318.941272
0.166554217,0.286598164,0.00350000011,801.767996,318.33936
0.167311054,0.285797395,0.00150000001,799.808357,318.827431
0.166085809,0.285852633,0.00350000011,797.218425,318.288207
0.164920802,0.287369488,0.00350000011,804.440922,318.473237
0.164590545,0.287679697,0.00150000001,804.903438,319.008911
0.170577589,0.28126089,0.00350000011,823.124549,318.241246
0.171036917,0.281165556,0.00150000001,823.993865,318.507337
0.170430327,0.280486429,0.0029660553,824.719112,318.33973
0.165772724,0.285346814,0.00150000001,792.328727,318.814425
0.163790475,0.28660063,0.00150000001,795.679095,318.93639
0.161580453,0.289297333,0.00249268032,798.751251,319.176496
0.165604664,0.283683607,0.00350000011,787.307573,318.164166
0.167039862,0.282418999,0.00150000001,805.300484,318.613838
0.161594942,0.287406431,0.00350000011,770.957328,318.66572
0.161722625,0.286109942,0.00350000011,766.354765,318.462919
0.168614331,0.279477542,0.00296893091,834.926509,318.289729
0.163047495,0.284331673,0.00350000011,774.684676,318.209987
0.159495185,0.287965545,0.00350000011,756.816253,318.91893
0.160323807,0.285811453,0.00150000001,751.234399,318.918251
0.166763798,0.278449475,0.00247582586,824.661572,318.258715
0.164382212,0.281066911,0.00350000011,808.103185,318.055754
0.162882652,0.28208021,0.00350000011,787.951239,318.071346
0.158908242,0.287812778,0.00163251979,756.229203,319.134755
0.165898664,0.278834866,0.00150000001,834.147967,318.381884
0.166995043,0.278577935,0.00336784805,834.083181,318.21764
0.158111353,0.287196492,0.00350000011,762.607869,318.873381
0.162930526,0.281783747,0.00150000001,789.659129,318.586361
0.161643572,0.281083881,0.00350000011,809.663473,318.006184
0.160161786,0.282528741,0.00350000011,777.709556,318.075352
0.159844271,0.282918491,0.00150000001,768.966819,318.661232
0.156886638,0.286689663,0.00316648072,773.180429,318.971517
0.156993434,0.284844242,0.00150000001,777.719581,318.868515
0.163248268,0.27770613,0.00350000011,828.812231,317.99704
0.155737575,0.286051293,0.00333339811,776.176894,318.900689
0.160541912,0.27981136,0.00350000011,820.873618,317.944177
0.160032779,0.279696085,0.00150000001,835.937874,318.449982
0.159764568,0.279565408,0.00350000011,841.688518,317.918724
0.157799478,0.281162501,0.00150000001,807.24718,318.508463
0.160027333,0.278670263,0.00150000001,847.94214,318.392004
0.154357498,0.28528458,0.00233334028,776.555214,318.920642
0.16019689,0.278258037,0.00350000011,852.987151,317.904784
0.154267372,0.284370284,0.00150000001,776.466794,318.829652
0.15959428,0.278784828,0.00350000011,843.600008,317.894153
0.155286424,0.282530282,0.00150000001,779.019835,318.617741
0.159118383,0.278006259,0.00350000011,860.175433,317.872387
0.156203633,0.28095375,0.00350000011,823.242576,317.96657
0.155238858,0.28045274,0.00150000001,841.041083,318.442672
0.156383785,0.279291781,0.00350000011,863.723865,317.841646
0.156890823,0.277951685,0.00150000001,892.233092,318.31061
0.152580345,0.281007272,0.00350000011,830.508978,317.999068
0.158607772,0.275131408,0.00350000011,891.661221,317.829715
0.15830425,0.275135555,0.00350000011,894.647532,317.818234
0.159113075,0.274199071,0.00284045485,903.169042,317.913752
0.152579731,0.279979501,0.00350000011,872.890847,317.887414
0.150777225,0.281551269,0.00350000011,829.30297,318.07706
0.153669204,0.278353937,0.00150000001,901.923044,318.349753
0.157540302,0.273325306,0.00229447715,928.637384,317.885805
0.15205122,0.277258783,0.00350000011,929.018786,317.747363
0.149455577,0.280232481,0.00350000011,898.126763,317.913987
0.14986788,0.279955757,0.00150000001,904.822449,318.39038
0.149295964,0.283254886,0.00164760061,834.465673,318.619156
0.155033788,0.274368935,0.00150000001,934.67105,318.149272
0.151001818,0.27754773,0.00350000011,928.747543,317.75535
0.148832565,0.279218207,0.00350000011,921.399982,317.841935
0.146362833,0.281972474,0.00350000011,925.389668,318.061632
0.152032023,0.275451949,0.00350000011,945.114341,317.70826
0.147094694,0.282762469,0.00350000011,908.667905,318.203443
0.14773002,0.279753287,0.00350000011,932.330348,317.879192
0.151535234,0.275413904,0.00150000001,948.100143,318.242535
0.153710844,0.273033289,0.00150000001,948.924817,318.067118
0.147683703,0.284150589,0.00176333895,908.996831,318.676495
0.146764527,0.279398084,0.00350000011,934.871014,317.860759
0.153230923,0.272803295,0.00150000001,954.461514,318.05705
0.153704014,0.272068178,0.00150000001,956.56746,317.974823
0.154110791,0.271804855,0.00350000011,960.211206,317.666309
0.149511154,0.275430207,0.00150000001,953.876123,318.251494
0.147678261,0.277086359,0.00150000001,953.272566,318.305452
0.146619596,0.278574239,0.00150000001,943.758637,318.36274
0.146315239,0.278112194,0.00350000011,948.614936,317.810166
0.153384205,0.271016365,0.00316681245,965.157193,317.66027
0.147430978,0.276636486,0.00150000001,951.864064,318.297232
0.149261146,0.274375139,0.00350000011,958.885163,317.699398
0.147140097,0.276139366,0.00350000011,958.71066,317.753417
0.148236979,0.275301403,0.00150000001,957.486411,318.251372
0.142398739,0.282700427,0.00350000011,950.470389,318.086598
0.142149324,0.283224147,0.00350000011,954.353878,318.129666
0.145264797,0.285494422,0.00228483205,952.450272,318.741894
0.148793975,0.27317052,0.00350000011,963.861735,317.686914
0.141044922,0.281122453,0.00350000011,953.691217,317.98389
0.14309149,0.284181896,0.00350000011,949.370985,318.258697
0.144931914,0.285679358,0.0027742606,945.036128,318.753267
0.144904342,0.277174808,0.00150000001,958.83123,318.321191
0.143150162,0.279304793,0.00150000001,954.749597,318.391072
0.145059117,0.285608689,0.00228487953,935.034302,318.772304
0.147504185,0.274509608,0.00350000011,961.872886,317.730088
0.14147421,0.280127568,0.00350000011,956.335152,317.948553
0.1411044,0.283276349,0.00350000011,956.086056,318.111409
0.141652979,0.279927811,0.00150000001,954.344894,318.420167
0.151004208,0.270091896,0.00283403727,969.761893,317.612528
0.139598435,0.282469343,0.00350000011,956.832579,318.043437
0.141335114,0.279391386,0.00150000001,962.048882,318.410596
0.14031034,0.279577462,0.00350000011,959.88669,317.955841
0.138370008,0.281189616,0.00150000001,955.193636,318.496664
0.139412183,0.283133018,0.00150000001,961.947732,318.532067
0.138705266,0.280437788,0.00350000011,963.590773,317.993551
0.141796176,0.277517722,0.00150000001,963.642789,318.355064
0.137254763,0.282078248,0.00350000011,959.150392,318.042997
0.140415749,0.285544946,0.00350000011,952.746286,318.30063
0.144626977,0.274378404,0.00150000001,963.767376,318.207132
0.141646074,0.277252843,0.00150000001,963.012683,318.347389
0.139942544,0.279100474,0.00150000001,962.470197,318.423579
0.138028336,0.282876714,0.00150000001,957.075445,318.537667
0.141652959,0.276724339,0.00150000001,963.668465,318.326899
0.137465698,0.280103967,0.00150000001,958.148639,318.479243
0.144618436,0.272801531,0.00350000011,964.412767,317.822256
0.137454385,0.279747084,0.00350000011,962.002709,318.02898
0.137491904,0.284156448,0.00350000011,957.821374,318.109681
0.140917094,0.275831141,0.00350000011,963.284075,317.953768
0.140905475,0.275926005,0.00150000001,965.199717,318.298402
0.138429639,0.277538541,0.00350000011,964.94155,318.027187
0.139244447,0.286578481,0.00150000001,974.190189,318.690967
0.135134108,0.283018151,0.00150000001,959.333608,318.585562
0.137605374,0.277423306,0.00350000011,964.902878,318.07034
0.139223713,0.275123074,0.00180994508,964.969793,318.201419
0.132960684,0.282610408,0.00350000011,961.624017,318.101852
0.13530539,0.284984975,0.00350000011,954.363924,318.125042
0.137520338,0.276069395,0.00323306659,964.420847,318.173912
0.136997732,0.28714317,0.00350000011,964.2538,318.294202
0.134954029,0.277495121,0.00251541796,965.118757,318.299851
0.135527974,0.286059505,0.00350000011,963.141639,318.168225
0.134733489,0.277617647,0.00292399268,964.469747,318.282595
0.137119127,0.288634488,0.00150000001,964.163697,318.819078
0.134015278,0.285732591,0.00150000001,958.418929,318.661839
0.137113659,0.28915719,0.00150000001,984.75908,318.85195
0.13025265,0.282358928,0.00150000001,963.664251,318.577393
0.131483713,0.279423077,0.00321654051,966.318688,318.340715
0.133880334,0.286792906,0.00350000011,961.259096,318.190266
0.128983987,0.28306429,0.00350000011,960.5156,318.195237
0.133425675,0.287049726,0.00350000011,957.296295,318.208143
0.132961401,0.287822782,0.00350000011,955.943419,318.258427
0.129603806,0.284440692,0.00150000001,958.304932,318.613828
0.130072844,0.287125917,0.00350000011,941.800143,318.161167
0.133040106,0.289871886,0.00150000001,964.308423,318.815515
0.128220346,0.286625857,0.00150000001,941.082834,318.634678
0.12739861,0.286691186,0.00350000011,928.254972,318.113841
0.132039223,0.290940653,0.00350000011,958.641637,318.525423
0.127406776,0.287215686,0.00350000011,925.049687,318.112385
0.131589751,0.290674469,0.00350000011,955.231416,318.466715
0.133146866,0.292226599,0.00179482423,976.117492,318.990933
0.127108143,0.287237246,0.00350000011,918.877027,318.108428
0.12438068,0.285105466,0.00350000011,882.578224,318.234794
0.125451438,0.286134513,0.00150000001,890.808736,318.617846
0.126502777,0.287794935,0.00350000011,916.604853,318.093807
0.124348895,0.287204765,0.00350000011,894.854541,318.111765
0.127476951,0.290321305,0.00350000011,937.905295,318.235099
0.130863664,0.293495051,0.00205404536,970.305331,319.003382
0.124777536,0.288524924,0.00350000011,912.027229,318.076348
0.12149314,0.285320142,0.00350000011,917.706711,318.308291
0.122943166,0.289000326,0.00350000011,926.934908,318.043427
0.125909482,0.292431658,0.00350000011,965.432869,318.31051
0.126743787,0.293122051,0.00150000001,973.39041,318.862846
0.123106723,0.289761216,0.00150000001,930.908451,318.607151
0.122792948,0.289795645,0.00350000011,932.706215,318.026957
0.126565041,0.29335434,0.00150000001,974.091952,318.873172
0.124594552,0.291583041,0.00150000001,960.671029,318.719926
0.127729171,0.295236435,0.00176212032,982.624846,319.022307
0.126037175,0.294290326,0.00150000001,982.700131,318.908507
0.123308714,0.292146479,0.00350000011,981.900258,318.118806
0.124913537,0.294386192,0.00150000001,993.264479,318.880783
0.117971738,0.287103058,0.00350000011,923.609761,318.274604
0.120060005,0.290657493,0.00150000001,945.260349,318.528288
0.119287554,0.291581137,0.00350000011,987.214247,317.966902
0.120881535,0.29362146,0.00150000001,1028.37709,318.672841
0.116423536,0.29021394,0.00350000011,938.630835,318.00183
0.118209194,0.29179896,0.00350000011,1010.25229,317.955245
0.116958595,0.29076471,0.00150000001,973.465881,318.460105
0.117019545,0.291257492,0.00350000011,992.125885,317.965136
0.123146002,0.29778264,0.00333619491,1034.05446,318.939948
0.12048862,0.296845695,0.00350000011,1054.85199,318.506263
0.115868131,0.292550471,0.00150000001,1032.59256,318.534418
0.113921118,0.289092433,0.00227478051,918.298728,318.239023
0.11630012,0.293171387,0.00350000011,1050.48121,318.009966
0.121783864,0.298194815,0.00150000001,1063.07999,319.018018
0.113641588,0.288937131,0.00240837205,942.690032,318.22454
0.119990771,0.2976516,0.00150000001,1066.90285,318.971314
0.121208925,0.298686649,0.00350000011,1068.37783,318.856581
0.112478451,0.289157232,0.00150000001,1029.64667,318.374767
0.112443021,0.288271262,0.00274190811,1031.82724,318.217233
0.119383759,0.29867836,0.00150000001,1081.34431,319.027912
0.112624119,0.288371871,0.00204786173,1036.14234,318.271358
0.117074878,0.296581759,0.00350000011,1087.69226,318.34725
0.118942541,0.29841516,0.00150000001,1079.4274,319.014224
0.112511913,0.291753918,0.00150000001,1059.13159,318.486635
0.111601858,0.291266302,0.00150000001,1064.27019,318.476549
0.109773894,0.290246796,0.00350000011,1086.73185,317.9276
0.118620448,0.299439863,0.00150000001,1096.05792,319.070854
0.115531536,0.296585062,0.00350000011,1095.36401,318.324753
0.111403536,0.287867762,0.00150000001,1054.35114,318.341238
0.11094425,0.287611775,0.00350000011,1064.92223,318.127413
0.111045004,0.292595937,0.00150000001,1080.32552,318.555703
0.108266389,0.29026706,0.00350000011,1096.54818,317.919222
0.112442678,0.294458686,0.00350000011,1092.09195,318.105541
0.114002393,0.29629199,0.00350000011,1099.68753,318.279916
0.110433727,0.292494075,0.00150000001,1084.37992,318.552492
0.114970011,0.297434668,0.00150000001,1102.83145,318.937673
0.110613061,0.293441747,0.00150000001,1091.56535,318.615272
0.107499127,0.290557384,0.00150000001,1100.70188,318.458286
0.112218487,0.296102883,0.00350000011,1101.2749,318.268966
0.106634512,0.291026446,0.00350000011,1109.42149,317.921864
0.116621435,0.300248513,0.00150000001,1109.4141,319.131121
0.114169444,0.298819233,0.00150000001,1110.66646,319.060431
0.106125444,0.289743851,0.00150000001,1107.796,318.419143
0.110341664,0.295388431,0.00150000001,1105.94276,318.778463
0.116673945,0.301018308,0.00350000011,1117.04288,318.979857
0.114242978,0.299669211,0.00150000001,1112.89995,319.122084
0.105664186,0.288993041,0.00350000011,1115.94103,317.866302
0.109869177,0.295810703,0.00150000001,1107.52502,318.823259
0.10437148,0.290403488,0.00150000001,1108.51335,318.506018
0.11412527,0.300087971,0.00150000001,1114.08928,319.146328
0.112257538,0.298517499,0.00150000001,1111.94275,319.04409
0.107995692,0.294998401,0.00350000011,1102.71758,318.239048
0.108565943,0.295522582,0.00150000001,1106.97801,318.821872
0.106378142,0.287149052,0.00150000001,1096.18391,318.325854
0.109263668,0.296889601,0.00350000011,1111.6457,318.455551
0.110949054,0.298081695,0.00150000001,1110.93194,319.022937
0.102980888,0.289958967,0.00150000001,1116.89806,318.491646
0.106731506,0.294511081,0.00350000011,1109.58236,318.234635
0.112657432,0.301841191,0.00242330094,1117.38368,319.238057
0.110169385,0.298546706,0.00150000001,1111.61911,319.067465
0.104271188,0.287178922,0.00350000011,1105.76578,317.865572
0.105160585,0.286127456,0.00350000011,1116.54678,317.917137
0.107509881,0.296847816,0.00150000001,1110.98707,318.965636
0.100135767,0.290184281,0.00350000011,1112.52628,318.068203
0.103383227,0.294033931,0.00350000011,1107.86898,318.362219
0.107999724,0.298674776,0.00350000011,1111.74119,318.800513
0.109707275,0.300478901,0.00183333,1115.80485,319.195099
0.104308754,0.295062949,0.00150000001,1109.38062,318.888061
0.100686204,0.288689283,0.00150000001,1105.79541,318.47879
0.109080944,0.299962388,0.00150000001,1112.07338,319.173702
0.102288639,0.286412308,0.00350000011,1112.07676,317.820699
0.103401536,0.295075755,0.00150000001,1110.17012,318.908607
0.104576932,0.283901208,0.00233281401,1119.7912,318.165404
0.0994101184,0.291994284,0.00150000001,1115.02659,318.769053
0.0980427351,0.291750369,0.00350000011,1118.10656,318.374084
0.100015103,0.286694953,0.00350000011,1105.75752,317.8246
0.101282726,0.295105306,0.00350000011,1113.86671,318.679218
0.102824489,0.296655134,0.00183327868,1112.74507,319.048048
0.096927749,0.288916192,0.00350000011,1112.5218,318.084876
0.101447469,0.295890124,0.00283341336,1113.20226,318.969633
0.0961856809,0.289691817,0.00350000011,1115.04463,318.204057
0.101745264,0.284056513,0.00150000001,1103.38135,318.219704
0.101010421,0.282785221,0.00350000011,1115.85104,317.92611
0.0960866268,0.292564877,0.00350000011,1118.57878,318.650617
0.0947931933,0.288401026,0.00150000001,1111.7863,318.597527
0.100355832,0.283284713,0.00150000001,1117.17426,318.199727
0.0937918414,0.291289779,0.00350000011,1119.47141,318.597474
0.0987012243,0.284080661,0.00150000001,1120.61454,318.220463
0.0919559447,0.290270331,0.00350000011,1118.29168,318.546341
0.0943225966,0.287624322,0.00150000001,1107.70599,318.546907
0.0919382511,0.28922129,0.00350000011,1111.21397,318.365085
0.0998653732,0.281283679,0.00240259138,1115.54159,318.086947
0.0959050919,0.284921102,0.00350000011,1105.4907,317.803099
0.0958307396,0.284895396,0.00150000001,1102.06651,318.326348
0.100128439,0.281429825,0.0020364899,1126.82269,318.110594
0.096328164,0.283636692,0.00350000011,1104.57305,317.761281
0.0977389904,0.282005194,0.00150000001,1129.71511,318.130573
0.095567483,0.283384738,0.00350000011,1109.33653,317.74638
0.094628814,0.284856055,0.00150000001,1099.94433,318.343228
0.093188497,0.28530841,0.00350000011,1095.82418,317.86423
0.0911263641,0.286362546,0.00350000011,1086.3432,317.998286
0.0909544045,0.286117748,0.00150000001,1088.7942,318.441834
0.0915199253,0.28508287,0.00150000001,1089.93838,318.364155
0.0918996293,0.282906286,0.00350000011,1094.81576,317.722412
0.0886966953,0.286394635,0.00150000001,1064.18357,318.487614
0.0904818293,0.283776546,0.00350000011,1083.14452,317.766706
0.0876742135,0.288238314,0.00183327319,1065.5363,318.660785
0.0934856907,0.281525922,0.00150000001,1111.81,318.141911
0.0948091527,0.279687095,0.00150000001,1122.69998,318.063898
0.0954242805,0.278816404,0.00336982211,1134.38351,317.909376
0.0868867571,0.286415606,0.00350000011,1066.28362,318.177343
0.0886685237,0.284316374,0.00350000011,1082.4555,317.814665
0.0861339485,0.286689238,0.00350000011,1074.58246,318.262448
0.0858352866,0.287216695,0.00216645165,1076.97382,318.570629
0.0856838362,0.286959245,0.00350000011,1076.65874,318.356617
0.0898969992,0.280571704,0.00350000011,1109.47602,317.614302
0.0869882123,0.28355407,0.00350000011,1080.38443,317.753694
0.0844598129,0.286452541,0.00316663569,1082.84121,318.431888
0.0865195677,0.282787813,0.00350000011,1098.05227,317.675185
0.0851766585,0.284091652,0.00350000011,1084.18498,317.868336
0.0836715758,0.284631251,0.00350000011,1085.55395,318.011176
0.0871875798,0.281042018,0.00350000011,1111.4953,317.572272
0.0838189969,0.284368393,0.00350000011,1085.8235,317.960322
0.0840954644,0.283831765,0.00150000001,1085.62402,318.280811
0.0838057181,0.283325352,0.00350000011,1079.84659,317.784402
0.0902688192,0.275952261,0.00220011778,1166.38679,317.803808
0.0880213707,0.27695176,0.00350000011,1152.87736,317.523197
0.0891451925,0.275328017,0.00218967653,1182.48514,317.766262
0.0810569221,0.283869386,0.00150000001,1073.70428,318.257957
0.0846202122,0.279323025,0.00350000011,1162.4615,317.449765
0.0824390125,0.281011452,0.00350000011,1134.74361,317.500452
0.0805969433,0.283613522,0.00150000001,1074.21184,318.228153
0.0866552251,0.276708705,0.00350000011,1158.89154,317.486967
0.0820015223,0.280796924,0.00350000011,1134.57204,317.49642
0.0876790553,0.274859971,0.00350000011,1198.91369,317.579
0.0870697519,0.274867806,0.00350000011,1194.53448,317.544312
0.0844381737,0.277518912,0.00350000011,1178.36381,317.420174
0.0801270023,0.282309396,0.00150000001,1074.09442,318.098157
0.0828908976,0.277959398,0.00350000011,1193.94011,317.393285
0.0826756204,0.277748047,0.00350000011,1192.88766,317.387895
0.0821178236,0.278517217,0.00150000001,1190.56837,317.947238
0.0795283375,0.28073974,0.00150000001,1163.46031,317.958828
0.0813677836,0.277773929,0.00350000011,1207.38907,317.367632
0.081395354,0.27716735,0.00350000011,1212.48284,317.359937
0.0830287013,0.275962348,0.00150000001,1213.86936,317.885352
0.0819239918,0.276246468,0.00350000011,1219.74968,317.362736
0.0803284158,0.277768948,0.00350000011,1215.61131,317.351899
0.0813235576,0.276202818,0.00150000001,1222.654,317.893935
0.0848441779,0.27293857,0.00336622824,1233.43926,317.550919
0.0833273742,0.273829397,0.00150000001,1226.56026,317.79935
0.0763495541,0.282049168,0.00150000001,1180.4264,317.967142
0.0760935013,0.280480388,0.00150000001,1206.91624,317.909318
0.0760266885,0.283093679,0.00150000001,1190.4143,318.03188
0.074693073,0.281756479,0.00150000001,1220.79639,317.920484
0.0776409961,0.278044469,0.00150000001,1224.94397,317.892675
0.0761328666,0.279210372,0.00150000001,1221.46069,317.890754
0.0799938883,0.273022055,0.00150000001,1253.36945,317.789812
0.077680105,0.27480554,0.00350000011,1251.80601,317.323072
0.0719649736,0.283780997,0.00350000011,1245.73756,317.591715
0.0798987245,0.271944363,0.00350000011,1258.4604,317.368019
0.073435521,0.285399579,0.00213493846,1228.70925,318.17532
0.0746816233,0.275906942,0.00350000011,1252.34717,317.337419
0.06973962,0.280766939,0.00350000011,1251.91588,317.383122
0.0727137636,0.285626076,0.00350000011,1227.34449,317.970961
0.0720728723,0.278298095,0.00150000001,1246.53064,317.884949
0.0724115102,0.285968471,0.00206963184,1231.47473,318.196372
0.0700740896,0.279048257,0.00150000001,1248.19409,317.893282
0.0696162723,0.27931367,0.00150000001,1252.30564,317.891356
0.0712791732,0.285901677,0.00150000001,1237.37436,318.117722
0.0700814982,0.284821103,0.00150000001,1248.55285,318.008591
0.0772145647,0.270791453,0.00350000011,1261.87275,317.391539
0.0730631399,0.274634912,0.00350000011,1256.89987,317.403533
0.0675091204,0.282754746,0.00350000011,1254.73514,317.398122
0.0681359915,0.284001263,0.00150000001,1250.04219,317.952563
0.0656365042,0.282184417,0.00150000001,1258.93822,317.942104
0.0764876284,0.270201103,0.00320899856,1262.52458,317.44897
0.0657991644,0.28121894,0.00350000011,1259.93268,317.396859
0.0674527991,0.284277752,0.00350000011,1257.69076,317.458906
0.0764663629,0.270208014,0.00178758856,1261.94627,317.552109
0.0662300805,0.280090835,0.00150000001,1259.42067,317.922193
0.0702848332,0.275316533,0.00350000011,1255.9861,317.479319
0.0687505412,0.286621102,0.00350000011,1256.6337,317.763687
0.0682426794,0.286319933,0.00150000001,1265.84088,318.060896
0.0669788696,0.285042353,0.00350000011,1255.01804,317.495296
0.0684298778,0.276709017,0.00150000001,1257.66968,317.883204
0.0694869202,0.287593241,0.00163543841,1259.35851,318.230063
0.0677404195,0.286531161,0.00150000001,1263.85394,318.071863
0.0626026355,0.28308558,0.00150000001,1264.35845,317.945525
0.0670018364,0.275246339,0.00294532979,1258.6783,317.757452
0.0672099882,0.288166169,0.00350000011,1263.8492,317.883629
0.0633491996,0.279023914,0.00150000001,1264.9176,317.945279
0.0643731314,0.285824761,0.00150000001,1259.57244,317.97343
0.0642381998,0.286040437,0.00350000011,1268.78194,317.456889
0.0603903887,0.280946332,0.00150000001,1271.43462,317.957988
0.0621285402,0.284078988,0.00150000001,1263.47782,317.943236
0.0624749108,0.285033711,0.00350000011,1265.82378,317.391653
0.0629036263,0.27769719,0.00150000001,1263.62246,317.94725
0.0608401408,0.279533186,0.00150000001,1268.56924,317.972886
0.0580887575,0.28192634,0.00350000011,1272.44394,317.614562
0.0664812912,0.289263033,0.00180490845,1277.29147,318.210691
0.0598704531,0.279208217,0.00283238061,1270.78159,317.891531
0.058498887,0.2799702,0.00335626163,1271.86443,317.861393
0.0589269515,0.284532732,0.00350000011,1274.30809,317.417004
0.0574198906,0.280741729,0.00150000001,1272.94574,318.001456
0.0631324394,0.289723672,0.00150000001,1278.43862,318.072593
0.0604101954,0.288336289,0.00350000011,1276.75632,317.47855
0.0571759493,0.28523187,0.00150000001,1268.82611,317.907499
0.0564902119,0.286073813,0.00350000011,1273.26068,317.404479
0.0550917217,0.284637178,0.00150000001,1277.57314,317.936485
0.0535250982,0.283425995,0.00350000011,1279.50382,317.724572
0.0602143496,0.290472436,0.00150000001,1269.16559,317.990062
0.0604810614,0.291730473,0.00350000011,1289.98607,317.811266
0.0537175057,0.285395399,0.00150000001,1278.49951,317.930864
0.0579268241,0.290718872,0.00150000001,1279.9391,317.94494
0.0561402658,0.288693078,0.00150000001,1275.73166,317.870707
0.0518623646,0.283657155,0.00216728075,1278.77386,317.969454
0.0594080576,0.292500194,0.00350000011,1293.53787,317.839233
0.0519348348,0.283790102,0.00150000001,1278.54094,318.004327
0.0567337933,0.290370408,0.00350000011,1279.53419,317.448026
0.0535253489,0.287221742,0.00150000001,1275.79067,317.877746
0.0562547976,0.290973668,0.00150000001,1279.49066,317.910417
0.0525511412,0.28811361,0.00350000011,1277.6562,317.387149
0.0571309419,0.292726626,0.00350000011,1278.44169,317.661459
0.0491098612,0.285186332,0.00217790755,1267.15964,317.953404
0.0519131031,0.289126513,0.00350000011,1269.94036,317.361014
0.0572403672,0.29439688,0.00282446075,1304.58217,318.0851
0.057226254,0.294404725,0.00178088197,1293.30902,318.159313
0.0519002645,0.290172655,0.00350000011,1273.36797,317.343462
0.0501367383,0.289088359,0.00350000011,1269.80795,317.38997
0.0557336021,0.295060438,0.00350000011,1299.8464,317.926921
0.0483736941,0.288010424,0.00350000011,1262.31262,317.503426
0.054974883,0.294788307,0.00350000011,1299.37644,317.780188
0.0546863721,0.29581577,0.00289332687,1305.17254,318.070636
0.0530098297,0.294497956,0.00350000011,1304.40924,317.588166
0.0534475609,0.295121786,0.00150000001,1305.45951,317.986402
0.0487692036,0.290857169,0.00350000011,1279.37593,317.331981
0.0519600146,0.294066599,0.00150000001,1304.49616,317.904239
0.0461389603,0.28683683,0.00179775847,1265.40847,317.945471
0.0517975822,0.294478678,0.00350000011,1306.42255,317.53123
0.0512292637,0.293292786,0.00150000001,1298.48912,317.866914
0.0448444334,0.287556006,0.00284752445,1264.88056,317.856623
0.0455393283,0.287169949,0.00323036946,1265.61325,317.835896
0.04500196,0.287468486,0.00217464749,1265.17443,317.905053
0.0526792398,0.296064136,0.00350000011,1328.67001,317.760885
0.0522205765,0.296317897,0.00350000011,1334.11096,317.757767
0.0521693292,0.297214128,0.00203188532,1339.55712,318.090751
0.0489424487,0.294021576,0.00150000001,1312.59914,317.84687
0.0449516742,0.290792084,0.00350000011,1278.17259,317.398127
0.045678409,0.29359847,0.00350000011,1312.33772,317.328625
0.043013786,0.292081804,0.00350000011,1300.93644,317.360269
0.0412281385,0.288882154,0.00150000001,1295.48379,317.897056
0.0451600149,0.294661056,0.00150000001,1331.03174,317.857982
0.0434644385,0.293397874,0.00150000001,1320.24416,317.851971
0.0422629724,0.292872895,0.00350000011,1313.86757,317.350127
0.0491006418,0.29891895,0.00228260059,1368.27931,318.113701
0.0427184069,0.293124124,0.00150000001,1325.59368,317.853646
0.0479347027,0.298700931,0.00150000001,1385.26397,318.064054
0.0395428645,0.289159785,0.00350000011,1307.1465,317.550875
0.0430005717,0.294240528,0.00350000011,1330.30902,317.342662
0.0394094763,0.29153454,0.00350000011,1314.16329,317.400626
0.0403469086,0.292048638,0.00150000001,1316.35233,317.870882
0.0442260685,0.297296347,0.00150000001,1381.20599,317.97983
0.0440970487,0.297805316,0.00350000011,1392.59944,317.586399
0.037748592,0.288674115,0.00150000001,1301.5768,317.931076
0.0386491978,0.292339503,0.00350000011,1326.19028,317.389303
0.0465591502,0.300159074,0.00350000011,1409.28195,318.017915
0.0443908943,0.298587315,0.00150000001,1401.01551,318.069957
0.0398867235,0.294387435,0.00350000011,1344.8975,317.388321
0.0387737912,0.287343902,0.00180788412,1303.53654,317.911143
0.045284864,0.301038839,0.00203863333,1442.77496,318.227609
0.0382981758,0.293585651,0.00150000001,1342.19433,317.90597
0.0358779512,0.288678879,0.00350000011,1304.16155,317.490475
0.0434826913,0.299225236,0.00350000011,1420.42439,317.761749
0.0344996466,0.290264816,0.00150000001,1317.69901,317.915072
0.0361722641,0.288150734,0.00350000011,1294.20699,317.539539
0.0422575738,0.298935706,0.00150000001,1417.31216,318.100585
0.0427962091,0.299976261,0.00350000011,1434.21008,317.873315
0.0369088993,0.294665422,0.00350000011,1358.43731,317.473414
0.040693611,0.298383451,0.00150000001,1403.61279,318.072497
0.0354493091,0.287398152,0.00150000001,1294.28625,317.950853
0.035376562,0.286323352,0.00350000011,1294.45684,317.672552
0.0355345287,0.294466629,0.00350000011,1351.81726,317.51602
0.0320313411,0.291058177,0.00150000001,1347.62081,317.942714
0.0323307503,0.288738993,0.00150000001,1321.36415,317.913764
0.0340257002,0.293948371,0.00350000011,1348.40314,317.540966
0.0390754154,0.298993111,0.00150000001,1411.75343,318.160447
0.0372530962,0.297447333,0.00150000001,1388.74477,318.093833
0.0389388481,0.299297291,0.00350000011,1423.72961,317.861773
0.0409893018,0.301908148,0.00216370893,1444.29397,318.39472
0.035855602,0.296173324,0.00150000001,1372.93495,318.048842
0.0293425126,0.290013885,0.00150000001,1371.16567,317.974108
0.0329381935,0.294392841,0.00150000001,1351.73379,318.0505
0.0291910661,0.289753138,0.00150000001,1370.39026,317.974179
0.0309871941,0.292934329,0.00350000011,1361.31395,317.630224
0.0375868336,0.299546049,0.00150000001,1415.87682,318.259823
0.0371404269,0.299817589,0.00150000001,1415.69959,318.318527
0.0287110897,0.291704113,0.00350000011,1376.29402,317.674165
0.0322331698,0.295530852,0.00350000011,1364.3727,317.819904
0.0336083273,0.296297856,0.00350000011,1372.62188,317.794026
0.035001675,0.298107635,0.00350000011,1383.6424,317.97102
0.0369946129,0.300082979,0.00178565204,1415.05821,318.374383
0.0306560102,0.293642187,0.00150000001,1362.28699,318.092726
0.0292646831,0.292352088,0.00150000001,1371.21919,318.084828
0.02902643,0.292724651,0.00350000011,1376.79676,317.743883
0.0361036842,0.299588018,0.0020636423,1406.12434,318.358303
0.0303700158,0.294164784,0.00150000001,1365.75657,318.136823
0.026469292,0.290464355,0.00350000011,1402.68313,317.742745
0.0268912492,0.28865349,0.00350000011,1403.81438,317.565314
0.0260304933,0.290731925,0.00350000011,1412.95275,317.805009
0.0302293583,0.285369767,0.00150000001,1323.094,317.902018
0.0260370205,0.29124578,0.00350000011,1415.39183,317.849673
0.0307792901,0.296630021,0.00243080953,1387.03649,318.325455
0.0276508918,0.294200231,0.00150000001,1399.91592,318.297183
0.0313739434,0.283232885,0.00316723772,1288.54685,317.770677
0.0298874271,0.283797289,0.00150000001,1312.8038,317.889832
0.0311453043,0.283105866,0.00333437113,1288.4468,317.742449
0.0253700105,0.287181188,0.00350000011,1420.58733,317.57423
0.0243072907,0.288242711,0.00150000001,1444.19907,318.146453
0.0299999993,0.282352342,0.00319165883,1299.85878,317.679403
0.0244077987,0.29309031,0.00320492176,1443.38929,318.446967
0.0250757535,0.293461395,0.00336561646,1435.10732,318.395288
0.023096352,0.292361732,0.00236604217,1484.58082,318.542858
0.0258280762,0.285215107,0.00350000011,1407.11733,317.444585
0.0213132429,0.29137111,0.00249531758,1531.67584,318.626098
0.0202586323,0.290676277,0.00334631575,1539.17007,318.676708
0.0210978989,0.291247257,0.00337288534,1530.7266,318.607004
0.0212062134,0.288021825,0.00150000001,1472.7511,318.476054
0.0299999993,0.280497516,0.00179174892,1378.82902,317.855243
0.0293722075,0.279038531,0.00350000011,1402.93084,317.587748
0.0299999993,0.279721133,0.00284995683,1394.61932,317.776252
0.0237496949,0.284393262,0.00150000001,1436.83176,318.005425
0.0246033181,0.283023814,0.00350000011,1413.1958,317.439442
0.0236534121,0.283561336,0.00150000001,1429.39965,317.981787
0.020829604,0.285090773,0.00350000011,1466.44833,317.984651
0.0181318473,0.287215734,0.00233591485,1479.17685,318.889396
0.0208553957,0.28454915,0.00150000001,1461.65398,318.310795
0.0270928709,0.278141294,0.00150000001,1406.64994,317.893125
0.0272241661,0.277939216,0.00350000011,1406.16208,317.41435
0.0297169733,0.274318696,0.00150000001,1417.05805,317.923691
0.0278522594,0.274417724,0.00350000011,1413.07921,317.460308
0.0183014449,0.283821532,0.00150000001,1468.84645,318.652867
0.0269570683,0.275330983,0.00150000001,1414.66929,317.871564
0.0203957422,0.281159383,0.00350000011,1448.20514,317.823889
0.0203945607,0.280634023,0.00350000011,1447.9014,317.79294
0.029394208,0.272263935,0.00350000011,1419.49753,317.630031
0.0278801375,0.272282062,0.00350000011,1419.48449,317.450149
0.0179999992,0.282410961,0.00238823407,1463.1734,318.64023
0.0299999993,0.272004636,0.00333359459,1419.30226,317.788174
0.0298481318,0.270947894,0.00350000011,1418.30717,317.698596
0.0205664801,0.278441834,0.00150000001,1439.80615,318.099974
0.0241449167,0.274232837,0.00350000011,1420.25819,317.309024
0.0192026713,0.279065177,0.00350000011,1442.17141,317.950672
0.0299999993,0.27041735,0.00333253602,1417.53203,317.777287
0.0219213342,0.275880445,0.00350000011,1427.77011,317.419036
0.0236674076,0.273689193,0.00150000001,1418.90142,317.835438
0.0236852868,0.273203997,0.00350000011,1426.39099,317.30314
0.023658519,0.273177843,0.00150000001,1421.20189,317.824653
0.0274255408,0.268918258,0.00150000001,1414.98182,317.82982
0.0292428884,0.267337141,0.00150000001,1411.41783,317.8748
0.028477751,0.267535589,0.00350000011,1412.18297,317.484281
0.0213060064,0.274798578,0.00150000001,1414.07663,317.927281
0.0278654095,0.267535688,0.00350000011,1413.91748,317.409903
0.0186053832,0.27649724,0.00350000011,1446.48725,317.973232
0.0260143927,0.268060536,0.00350000011,1416.35447,317.287934
0.0274226518,0.266814981,0.00150000001,1416.01647,317.808311
0.0196362227,0.273887581,0.00350000011,1444.65656,317.660317
0.0283367851,0.265239935,0.00150000001,1410.71259,317.826218
0.0264795333,0.26622191,0.00350000011,1413.31523,317.292258
0.0210640606,0.271773049,0.00150000001,1423.01346,317.848069
0.0261718972,0.264648757,0.00350000011,1415.20895,317.251634
0.0299999993,0.263077731,0.00335730912,1410.17387,317.660151
0.0204277385,0.270057444,0.00150000001,1432.09001,317.842808
0.0247310592,0.26571333,0.00150000001,1423.83971,317.747226
0.026242353,0.264187336,0.00150000001,1413.91785,317.751607
0.0187576946,0.270920879,0.00350000011,1427.04646,317.778495
0.0190213789,0.270917885,0.00150000001,1422.12612,317.989879
0.0253603962,0.264184113,0.00150000001,1417.89944,317.732448
0.0247768826,0.264380355,0.00350000011,1427.47315,317.194311
0.0289413169,0.259986727,0.00150000001,1409.1031,317.708762
0.0250888163,0.263333875,0.00350000011,1424.55164,317.185282
0.0224482285,0.265679863,0.00350000011,1424.6187,317.261232
0.0204389551,0.268033741,0.00350000011,1431.80776,317.436035
0.024506326,0.26415491,0.00150000001,1421.53002,317.728946
0.0257814554,0.262876498,0.00150000001,1426.52283,317.721023
0.0252458351,0.262548686,0.00350000011,1423.90839,317.177266
0.0222316165,0.265590018,0.00150000001,1424.94185,317.756387
0.01815251,0.269005457,0.00150000001,1433.71579,318.069379
0.0222956386,0.263843544,0.00350000011,1433.32861,317.243869
0.0251019494,0.260709414,0.00350000011,1438.50458,317.13142
0.0288388129,0.257061679,0.00350000011,1429.06365,317.146051
0.025323934,0.260491595,0.00150000001,1430.8124,317.68743
0.0244342864,0.260472471,0.00150000001,1443.65584,317.688978
0.0183026186,0.26507744,0.00150000001,1457.9218,317.957664
0.0210136815,0.26193247,0.00150000001,1444.84354,317.736723
0.0199817069,0.262526168,0.00350000011,1448.93931,317.397061
0.0179999992,0.265141122,0.00335623043,1453.07932,317.903347
0.0196626168,0.26323836,0.00150000001,1447.9971,317.806852
0.0219262995,0.26037595,0.00150000001,1458.55317,317.725477
0.0179999992,0.264559517,0.0017965685,1459.93028,317.979662
0.0179999992,0.263553972,0.00205787917,1472.95036,317.940231
0.0190644957,0.260952278,0.00350000011,1478.60409,317.506741
0.0186057016,0.261399786,0.00150000001,1469.95586,317.854614
0.0201253474,0.25859761,0.00350000011,1491.46853,317.323611
0.0195157542,0.258255862,0.00150000001,1514.07666,317.751985
0.0181517682,0.259376251,0.00350000011,1513.54794,317.677353
0.0179999992,0.2569351,0.00163537105,1576.27996,317.871585
0.0181058878,0.0905805784,0.00291048196,8952.92104,308.170432
0.0183822024,0.0915808503,0.00163731769,8956.03826,308.237536
0.0201607343,0.0900823909,0.00150000001,8952.66088,307.744827
0.019772691,0.0920468269,0.00150000001,8957.64713,307.986398
0.0201578417,0.0917862575,0.00350000011,8952.34147,307.638875
0.020679183,0.0918526157,0.00350000011,8950.5197,307.538697
0.022808654,0.089448178,0.00350000011,8931.08235,306.863312
0.0238246958,0.0886565488,0.00150000001,8911.4581,307.156704
0.0233958557,0.0877363443,0.00350000011,8908.77728,306.625795
0.0248872438,0.0889968359,0.00350000011,8902.9447,306.560978
0.0267752486,0.0908099644,0.00350000011,8877.06186,306.571307
0.0271276313,0.0883667722,0.00150000001,8862.91788,306.965343
0.0288413454,0.0896673326,0.00150000001,8832.886,306.97916
0.0282125425,0.0904409489,0.00350000011,8853.91902,306.488295
0.029067338,0.08990879,0.00350000011,8831.91422,306.45912
0.0293908143,0.0909158717,0.00350000011,8832.33112,306.482621
0.0268790081,0.0934612505,0.00150000001,8893.03445,307.277308
0.0302258353,0.088858012,0.00350000011,8801.78348,306.484964
0.0311312027,0.0893732114,0.00150000001,8807.33929,306.940637
0.027969876,0.0932353149,0.00350000011,8871.2539,306.706363
0.0299485483,0.0915281119,0.00150000001,8833.49191,307.012879
0.0312990421,0.090151253,0.00350000011,8803.55811,306.482192
0.0261595194,0.0958312075,0.00150000001,8883.09233,307.556885
0.0316083429,0.0901524836,0.00150000001,8803.31778,306.954642
0.0315720552,0.0885770423,0.00150000001,8782.51715,306.940033
0.0251592003,0.0970077536,0.00163132634,8910.58455,307.904835
0.032493609,0.0896081141,0.00350000011,8781.20836,306.550139
0.0278541531,0.0950504024,0.00350000011,8870.13995,306.939522
0.0284117995,0.0950098786,0.00150000001,8866.76136,307.30375
0.0326683793,0.0909218539,0.00350000011,8788.78024,306.501474
0.0303254962,0.0865004302,0.00350000011,8760.53545,306.586416
0.0325219253,0.0873706485,0.0023325926,8776.83391,306.862778
0.0321351357,0.0919722883,0.00150000001,8815.19132,306.969424
0.0329885869,0.0876299041,0.00233286289,8777.14413,306.875866
0.034146863,0.088273392,0.0021663784,8778.49283,306.911635
0.0280383961,0.0968756076,0.00350000011,8864.50834,307.199273
0.028448513,0.0971039492,0.00150000001,8864.15845,307.500434
0.0329119203,0.0877605553,0.00350000011,8777.24796,306.728743
0.0298151787,0.0952752456,0.00350000011,8854.50172,306.80577
0.03069932,0.0947404331,0.00350000011,8838.263,306.687655
0.0325850162,0.0941579755,0.00350000011,8826.0767,306.544815
0.0294095462,0.0976370289,0.00350000011,8854.17924,307.18497
0.0369160888,0.0898118508,0.00216673494,8779.16444,306.928876
0.0373647458,0.0900611058,0.00316679573,8779.58216,306.859518
0.0295570823,0.0994510203,0.00183330037,8864.65918,307.837251
0.0368224824,0.0921668591,0.00150000001,8784.71041,306.971735
0.0380217928,0.0916337713,0.00150000001,8778.9527,306.980489
0.0353559387,0.0942796975,0.00350000011,8805.74333,306.509509
0.0342766375,0.0954641165,0.00350000011,8818.11581,306.579244
0.0371272998,0.0932102497,0.00350000011,8789.55401,306.522987
0.03048976,0.0999691758,0.00283291855,8867.81909,307.781231
0.0308003261,0.0999682424,0.00350000011,8858.1954,307.555047
0.0347561169,0.0970590313,0.00150000001,8828.75671,307.170958
0.0316793731,0.0999384517,0.00150000001,8862.94248,307.616012
0.0358804393,0.0955109243,0.00150000001,8812.06782,307.060513
0.0381930725,0.0934594784,0.00350000011,8790.61069,306.526797
0.0338970637,0.0980937978,0.00150000001,8836.99303,307.288989
0.0372000745,0.0952410227,0.00150000001,8806.66173,307.018754
0.0312560475,0.100221182,0.00350000011,8863.35734,307.547349
0.0385269212,0.0950234053,0.00350000011,8799.33968,306.494839
0.0404675065,0.0931768662,0.00350000011,8784.36457,306.566682
0.0338175896,0.100953633,0.00150000001,8863.04627,307.624527
0.0382056328,0.0966050388,0.00350000011,8822.28288,306.531921
0.0344226991,0.100944229,0.00150000001,8858.99682,307.576828
0.0413073763,0.0922514554,0.0016287713,8780.2646,306.912178
0.0381255026,0.0971319869,0.00350000011,8817.6816,306.567977
0.0348694768,0.100154499,0.00350000011,8852.60634,307.088344
0.0378194478,0.0985149898,0.00150000001,8840.0004,307.154968
0.041708645,0.0968632691,0.00350000011,8805.85415,306.488351
0.0445740488,0.0929422511,0.00350000011,8747.79618,306.565344
0.0438489326,0.0916090609,0.00182984616,8738.45091,306.928078
0.0404262819,0.098934668,0.00350000011,8837.38035,306.611466
0.0453128558,0.0942674036,0.00350000011,8759.74737,306.483616
0.0443776762,0.0958099405,0.00150000001,8777.78427,306.957977
0.0445383129,0.0912260733,0.00233203271,8739.01614,306.910161
0.0449027166,0.0913706001,0.00350000011,8742.39578,306.732375
0.0379119383,0.102707372,0.00150000001,8896.1878,307.608587
0.0430255901,0.0981692747,0.00350000011,8816.1175,306.531239
0.0457547699,0.0950617377,0.00350000011,8770.18038,306.467723
0.0464613427,0.0908510502,0.00150000001,8746.19951,306.992798
0.0401792661,0.101909051,0.00350000011,8887.06079,307.019863
0.045866193,0.0963549152,0.00350000011,8786.26926,306.472247
0.0468964903,0.0900894917,0.00350000011,8746.99846,306.803243
0.0504696325,0.0927704815,0.00350000011,8760.36961,306.466544
0.040922089,0.103682147,0.00350000011,8917.6476,307.333259
0.0459332503,0.0988244518,0.00350000011,8817.96479,306.616507
0.0491503915,0.0956420068,0.00350000011,8768.14969,306.485099
0.0416429522,0.103811691,0.00150000001,8917.86992,307.662037
0.0483228888,0.0972794825,0.00350000011,8794.43973,306.527579
0.0528276271,0.0942139318,0.00150000001,8762.01022,306.982727
0.0469549682,0.100156187,0.00350000011,8831.26606,306.807219
0.043110657,0.104734282,0.00350000011,8925.33328,307.516021
0.0535845021,0.0945136473,0.00150000001,8762.61767,307.005505
0.0463260579,0.101711439,0.00350000011,8860.12194,307.028679
0.0492307759,0.0988766249,0.00350000011,8809.67252,306.72093
0.0464577815,0.10250322,0.00350000011,8868.72321,307.167788
0.0510058504,0.0888464957,0.00350000011,8748.57665,306.707395
0.0519057492,0.0893871409,0.00350000011,8753.93462,306.612921
0.0550791535,0.0946001645,0.00150000001,8759.80201,307.052123
0.0558515737,0.0933689739,0.00150000001,8756.93391,307.019526
0.0523049822,0.0893456033,0.00150000001,8753.42434,306.983983
0.051107856,0.0882715517,0.00150000001,8749.05424,307.02252
0.0450724398,0.104311146,0.00350000011,8920.89434,307.449929
0.0526927164,0.097130893,0.00150000001,8775.21941,307.117966
0.0527569928,0.0896147404,0.00150000001,8751.55614,306.98166
0.0492064734,0.100455042,0.00350000011,8826.6819,306.945562
0.047956573,0.103054545,0.00216653434,8869.75388,307.627977
0.0487392689,0.101754134,0.00150000001,8847.98745,307.416757
0.0551541565,0.0911421645,0.00150000001,8758.5669,306.955533
0.0542641764,0.0901367939,0.00150000001,8754.99718,306.966512
0.0508478584,0.0877207705,0.00204459312,8750.49246,306.98993
0.0547125489,0.0903888281,0.00150000001,8758.60066,306.956202
0.0520324415,0.0877570968,0.00150000001,8758.94029,307.015643
0.0502499061,0.101780473,0.00183322033,8838.32302,307.546862
0.0508686998,0.10074505,0.00150000001,8819.56092,307.371601
0.0575986339,0.0939113015,0.00150000001,8758.08047,307.068678
0.052874958,0.0984125065,0.00350000011,8794.48531,306.870662
0.0540346909,0.0888959671,0.00350000011,8755.80664,306.569676
0.0549237167,0.0899541487,0.00350000011,8748.94916,306.489435
0.0566993634,0.0949226697,0.00150000001,8764.33778,307.107556
0.0580361478,0.0941788464,0.00150000001,8753.20634,307.096789
0.0570281374,0.0950703496,0.00350000011,8756.47579,306.727247
0.0545381456,0.0987043035,0.00350000011,8788.28125,307.10379
0.055118047,0.08759863,0.00350000011,8758.15222,306.612326
0.0569768085,0.0980433041,0.00208849561,8785.66622,307.466441
0.0585133917,0.0971896471,0.00252072466,8757.49839,307.459605
0.0597770513,0.0957970238,0.00150000001,8754.03972,307.332088
0.0594413294,0.0902424712,0.00150000001,8755.99311,306.976465
0.0570515596,0.0880761577,0.00150000001,8751.49205,306.971775
0.0606628788,0.0951289974,0.00350000011,8753.83498,307.05982
0.0619278451,0.0925275324,0.00350000011,8745.44983,306.745651
0.0611547134,0.0950296944,0.00150000001,8758.80247,307.326931
0.0560191581,0.0862344444,0.00150000001,8755.55503,306.996015
0.0547361143,0.0855606287,0.00164400115,8758.5349,307.002167
0.0569378004,0.0876271038,0.00350000011,8753.51464,306.543362
0.0581418702,0.0881755229,0.00350000011,8751.76319,306.478683
0.0559079428,0.0857762989,0.00350000011,8756.18023,306.730359
0.061268643,0.0896966765,0.00150000001,8747.25341,306.992421
0.0614120472,0.0881788953,0.00350000011,8744.11362,306.455108
0.0657038799,0.0928487987,0.00350000011,8750.99628,307.147191
0.0601475604,0.0858321634,0.00150000001,8748.03888,306.965917
0.0657972516,0.0908634218,0.00150000001,8742.91588,307.193485
0.0608036453,0.0853016637,0.00150000001,8748.9936,306.964681
0.0672310134,0.0906393623,0.00150000001,8740.31778,307.242593
0.0676590598,0.0921087223,0.00162459515,8740.52002,307.45361
0.0613860657,0.0848100462,0.00350000011,8745.08675,306.529633
0.0647484674,0.0883810362,0.00350000011,8734.47502,306.502362
0.060590952,0.0835304905,0.00150000001,8749.95133,306.973152
0.0636465814,0.0861921839,0.00350000011,8746.14773,306.437037
0.0665340128,0.0889344571,0.00350000011,8733.68325,306.586254
0.0652798437,0.0872184968,0.00150000001,8746.03463,307.005612
0.0665575655,0.0878894102,0.00350000011,8728.85683,306.513499
0.0623395036,0.0827235554,0.00350000011,8742.99218,306.623478
0.0683376884,0.088961125,0.00350000011,8730.2311,306.702275
0.0699089191,0.0897397024,0.00150000001,8736.37166,307.261398
0.0700000496,0.0888180158,0.00150000001,8733.25748,307.189103
0.0694052986,0.088199479,0.00350000011,8732.39315,306.660124
0.0690407761,0.0871821676,0.00150000001,8728.36163,307.072696
0.0695507187,0.0870282899,0.00150000001,8722.72635,307.069775
0.0712502282,0.0899394512,0.00150000001,8725.01658,307.354004
0.0650811893,0.0822366809,0.00350000011,8739.8398,306.523539
0.0674951509,0.0838771518,0.00150000001,8736.50863,306.969602
0.064350806,0.080912514,0.00350000011,8740.95132,306.651776
0.0719524669,0.087996335,0.00350000011,8710.42206,306.799516
0.0648928872,0.0806016807,0.00150000001,8739.48929,306.918437
0.0690857074,0.0847947127,0.00350000011,8727.43591,306.424572
0.0726616793,0.0881271414,0.00150000001,8711.81396,307.197433
0.0723800188,0.0870800305,0.00150000001,8713.67942,307.087665
0.0712518888,0.0856535378,0.00350000011,8715.32539,306.496099
0.0719643534,0.0852484103,0.00150000001,8723.35375,306.984648
0.0735856334,0.0888161801,0.00323222247,8709.38181,307.236575
0.0740157453,0.0884047446,0.00150000001,8706.8387,307.285309
0.0740564357,0.0863129954,0.00150000001,8690.61592,307.062284
0.0680682264,0.07989152,0.00150000001,8736.69943,306.887417
0.0755150958,0.0860138512,0.00350000011,8671.2319,306.701702
0.0714711646,0.0824260449,0.00350000011,8727.54514,306.37007
0.0710385289,0.0810446017,0.00350000011,8730.03881,306.375617
0.069848047,0.0794235015,0.00350000011,8736.72267,306.448967
0.0688429546,0.0785916582,0.00150000001,8736.03156,306.84635
0.0755508516,0.0839276081,0.00350000011,8689.76654,306.451793
0.0754630399,0.0834963265,0.00150000001,8695.61885,306.95551
0.0748404149,0.0826531144,0.00350000011,8710.10511,306.371043
0.0796520061,0.086066712,0.00150000001,8557.44114,307.202118
0.0788698137,0.0868469819,0.00231015918,8551.18631,307.264927
0.0808123252,0.0839312246,0.00150000001,8628.63199,307.01679
0.0780217286,0.0816158718,0.00350000011,8698.68298,306.358442
0.0767254967,0.0796901558,0.00150000001,8724.6763,306.889871
0.0818955176,0.0857546161,0.00150000001,8567.55259,307.170955
0.0727988895,0.0755257529,0.00183409762,8738.5757,306.622131
0.0751933928,0.0775513094,0.00350000011,8736.17281,306.335561
0.0734857084,0.0751441866,0.00166676065,8737.74415,306.614885
0.077249545,0.0784608539,0.00350000011,8730.33029,306.30889
0.0759817689,0.0774218021,0.00350000011,8735.07119,306.325089
0.0800713731,0.0810310102,0.00150000001,8693.99166,306.944499
0.0816701055,0.0823566261,0.00150000001,8664.14246,306.974504
0.0785021726,0.0789086989,0.00150000001,8723.26025,306.875482
0.0765400855,0.0762491424,0.00350000011,8739.57065,306.329071
0.0746223649,0.0745127106,0.00283412781,8739.28037,306.482715
0.0864053642,0.0846858976,0.00150000001,8583.6762,307.110546
0.0841698506,0.0880614399,0.00150000001,8555.99968,307.458491
0.0849119897,0.0877854742,0.00150000001,8556.17801,307.413674
0.0833635325,0.0893434939,0.0029322986,8554.48383,307.568123
0.087959864,0.0849493372,0.00150000001,8578.06789,307.149428
0.0841128373,0.0813198118,0.00350000011,8661.21172,306.408225
0.0855496994,0.0879225132,0.00350000011,8553.03054,306.999911
0.085781705,0.0824473629,0.00150000001,8639.39333,306.981166
0.0805415079,0.0771453539,0.00150000001,8725.72309,306.791568
0.0851650126,0.0814182634,0.00150000001,8647.56929,306.955129
0.0889073866,0.0864321662,0.00150000001,8565.61585,307.252737
0.0894536942,0.0858802809,0.00150000001,8564.24304,307.229569
0.0777670661,0.0735141874,0.00333343154,8744.88245,306.343022
0.0860317628,0.088862248,0.00350000011,8538.89195,307.153952
0.080721139,0.0758527764,0.00150000001,8733.67791,306.705167
0.0820565784,0.0773540888,0.00150000001,8716.06886,306.786995
0.0859770857,0.0811427818,0.00350000011,8642.57705,306.457375
0.0891603258,0.0841391109,0.00350000011,8582.7434,306.59494
0.0877375606,0.0875527717,0.00350000011,8541.03901,306.862317
0.0804651571,0.0753809035,0.00150000001,8736.94822,306.675543
0.0904061657,0.0859735344,0.00150000001,8560.55545,307.239503
0.0799611919,0.074504199,0.00350000011,8745.52773,306.321817
0.0846056247,0.0797522703,0.00350000011,8666.17668,306.410598
0.0863168305,0.0898160236,0.00350000011,8532.89442,307.315803
0.0808019355,0.0750388002,0.00150000001,8741.12065,306.64197
0.0869390413,0.0808753633,0.00150000001,8629.03497,306.932436
0.0877593195,0.081924329,0.00350000011,8616.01856,306.509781
0.0869307089,0.0803553356,0.00150000001,8632.14006,306.899907
0.0815395107,0.0747203348,0.00150000001,8746.23005,306.593697
0.0871811925,0.0905994758,0.00150000001,8526.54072,307.701889
0.0923495245,0.0854186527,0.00350000011,8577.09587,306.686535
0.0838047001,0.0758610815,0.00227457162,8726.56193,306.53254
0.0882845166,0.0811084706,0.00150000001,8620.79737,306.933785
0.0910197315,0.0836449738,0.00150000001,8583.21623,307.089764
0.0867907617,0.0912475094,0.0027218158,8531.83555,307.743107
0.0891817084,0.0810905012,0.00150000001,8617.50535,306.918624
0.0878665547,0.0795196683,0.00350000011,8644.08076,306.521524
0.0920267323,0.0833556817,0.00350000011,8595.38785,306.630293
0.0900804212,0.0810737143,0.00150000001,8615.14978,306.919451
0.0884660229,0.0784507045,0.00282844025,8658.52216,306.659565
0.0933019213,0.0874531661,0.00350000011,8568.80633,306.798125
0.0884469925,0.0784401323,0.00316215038,8661.14543,306.641158
0.0956814468,0.084881174,0.00350000011,8610.1808,306.709905
0.0918405703,0.0907796532,0.00150000001,8579.62986,307.636592
0.0918167721,0.0804852975,0.00350000011,8618.24046,306.713873
0.0960452759,0.0889970727,0.00350000011,8586.60847,306.863793
0.0910889586,0.0936353972,0.00296066528,8592.97635,307.903087
0.0974705393,0.0874025978,0.00150000001,8594.0727,307.272321
0.0958374208,0.0899621071,0.00150000001,8580.78056,307.510907
0.0987815227,0.0841815378,0.00336221936,8596.27458,306.981735
0.0949579064,0.0904507305,0.00350000011,8585.1216,307.023272
0.0995715676,0.0846204506,0.00163481017,8599.16011,307.127394
0.0948759881,0.0917666237,0.00150000001,8587.49072,307.684392
0.0992521075,0.0873720448,0.00150000001,8604.1263,307.246669
0.0993640009,0.0874414848,0.00350000011,8607.69174,306.796646
0.0931322202,0.0947705435,0.00249505857,8597.48572,308.008843
0.0973196741,0.0917117671,0.00150000001,8584.42293,307.610652
0.097713759,0.0924764728,0.00350000011,8590.55356,307.133996
0.0992323737,0.0910844134,0.00350000011,8588.69612,306.941505
0.0943010653,0.0954199029,0.00320735252,8596.86,307.975691
0.0945612122,0.0955644278,0.00282516601,8596.67209,308.030014
0.0976422848,0.0938257804,0.00150000001,8595.14705,307.783373
0.103375934,0.086733988,0.00336568122,8594.68308,307.100649
0.0960175936,0.0956808383,0.00150000001,8595.88206,308.020865
0.0959491993,0.0956409964,0.00350000011,8595.45543,307.73665
0.103778959,0.0883411815,0.00150000001,8592.79754,307.290002
0.10488865,0.0875743851,0.00228107978,8589.87488,307.184354
0.104365203,0.0876301577,0.00350000011,8596.44077,307.034324
0.105127316,0.0878802075,0.00350000011,8591.42688,307.07197
0.101720377,0.0927515038,0.00150000001,8586.09266,307.546333
0.105464206,0.0896237836,0.00150000001,8587.15104,307.308979
0.100550918,0.0956196019,0.00150000001,8593.7893,307.856598
0.101674719,0.094538215,0.00350000011,8583.53017,307.168519
0.100490995,0.0960974792,0.00350000011,8591.81982,307.465033
0.101300615,0.09534155,0.00150000001,8590.19968,307.80055
0.106671185,0.0885646831,0.0017806482,8577.79454,307.251411
0.100050452,0.0968853337,0.00350000011,8591.51704,307.62847
0.102287149,0.095047848,0.00350000011,8589.66313,307.200161
0.104111557,0.093592299,0.00150000001,8585.29314,307.535252
0.103202207,0.0945005339,0.00350000011,8586.00651,307.095686
0.102397891,0.0966193275,0.00150000001,8590.36705,307.890502
0.10373436,0.094729783,0.00150000001,8584.31917,307.645206
0.100071596,0.0984522092,0.00350000011,8591.17956,307.958104
0.104672117,0.095236202,0.00150000001,8591.77726,307.646526
0.107889327,0.0920033885,0.00350000011,8569.34911,306.950355
0.100849082,0.099057689,0.00335865782,8591.11622,308.103584
0.110005047,0.0904168294,0.00321801298,8572.02132,307.165567
0.105302459,0.0960575819,0.00350000011,8579.77459,307.16331
0.108410212,0.0940313561,0.00150000001,8580.01641,307.429026
0.109754576,0.0926991289,0.00150000001,8560.32398,307.356558
0.107654756,0.0967707886,0.00150000001,8584.06638,307.691219
0.109353023,0.0955638999,0.00150000001,8576.23331,307.523304
0.112325728,0.0923992587,0.00150000001,8497.03064,307.354874
0.111579827,0.0942281852,0.00150000001,8530.50176,307.43373
0.104745809,0.101222536,0.00237475575,8590.20046,308.266768
0.106518472,0.0994213828,0.00150000001,8590.91579,308.029102
0.111128785,0.0950068709,0.00150000001,8547.46615,307.478942
0.109902502,0.0968693855,0.00350000011,8571.76072,307.079647
0.105388545,0.101579612,0.00262386472,8589.29156,308.264611
0.112007575,0.0955075554,0.00150000001,8550.59248,307.490461
0.109518303,0.0976151991,0.00350000011,8574.72289,307.169092
0.107740744,0.099911978,0.00150000001,8588.28545,308.04352
0.11185406,0.0957444337,0.00150000001,8549.31693,307.517237
0.112724295,0.0958361183,0.00150000001,8546.9159,307.494861
0.106014314,0.101927262,0.00163758639,8590.08492,308.318703
0.111218078,0.0978238908,0.00150000001,8574.781,307.694123
0.11319261,0.0960336958,0.00150000001,8534.84633,307.524479
0.107822981,0.10118831,0.00350000011,8589.49591,307.795044
0.107439694,0.102016159,0.00150000001,8590.38193,308.260034
0.109846235,0.0999011812,0.00150000001,8588.83564,307.962718
0.110654398,0.0997034461,0.00150000001,8582.4745,307.923268
0.110960159,0.0991698273,0.00350000011,8580.73156,307.311542
0.114780382,0.0962241977,0.00150000001,8529.92825,307.546351
0.11738268,0.0933273677,0.00150000001,8423.5064,307.461723
0.115896925,0.0915823987,0.00294029754,8412.19241,307.281032
0.107781021,0.102908764,0.00273669843,8591.16899,308.304947
0.114617289,0.0968139077,0.00150000001,8550.21457,307.583218
0.108408545,0.10325739,0.00284749769,8590.92822,308.311384
0.113057928,0.0992085739,0.00350000011,8576.32457,307.27533
0.116998736,0.0953292353,0.00350000011,8491.20418,306.966481
0.116729869,0.0911196504,0.00299090845,8413.07434,307.321624
0.117739395,0.0917255728,0.00150000001,8413.1305,307.491596
0.11820613,0.0948078645,0.00350000011,8458.46415,306.965182
0.111743531,0.102026126,0.00350000011,8590.58862,307.715795
0.113498026,0.100740481,0.00350000011,8584.20079,307.469738
0.11999207,0.0948025418,0.00350000011,8456.53316,306.996257
0.119761797,0.0911649321,0.00350000011,8413.72366,307.147726
0.119170869,0.0906287621,0.00350000011,8412.86725,307.210279
0.120738907,0.0911298786,0.00150000001,8413.18821,307.54392
0.119391024,0.0967119533,0.00350000011,8511.77561,307.08275
0.118162635,0.0981896748,0.00350000011,8543.43239,307.194012
0.113008365,0.102789732,0.00350000011,8591.96831,307.801861
0.120365432,0.0897906091,0.00150000001,8412.34393,307.532672
0.119933396,0.0893399155,0.00216164895,8412.31434,307.443597
0.120357156,0.0973097393,0.00350000011,8518.21648,307.151446
0.121124804,0.0965561079,0.00350000011,8487.84316,307.120607
0.120144813,0.0892224599,0.00255500396,8412.19627,307.418783
0.11760854,0.10065155,0.00150000001,8566.09768,307.98329
0.120793058,0.0888623264,0.00217562442,8412.40114,307.449156
0.119341492,0.0985964097,0.00350000011,8532.67722,307.275957
0.123579344,0.0956147279,0.00350000011,8468.70654,307.166808
0.120836172,0.0986431893,0.00150000001,8526.16689,307.837674
0.125293876,0.0926994984,0.00150000001,8411.38623,307.647695
0.120372467,0.0988642063,0.00350000011,8535.73056,307.344042
0.119042885,0.100135483,0.00350000011,8549.94709,307.475712
0.114565146,0.104427719,0.00350000011,8593.06062,308.033679
0.123601753,0.0912188974,0.00350000011,8406.23457,307.069709
0.125872523,0.0934056642,0.00350000011,8425.50595,307.149543
0.113980284,0.105209728,0.00350000011,8595.90719,308.177346
0.121279571,0.0885920425,0.00320047973,8409.97467,307.383444
0.126031008,0.0929446098,0.00350000011,8417.68926,307.132712
0.115475964,0.104845228,0.00150000001,8597.29745,308.364743
0.125357947,0.0951017604,0.00350000011,8449.31485,307.237914
0.123219056,0.0894180026,0.00350000011,8395.9106,307.182682
0.119301153,0.101571172,0.00150000001,8553.83988,308.086749
0.127328788,0.093650948,0.00150000001,8419.44758,307.773218
0.127953053,0.0931559265,0.00150000001,8418.85906,307.769759
0.120653215,0.101460997,0.00350000011,8540.4401,307.754967
0.124583343,0.0892133949,0.00350000011,8380.88239,307.160671
0.122212415,0.100320837,0.00150000001,8522.97428,308.04122
0.12535257,0.0896016151,0.00150000001,8386.94553,307.595138
0.11945848,0.102985604,0.00350000011,8573.15142,307.955574
0.127007415,0.0953854529,0.00350000011,8436.76079,307.376112
0.128550057,0.0927389095,0.00350000011,8419.65882,307.220778
0.125868253,0.0969940312,0.00150000001,8464.61828,307.919506
0.126238708,0.0901234012,0.00150000001,8400.18413,307.608947
0.128846316,0.0917670142,0.00350000011,8415.7394,307.164027
0.123092185,0.101312539,0.00215681853,8527.58315,308.147114
0.130494814,0.0934198193,0.00150000001,8432.26494,307.817364
0.123991131,0.0870856184,0.00221939745,8386.12171,307.431536
0.126731848,0.0878044099,0.00150000001,8403.10542,307.580777
0.125276423,0.0863715679,0.0024181418,8405.72829,307.407301
0.131134642,0.0918821563,0.00150000001,8430.0118,307.764047
0.129663507,0.0898714573,0.00150000001,8424.7823,307.665727
0.132141212,0.094368673,0.00350000011,8444.15249,307.553116
0.130494966,0.0898990061,0.00150000001,8423.25625,307.681198
0.13196515,0.0951762696,0.00350000011,8450.31556,307.655073
0.127215495,0.0866744713,0.00350000011,8435.69301,307.200414
0.132264703,0.0955247033,0.00150000001,8451.24462,307.99158
0.132182152,0.0908283987,0.00350000011,8424.01773,307.191345
0.131188276,0.0968147124,0.00178843004,8454.80529,308.100234
0.131588263,0.0901510944,0.00150000001,8426.00031,307.699974
0.134566484,0.0949379267,0.00242724494,8459.33516,308.022096
0.128966536,0.0870759854,0.00150000001,8440.27877,307.576449
0.134789517,0.0948140193,0.00255381737,8459.2996,308.012716
0.135477239,0.0937384684,0.00150000001,8450.77858,307.940317
0.136092228,0.0932222477,0.00150000001,8461.49239,307.889655
0.127653537,0.0853831688,0.00350000011,8442.46095,307.268258
0.134317801,0.0950760856,0.0033656387,8448.01113,307.953029
0.130303355,0.0863379862,0.00150000001,8445.41906,307.563309
0.128838191,0.0852570739,0.00150000001,8447.62419,307.521637
0.136672791,0.093767758,0.00203155518,8448.62127,308.014085
0.129850544,0.0862118683,0.00350000011,8445.56856,307.13337
0.132862935,0.0892412158,0.00350000011,8434.88288,307.117632
0.130421009,0.0862200738,0.00350000011,8445.65898,307.116574
0.13118717,0.0863661478,0.00150000001,8444.95557,307.569882
0.130289323,0.08595863,0.00350000011,8446.19208,307.130355
0.137132784,0.0935122057,0.00176887376,8455.2516,308.00556
0.137459271,0.0931588337,0.00350000011,8454.32092,307.773469
0.12936818,0.0840983669,0.00294105012,8448.07101,307.344936
0.133393843,0.0872459172,0.00150000001,8439.45375,307.607725
0.137935237,0.0916741469,0.00150000001,8453.30452,307.827125
0.136315522,0.0900232353,0.00350000011,8447.09668,307.205706
0.131581647,0.0828686671,0.00165697042,8446.96928,307.397371
0.139781571,0.0901331613,0.00150000001,8462.66716,307.72699
0.136178223,0.0863479901,0.00350000011,8434.97346,307.012236
0.138875181,0.0887086288,0.00350000011,8439.9027,307.149806
0.140691376,0.0901493101,0.00150000001,8452.15225,307.765852
0.135898267,0.0853071336,0.00350000011,8443.26988,306.994903
0.1414441,0.0904240542,0.00150000001,8441.17969,307.833275
0.137107823,0.0853483342,0.00350000011,8439.55898,306.977274
0.141152256,0.0890178939,0.00350000011,8432.21943,307.276952
0.140590818,0.0877998155,0.00150000001,8431.8915,307.610778
0.142181603,0.0907073086,0.00178867065,8449.56967,307.894561
0.136369277,0.0840258291,0.00350000011,8444.60722,306.980177
0.138879625,0.0857472007,0.00150000001,8432.53036,307.515641
0.137125443,0.0843116906,0.00350000011,8443.21459,306.964013
0.138887502,0.0852541387,0.00150000001,8430.74069,307.497959
0.142635227,0.0904552957,0.0028425947,8446.01615,307.814799
0.1344222,0.0812905796,0.00176383828,8446.32089,307.304358
0.141649654,0.0875508393,0.00150000001,8434.91112,307.592661
0.143340155,0.0900636673,0.00164540622,8440.78394,307.871172
0.142545911,0.0880836757,0.00150000001,8434.62176,307.637168
0.143756728,0.0881011547,0.00150000001,8430.15532,307.648952
0.142124538,0.0862562071,0.00150000001,8438.93708,307.505493
0.143879349,0.0880290315,0.00350000011,8421.21015,307.292435
0.141789091,0.0853203976,0.00350000011,8441.06374,306.916712
0.142582914,0.0860050739,0.00150000001,8427.04896,307.49956
0.137355736,0.080352463,0.00150000001,8445.05339,307.310654
0.143807886,0.0849850509,0.00150000001,8427.75991,307.442151
0.145696466,0.0859818604,0.00350000011,8411.56304,307.061671
0.141844047,0.0820029744,0.00150000001,8440.95134,307.352253
0.147489475,0.0877584884,0.00239416059,8383.054,307.685056
0.13883512,0.0788389554,0.00283327377,8444.63669,307.06606
0.143654532,0.0831668675,0.00350000011,8439.44198,306.800765
0.145719543,0.084409329,0.00350000011,8416.56409,306.886483
0.144710491,0.0829913598,0.00150000001,8427.81902,307.368218
0.143200947,0.0812685898,0.00350000011,8439.01657,306.767964
0.148080266,0.0860451982,0.00350000011,8369.16409,307.156077
0.146335799,0.0833756274,0.00350000011,8411.63614,306.806881
0.149483492,0.0866507026,0.00203430224,8299.81093,307.621082
0.14398437,0.080465853,0.00150000001,8437.42256,307.283332
0.142327523,0.078630035,0.00150000001,8443.72911,307.192077
0.143220737,0.0796945507,0.00350000011,8442.22978,306.760703
0.14632665,0.0825417678,0.00350000011,8419.11286,306.757577
0.141883191,0.0778387399,0.00150000001,8444.39398,307.134251
0.146860543,0.0824872474,0.00350000011,8415.95633,306.754425
0.147980133,0.0836883297,0.00350000011,8395.30795,306.836524
0.149410164,0.0847822212,0.00150000001,8341.89877,307.470745
0.148829564,0.083726105,0.00150000001,8379.12838,307.395427
0.146858216,0.0810016764,0.00350000011,8427.64928,306.6968
0.151068245,0.0855605391,0.00350000011,8270.57401,307.134019
0.151671011,0.0855509524,0.00350000011,8272.98422,307.1297
0.149398956,0.0824927209,0.00350000011,8400.69789,306.750196
0.144019701,0.0768265999,0.00150000001,8443.80908,307.057527
0.153474448,0.0855265856,0.00150000001,8272.66783,307.557701
0.14764847,0.0796521025,0.00150000001,8436.93205,307.234825
0.151372438,0.0871262213,0.00183196023,8252.83406,307.74095
0.153036014,0.0863147802,0.00350000011,8253.86702,307.267415
0.151665587,0.0830421383,0.00150000001,8366.31195,307.365831
0.150471509,0.0816249439,0.00150000001,8403.86343,307.316277
0.14462296,0.0757906618,0.00350000011,8443.90622,306.73052
0.151003524,0.0810358803,0.00150000001,8408.164,307.294877
0.148727391,0.0784609576,0.00150000001,8438.85887,307.17859
0.153774819,0.0833964939,0.00350000011,8329.65564,306.81589
0.152597936,0.0876331959,0.00350000011,8253.67828,307.585762
0.155291406,0.0855089336,0.00350000011,8266.28385,307.070352
0.152852029,0.0823719212,0.00150000001,8375.16132,307.344666
0.154229068,0.0836717683,0.00350000011,8329.37282,306.837686
0.15438563,0.0834113918,0.00350000011,8335.40321,306.817328
0.148009378,0.076537649,0.00150000001,8444.31622,307.045582
0.155180095,0.0827745304,0.00150000001,8346.05651,307.360714
0.154818893,0.089040916,0.00166663501,8254.38581,307.990089
0.158018756,0.0865203748,0.00150000001,8257.70325,307.662475
0.150109019,0.0761841844,0.00150000001,8443.56275,307.009662
0.147082733,0.0742604091,0.00183322534,8445.81434,306.712688
0.155277898,0.0892959192,0.00166662873,8254.53103,308.014008
0.159352612,0.0857465112,0.00150000001,8257.64315,307.597617
0.159227075,0.0859929179,0.00350000011,8265.50636,307.072318
0.149189162,0.0735615602,0.00266776564,8448.01618,306.540874
0.156990293,0.0815313751,0.00350000011,8367.25719,306.729666
0.160093486,0.0850100935,0.00350000011,8261.5177,306.969657
0.157178468,0.0896594646,0.00150000001,8251.63004,308.016298
0.16118078,0.087249294,0.00150000001,8252.53648,307.70644
0.155538304,0.0782007196,0.00350000011,8404.88512,306.653485
0.161894175,0.0842248437,0.00150000001,8278.02733,307.496725
0.160637217,0.0830211355,0.00350000011,8309.3205,306.874264
0.158101981,0.0906912313,0.00350000011,8239.72456,307.895291
0.161532693,0.0872549245,0.00350000011,8239.50352,307.149955
0.159480421,0.0811725659,0.00150000001,8336.13952,307.287144
0.16357476,0.0859897268,0.00150000001,8253.74832,307.612777
0.156747195,0.0776200634,0.00350000011,8393.99595,306.679332
0.164137771,0.0849632788,0.00150000001,8263.28323,307.542065
0.159166907,0.0796304095,0.00150000001,8362.69091,307.158466
0.157359233,0.0781079147,0.00150000001,8387.28928,307.067533
0.155665972,0.0757840088,0.00316675629,8424.85504,306.665815
0.164202951,0.0863331269,0.00350000011,8260.4131,307.058239
0.162605697,0.0890451159,0.00150000001,8253.08586,307.84973
0.159783905,0.0914527323,0.00150000001,8235.65882,308.145587
0.164405477,0.0834003724,0.00150000001,8291.35394,307.418756
0.161851558,0.0806020778,0.00150000001,8338.65454,307.203116
0.162620898,0.0895691757,0.00150000001,8254.06007,307.898008
0.161848271,0.0800834215,0.00150000001,8347.92188,307.166605
0.158637947,0.0774351061,0.00166685814,8384.38351,306.907877
0.162172366,0.0903679916,0.00350000011,8245.48257,307.54917
0.165749567,0.0836331249,0.00150000001,8291.24859,307.406773
0.161954459,0.0801436433,0.00350000011,8330.89966,306.881582
0.162034993,0.0911503967,0.00350000011,8253.31771,307.6826
0.161244291,0.0790560181,0.00150000001,8347.72645,307.08913
0.160707791,0.0785850197,0.00320874759,8357.74684,306.885593
0.1667244,0.0872674144,0.00150000001,8264.20865,307.659358
0.163782568,0.0806397887,0.00350000011,8326.43942,306.955615
0.167321117,0.0839884053,0.00350000011,8282.09086,307.043381
0.161228912,0.0926020371,0.00333324794,8255.968,308.120216
0.168618344,0.0848855348,0.00150000001,8306.15449,307.443337
0.167707834,0.0843779036,0.00150000001,8284.56714,307.439546
0.163137848,0.0924484624,0.00150000001,8279.01689,308.164974
0.166686594,0.0893512839,0.00350000011,8272.94678,307.231273
0.168514799,0.0829222467,0.00321587191,8294.76379,307.191464
0.170223288,0.0862885218,0.00350000011,8308.01345,307.103207
0.171117115,0.0847137181,0.00350000011,8307.16336,307.195197
0.171722172,0.0847041202,0.003230435,8302.65645,307.275518
0.165138538,0.0947740529,0.00216654406,8289.33658,308.320087
0.171432817,0.0883742047,0.00350000011,8287.10514,307.123219
0.165450728,0.0947740937,0.00150000001,8290.06177,308.315334
0.173186941,0.0874269048,0.00150000001,8298.7978,307.534382
0.167711458,0.0962034508,0.00233932803,8291.72064,308.355994
0.168024145,0.0960284894,0.00350000011,8291.60923,308.088833
0.172433598,0.0922953035,0.00350000011,8281.92643,307.284135
0.169555773,0.0965314447,0.00350000011,8291.6648,308.022811
0.174812026,0.0913251341,0.00350000011,8287.98845,307.167033
0.177077195,0.0895542433,0.00350000011,8291.93769,307.196729
0.177733766,0.0889317649,0.00150000001,8281.68253,307.56659
0.175405702,0.0929245799,0.00150000001,8286.33301,307.764247
0.171725434,0.0965206159,0.00150000001,8291.15701,308.235045
0.175401831,0.0931268027,0.00350000011,8291.08469,307.209775
0.173993116,0.0949573747,0.00350000011,8285.20621,307.453688
0.178479777,0.0908934322,0.00350000011,8284.59072,307.193016
0.175348862,0.0942997553,0.00150000001,8286.68582,307.875537
0.174198059,0.096181873,0.00350000011,8290.6217,307.581803
0.18038773,0.0903122502,0.00150000001,8272.4118,307.57705
0.175537996,0.0961819717,0.00150000001,8289.56611,308.026762
0.174496535,0.0969896682,0.00350000011,8288.37306,307.675114
0.177265255,0.0946353441,0.00350000011,8279.5212,307.257159
0.18018217,0.0911414973,0.00350000011,8276.82401,307.232917
0.175866039,0.0967028117,0.00150000001,8285.88576,308.060985
0.17306677,0.0991786255,0.00256348256,8291.12529,308.380966
0.176327033,0.0959703132,0.00350000011,8288.56522,307.420397
0.177541017,0.0955484494,0.00350000011,8285.40596,307.310832
0.179898868,0.0927377651,0.00350000011,8276.49675,307.18339
0.18153792,0.0903309943,0.00350000011,8259.98052,307.348936
0.175898236,0.0977630994,0.00150000001,8288.09693,308.162456
0.179131099,0.0938781265,0.00150000001,8266.51329,307.726386
0.175365471,0.0996099529,0.00350000011,8290.0824,308.02634
0.179346997,0.0967854661,0.00150000001,8276.61193,307.923913
0.176997015,0.0996086907,0.00150000001,8289.81479,308.277911
0.181140179,0.095115226,0.00150000001,8269.21538,307.758253
0.175835934,0.100368656,0.00350000011,8288.73477,308.14081
0.182245434,0.0945227842,0.00350000011,8262.86048,307.172922
0.176295905,0.100621253,0.00350000011,8290.61345,308.139079
0.181227088,0.0953514238,0.00350000011,8274.11803,307.203734
0.181849603,0.0963255312,0.00350000011,8264.79351,307.250366
0.184038946,0.0939670315,0.00350000011,8214.47347,307.199325
0.182702815,0.0961137739,0.00150000001,8265.74288,307.793829
0.178732668,0.101115848,0.00350000011,8288.1911,307.995971
0.185866798,0.0925622216,0.00271132347,8030.66248,307.377062
0.184076564,0.0960471222,0.00350000011,8248.20793,307.214487
0.184999185,0.0954907992,0.00150000001,8242.64147,307.715859
0.18138178,0.0991342417,0.00350000011,8282.86097,307.539478
0.183155337,0.0978009696,0.00350000011,8272.32851,307.337686
0.180537627,0.101102757,0.00350000011,8289.20386,307.859422
0.180638945,0.101728469,0.00150000001,8288.97383,308.340272
0.188416745,0.0937161101,0.00150000001,8128.11772,307.68455
0.185210912,0.096633995,0.00350000011,8252.16012,307.237438
0.181874388,0.10235538,0.00350000011,8289.48916,307.975733
0.183484089,0.10096557,0.00350000011,8284.98242,307.695084
0.187055026,0.0974030917,0.00350000011,8252.07566,307.26863
0.189271256,0.0957657991,0.00150000001,8199.44435,307.756309
0.189764064,0.0950581835,0.00350000011,8176.23386,307.188
0.188279186,0.0913700342,0.0028378031,8111.36725,307.523204
0.18911003,0.0961900423,0.00150000001,8217.95303,307.766671
0.188899976,0.0913715397,0.00350000011,8111.73858,307.41489
0.181706289,0.103978356,0.00183374167,8291.00997,308.471515
0.19033773,0.0961482829,0.00150000001,8203.80475,307.804439
0.19219328,0.0934869986,0.00350000011,8129.1184,307.225422
0.182616513,0.104484038,0.0021672178,8290.53822,308.46385
0.186471307,0.10095614,0.00150000001,8282.18188,308.174883
0.187003173,0.100056555,0.00150000001,8274.80415,308.092679
0.189948624,0.0969011233,0.00150000001,8220.59315,307.850242
0.184571908,0.102380387,0.00350000011,8288.73314,307.861311
0.182430704,0.10425471,0.00350000011,8290.97976,308.27164
0.186742684,0.101125238,0.00350000011,8279.24108,307.659382
0.189974237,0.0906014217,0.00350000011,8111.7394,307.46938
0.190359359,0.0902143815,0.00266670902,8111.77901,307.58983
0.19268139,0.0916807413,0.00350000011,8113.81285,307.304387
0.194053619,0.0930182443,0.00150000001,8116.85113,307.772941
0.193872534,0.0927239016,0.00350000011,8117.91114,307.257782
0.189367838,0.100272383,0.00350000011,8262.19294,307.594069
0.190622783,0.0984645318,0.00350000011,8238.12348,307.408056
0.193793896,0.0957501415,0.00350000011,8169.96094,307.309921
0.194926393,0.0929914618,0.00350000011,8118.11226,307.264141
0.189897893,0.100526789,0.00150000001,8261.28102,308.153559
0.188524134,0.101873922,0.00350000011,8278.81006,307.780338
0.193453337,0.0909110612,0.00350000011,8114.41591,307.340303
0.185474414,0.105470301,0.00216638886,8294.83174,308.442578
0.187914811,0.103236697,0.00150000001,8285.2654,308.348534
0.18659622,0.104373428,0.00350000011,8291.7853,308.097186
0.1929592,0.0985204401,0.00350000011,8218.52,307.516393
0.194223167,0.0965038852,0.00350000011,8178.16627,307.37634
0.19388354,0.0979801385,0.00150000001,8210.87666,308.008266
0.188215275,0.103176626,0.00350000011,8282.89311,307.94621
0.189769874,0.10205804,0.00350000011,8269.41143,307.839205
0.196208134,0.0914797097,0.00150000001,8096.75547,307.801254
0.196315513,0.0917144167,0.00350000011,8105.76752,307.286523
0.193801795,0.0883019142,0.00216664736,8105.34753,307.635658
0.194031086,0.0881745318,0.00266677293,8102.51653,307.602386
0.188691335,0.104856478,0.00233325859,8296.52592,308.331245
0.191558006,0.10191365,0.00150000001,8256.39668,308.255654
0.196196217,0.0972252755,0.00150000001,8175.09635,308.066659
0.188208783,0.105069428,0.00333315421,8295.74233,308.263827
0.197691008,0.0914709209,0.00350000011,8103.12844,307.301503
0.196181048,0.0982750776,0.00150000001,8184.63412,308.125095
0.199909593,0.093119577,0.00150000001,8120.81065,307.981897
0.194106183,0.0883061378,0.00150000001,8102.93241,307.715758
0.192746809,0.101391925,0.00350000011,8247.91934,307.881145
0.197264092,0.0896577776,0.00150000001,8079.8687,307.807572
0.19797869,0.0972892116,0.00350000011,8174.15481,307.678917
0.197969983,0.0978110486,0.00350000011,8179.58328,307.735733
0.19467633,0.101543571,0.00166654743,8236.727,308.285789
0.200167568,0.0962397447,0.00150000001,8148.34386,308.110876
0.200192118,0.091808102,0.00150000001,8120.70755,307.931941
0.194887081,0.101426487,0.00316651105,8230.83889,308.175871
0.196274851,0.100655503,0.00283337809,8218.56908,308.202184
0.195481329,0.0875419311,0.00350000011,8080.16063,307.493748
0.197471113,0.0999909158,0.00234236365,8194.90844,308.219516
0.198772627,0.0980529538,0.00150000001,8176.01811,308.165838
0.20295001,0.0931526121,0.00150000001,8127.19926,308.02517
0.196324741,0.0869002791,0.00333348513,8085.33252,307.53597
0.203452172,0.0952833789,0.00350000011,8147.36464,307.804145
0.202578979,0.0916175925,0.00350000011,8126.59166,307.427256
0.203255842,0.096777175,0.00207016751,8157.46358,308.21911
0.204284564,0.0949936314,0.00150000001,8155.99234,308.133202
0.202947164,0.0905998593,0.00150000001,8120.15854,307.936028
0.204473121,0.0910426,0.00150000001,8133.31204,307.956562
0.206719662,0.0945057007,0.00150000001,8150.23137,308.177855
0.20286527,0.0896643961,0.00150000001,8133.59191,307.894198
0.201230525,0.0876245413,0.00350000011,8140.60778,307.314049
0.206916378,0.0940521072,0.00350000011,8151.40304,307.889953
0.20730715,0.0945264479,0.00198550662,8157.71489,308.207123
0.205591402,0.091694355,0.00350000011,8132.09588,307.501064
0.202644777,0.0882028192,0.00150000001,8137.87331,307.835926
0.200869079,0.0866145824,0.00150000001,8144.24477,307.754091
0.202952827,0.0871891292,0.00150000001,8143.55903,307.797394
0.199929069,0.0848978753,0.00218030451,8148.2876,307.562265
0.200360754,0.0846580514,0.00214378014,8149.01383,307.557006
0.204483469,0.0886523186,0.00350000011,8134.07495,307.319435
0.205771889,0.089382612,0.00350000011,8139.92202,307.352727
0.208707236,0.0925378898,0.00350000011,8150.80699,307.783166
0.207984391,0.0901864466,0.00350000011,8148.71398,307.451607
0.204901426,0.0848986172,0.00150000001,8147.70664,307.703936
0.211901577,0.0919739899,0.00176385872,8155.69714,308.141156
0.203273443,0.0832128818,0.00350000011,8148.45037,307.380368
0.212089333,0.0906597286,0.00150000001,8145.95805,308.024768
0.212694445,0.0906691581,0.00150000001,8158.80918,308.016873
0.205804639,0.0835357555,0.00350000011,8147.18099,307.259071
0.212431706,0.0902938836,0.00350000011,8153.37976,307.662104
0.210948317,0.0880350685,0.00150000001,8146.01707,307.825689
0.209381793,0.0865723206,0.00150000001,8138.32695,307.773454
0.209789286,0.0870642087,0.00350000011,8137.04753,307.245993
0.208460535,0.0851758473,0.00350000011,8143.23567,307.198635
0.213634319,0.0891138189,0.00150000001,8134.77556,307.938796
0.20879682,0.0839317415,0.00150000001,8144.79067,307.661201
0.208073302,0.0826189172,0.00150000001,8147.16368,307.585646
0.211184724,0.0834442057,0.00150000001,8144.64768,307.630638
0.210723687,0.0828735581,0.00350000011,8142.77953,307.10485
0.21472072,0.0869417372,0.00350000011,8142.94855,307.321467
0.21472505,0.0864191218,0.00350000011,8140.27657,307.270233
0.213170408,0.0842000845,0.00150000001,8140.15559,307.643194
0.209900734,0.0810864996,0.00150000001,8145.3402,307.492629
0.213881223,0.0843666845,0.00350000011,8135.06528,307.116665
0.209606326,0.0795216203,0.00178616861,8145.58673,307.287897
0.213455215,0.0824588427,0.00350000011,8139.48705,307.035013
0.217328938,0.0854958962,0.00150000001,8117.93377,307.700809
0.219117862,0.0870980107,0.00150000001,8103.97339,307.840882
0.21764143,0.0849768871,0.00150000001,8116.55771,307.675543
0.219565731,0.0873693689,0.00150000001,8098.28975,307.868708
0.220105257,0.087416389,0.00204514355,8075.21385,307.879461
0.217375252,0.0834001105,0.00150000001,8124.76621,307.587888
0.218125743,0.0831389211,0.00150000001,8116.54464,307.581187
0.220877147,0.0869875599,0.0016495953,8049.09996,307.878171
0.218614441,0.0824013481,0.00150000001,8121.50152,307.5499
0.216512214,0.0801647564,0.00150000001,8138.2302,307.429821
0.222108062,0.0861567454,0.00350000011,7914.9,307.5026
0.223186464,0.0840435192,0.00350000011,8043.32457,307.157983
0.216648579,0.0769703957,0.00350000011,8144.46457,306.814354
0.215590215,0.0761972364,0.00296867771,8144.85317,306.870183
0.220172379,0.080413873,0.00350000011,8128.90104,306.864855
0.217824873,0.0777568725,0.00350000011,8144.31035,306.801201
0.225452558,0.0845097535,0.00350000011,8002.8278,307.176277
0.225477048,0.0865646036,0.00150000001,7949.59365,307.894468
0.216242151,0.0758350508,0.00336999527,8144.97082,306.812851
0.225879019,0.0842342106,0.00350000011,8015.00406,307.126413
0.224438058,0.087371118,0.00350000011,7949.63434,307.719342
0.227116683,0.0852401899,0.00350000011,7976.46427,307.242446
0.222531237,0.080103913,0.00150000001,8123.70425,307.411454
0.217208272,0.0754707101,0.00350000011,8145.61493,306.747507
0.225505328,0.087618452,0.00350000011,7949.67988,307.713543
0.222778273,0.0796528272,0.00150000001,8124.9203,307.379272
0.218552956,0.075452837,0.00150000001,8146.0426,306.982021
0.22590875,0.0885352818,0.00233233445,7949.69735,308.078042
0.22080671,0.0767388814,0.00150000001,8144.1243,307.143382
0.223025638,0.0792041424,0.00150000001,8128.49735,307.346735
0.223501202,0.0792683861,0.00350000011,8122.61482,306.78587
0.224751837,0.0806757447,0.00350000011,8103.41997,306.861568
0.227694214,0.0828195315,0.00350000011,8049.97987,306.981133
0.229341757,0.087058294,0.00150000001,7948.77859,307.921533
0.230324822,0.0860210509,0.00350000011,7947.17491,307.272934
0.222267783,0.0762239761,0.00150000001,8143.56719,307.077336
0.225879447,0.0793346601,0.00150000001,8112.87263,307.322636
0.226026703,0.0793950247,0.00350000011,8108.53515,306.800987
0.231237066,0.0860187497,0.00350000011,7944.6965,307.25585
0.221606164,0.0746465832,0.00350000011,8146.70452,306.55807
0.231692891,0.0862745926,0.00350000011,7954.42687,307.274319
0.223965184,0.0762619598,0.00150000001,8139.9055,307.060323
0.231561944,0.0835644469,0.00150000001,8010.99962,307.591978
0.231845417,0.0865337986,0.00350000011,7943.04598,307.303537
0.227506985,0.0794588804,0.00150000001,8096.51658,307.311349
0.232047476,0.0835362226,0.00350000011,7991.22109,307.054304
0.223005627,0.0735922224,0.00216656812,8151.13741,306.533587
0.232820685,0.0866999287,0.00150000001,7937.24949,307.829899
0.231268785,0.0880785866,0.00350000011,7925.33847,307.524105
0.23037142,0.0812689465,0.00150000001,8046.75496,307.424166
0.22939157,0.0901229996,0.00150000001,7941.8114,308.209146
0.223090696,0.0743189932,0.00350000011,8148.00711,306.515642
0.225280699,0.076160133,0.00350000011,8134.09992,306.641273
0.232753408,0.0870531627,0.00350000011,7935.42593,307.334725
0.230665882,0.0807372833,0.00150000001,8045.40879,307.384719
0.23213363,0.0825594226,0.00150000001,8017.39756,307.517971
0.230810658,0.0814814733,0.00350000011,8033.40611,306.946754
0.23525166,0.0848046919,0.00350000011,7968.14809,307.145479
0.225736626,0.0749952772,0.00150000001,8143.43281,306.838748
0.226520841,0.0751478241,0.00266669097,8143.8577,306.65147
0.231092651,0.0804436464,0.00350000011,8046.28419,306.916597
0.235699895,0.0845470967,0.00350000011,7961.52744,307.136088
0.235031546,0.086998558,0.00350000011,7951.85011,307.27793
0.236168303,0.0858328894,0.00350000011,7956.55138,307.198265
0.232239002,0.0812289054,0.00150000001,8024.20494,307.40754
0.235389256,0.0843079795,0.00150000001,7971.6827,307.629437
0.225126811,0.0745326813,0.00350000011,8147.30203,306.547136
0.235233195,0.0837746029,0.00350000011,7978.61459,307.10083
0.229372623,0.0775936865,0.00150000001,8098.46467,307.082518
0.236968646,0.085891838,0.00150000001,7957.68321,307.727298
0.237332024,0.0850841674,0.00150000001,7975.58289,307.654762
0.231660322,0.09136492,0.00150000001,7927.73627,308.272421
0.229205817,0.0768105379,0.00350000011,8108.29863,306.766332
0.232612164,0.0798911608,0.00150000001,8048.02347,307.258548
0.23384574,0.0895948097,0.00150000001,7935.59574,308.074136
0.237056595,0.0842804588,0.00350000011,7975.64434,307.134735
0.238193759,0.0850390124,0.00150000001,7974.84337,307.63722
0.237653718,0.0837534355,0.00350000011,7995.80104,307.12932
0.235829279,0.08854976,0.00350000011,7954.95183,307.39608
0.234323352,0.0794825529,0.00233324885,8047.98217,307.058585
0.234552648,0.0796099384,0.00316675821,8043.14225,307.033704
0.238406929,0.0834819539,0.00350000011,7996.87269,307.142554
0.239519119,0.0863278188,0.00350000011,7988.16805,307.204697
0.239961388,0.0866132184,0.00150000001,7985.18843,307.702363
0.23512068,0.0914052414,0.00350000011,7971.02242,307.793214
0.241770779,0.085003049,0.00350000011,7993.1209,307.235082
0.242670798,0.08446613,0.00350000011,8003.57509,307.263669
0.240420531,0.0900844246,0.00150000001,7977.30307,307.952624
0.236239287,0.0942744685,0.00323327548,7987.50783,308.300606
0.244383861,0.0878633195,0.00150000001,7990.99242,307.69509
0.242109411,0.0897847133,0.00150000001,7982.64938,307.878045
0.243662757,0.0891564642,0.00350000011,7991.67942,307.268099
0.243062126,0.0896713722,0.00350000011,7984.05897,307.305066
0.244870691,0.0902368033,0.00150000001,7980.06104,307.819184
0.243194005,0.0921824924,0.00150000001,7987.68961,307.987832
0.246697213,0.0886060357,0.00350000011,7976.45971,307.287966
0.242582322,0.093256725,0.00150000001,7988.21794,308.094806
0.246243635,0.0904760501,0.00150000001,7988.17809,307.792399
0.244672548,0.092202819,0.00350000011,7984.75242,307.385997
0.240804611,0.0964638458,0.00150000001,7990.94964,308.399636
0.244752655,0.0931282534,0.00350000011,7989.89211,307.449057
0.246252724,0.0920832381,0.00150000001,7986.02951,307.873279
0.241864758,0.0967054312,0.00150000001,7990.69345,308.376128
0.241874939,0.0972318257,0.00150000001,7991.27907,308.4173
0.248100685,0.0920123543,0.00150000001,7980.76101,307.805137
0.243080782,0.0972074103,0.00150000001,7989.73055,308.36296
0.246962792,0.0929594474,0.00350000011,7989.95519,307.338468
0.243267951,0.09731392,0.00350000011,7991.60332,308.068727
0.244619763,0.0965161762,0.00350000011,7988.43476,307.829213
0.245482183,0.0961032933,0.00150000001,7985.82821,308.189521
0.246384487,0.0960886307,0.00150000001,7987.97543,308.14895
0.244449003,0.0979680796,0.00150000001,7989.52536,308.363473
0.249493233,0.0938345643,0.00150000001,7978.96066,307.873038
0.248181816,0.0955542087,0.00150000001,7984.70855,308.027489
0.254018139,0.0905975546,0.00150000001,7953.88086,307.635861
0.248475606,0.0971023106,0.00150000001,7987.87315,308.143495
0.252390518,0.0935269797,0.00350000011,7968.9823,307.282268
0.254634287,0.0911136263,0.00150000001,7952.3467,307.647976
0.249188424,0.0974938615,0.00350000011,7985.00398,307.631453
0.248450574,0.0982902915,0.00350000011,7988.06156,307.779254
0.254066268,0.093761699,0.00350000011,7954.66349,307.281357
0.250091386,0.0974727261,0.00350000011,7984.91178,307.574897
0.250105733,0.0979928259,0.00350000011,7984.59182,307.632217
0.252354312,0.096127343,0.00150000001,7973.58819,307.939455
0.256023213,0.0924075936,0.00350000011,7908.67321,307.374435
0.25603007,0.0929248698,0.00150000001,7907.19911,307.72362
0.256399713,0.0917471986,0.00333048103,7912.19891,307.490145
0.248635687,0.101161354,0.00299281898,7987.55445,308.338837
0.250437297,0.0999099511,0.00150000001,7988.35686,308.282159
0.248956806,0.101165755,0.00350000011,7987.26872,308.185807
0.257894787,0.0925778013,0.0028053755,7803.33083,307.491247
0.258290439,0.092474889,0.00163728666,7745.41485,307.626768
0.252723069,0.0995667658,0.00150000001,7984.80068,308.193241
0.252208251,0.100419223,0.00150000001,7986.44438,308.267098
0.258607786,0.0931682328,0.00350000011,7809.2218,307.354201
0.252270204,0.0998874765,0.00150000001,7984.45803,308.230056
0.259209647,0.0936996193,0.00350000011,7832.41399,307.323927
0.256660927,0.0975301214,0.00150000001,7958.03738,307.970583
0.257213335,0.0969715781,0.00350000011,7950.2846,307.343347
0.256964198,0.0979883303,0.00350000011,7961.0467,307.397631
0.253080622,0.102412169,0.00350000011,7987.87662,308.013763
0.253596692,0.102089228,0.00150000001,7988.20844,308.329411
0.255459289,0.100103225,0.00150000001,7983.34987,308.164762
0.258237188,0.0978152664,0.00150000001,7958.12764,307.983521
0.252931382,0.102678388,0.00350000011,7988.71183,308.061373
0.263118925,0.0932600171,0.00350000011,7810.56328,307.329744
0.253888813,0.103767037,0.00150000001,7989.41311,308.39642
0.264600356,0.0932839864,0.00350000011,7820.2663,307.318524
0.258494335,0.0997715635,0.00150000001,7971.90101,308.120374
0.256332564,0.102818617,0.00350000011,7988.18329,307.897734
0.259238942,0.100491345,0.00150000001,7971.53856,308.157631
0.264583242,0.0948377212,0.00350000011,7850.87668,307.31472
0.265836742,0.0942915218,0.00150000001,7822.90119,307.858655
0.263802792,0.0901118234,0.00350000011,7800.89682,307.485503
0.263705168,0.0976022062,0.00150000001,7918.81079,307.966762
0.25767497,0.103512678,0.00350000011,7989.45391,307.941374
0.262099292,0.098890912,0.00350000011,7945.48964,307.489432
0.257867773,0.104255708,0.00150000001,7990.16399,308.354503
0.265578981,0.096775204,0.00350000011,7885.28513,307.41784
0.262265889,0.0999575165,0.00150000001,7953.44218,308.113357
0.267302926,0.0956464408,0.00150000001,7861.7234,307.961711
0.264416309,0.0989698008,0.00150000001,7919.93071,308.068529
0.267011724,0.0960572513,0.00350000011,7859.19052,307.44663
0.259598872,0.103835475,0.00150000001,7987.53228,308.317499
0.265780975,0.0883134854,0.00216734578,7791.34481,307.625353
0.267387524,0.0902004366,0.00150000001,7771.08305,307.806627
0.268594374,0.0950836799,0.00350000011,7832.68081,307.462733
0.269606562,0.0948118384,0.00150000001,7824.2383,308.018643
0.26431964,0.0999245193,0.00350000011,7937.5651,307.664538
0.265692412,0.098634126,0.00350000011,7909.17758,307.594732
0.267124552,0.0968265413,0.00350000011,7873.76605,307.503589
0.269280003,0.0951419977,0.00350000011,7837.02521,307.49906
0.270537029,0.093353271,0.00350000011,7808.63944,307.437171
0.261830815,0.102839335,0.00150000001,7973.66231,308.256599
0.263857587,0.100701399,0.00350000011,7941.72324,307.737089
0.271345731,0.0936189532,0.00350000011,7808.24087,307.485823
0.268535411,0.0966794014,0.00150000001,7856.75429,308.060981
0.271482213,0.0937964419,0.00150000001,7812.13532,308.032394
0.270403899,0.0949882038,0.00350000011,7832.30161,307.540305
0.270059364,0.0961637631,0.00150000001,7846.66942,308.089903
0.271466074,0.0943325684,0.00150000001,7817.77938,308.055898
0.271982146,0.0930258643,0.00150000001,7803.29705,308.014356
0.272055793,0.0929590091,0.00350000011,7813.94088,307.46226
0.26550054,0.100990142,0.00350000011,7924.43921,307.844632
0.271228076,0.0950267475,0.00350000011,7825.272,307.585272
0.265192329,0.10150759,0.00350000011,7941.82082,307.887352
0.266869464,0.0997088373,0.00350000011,7902.44439,307.777565
0.269331383,0.0891638265,0.00350000011,7761.45984,307.390025
0.267122862,0.100602309,0.00150000001,7909.82889,308.175855
0.270630393,0.0898026123,0.00350000011,7790.65146,307.356823
0.267183777,0.101261652,0.00215911525,7913.57121,308.18048
0.273764122,0.0941537362,0.00150000001,7822.47283,308.088809
0.270514747,0.0889578905,0.00150000001,7789.89791,307.820308
0.275039145,0.0937602614,0.00350000011,7820.24002,307.636026
0.268751319,0.0866632876,0.00266339409,7789.27075,307.54207
0.271560846,0.0894825085,0.00350000011,7799.4818,307.344773
0.276052784,0.0934020341,0.00150000001,7832.06202,308.08157
0.274605829,0.0921988107,0.00350000011,7818.32301,307.495775
0.274027983,0.0957275417,0.00150000001,7838.04398,308.137771
0.272524433,0.098294629,0.00295254229,7853.60868,308.142982
0.275938118,0.094718838,0.00350000011,7835.12694,307.773003
0.2735474,0.0970322011,0.00150000001,7846.15734,308.184298
0.276095685,0.0918156407,0.00150000001,7825.26261,308.031862
0.274171145,0.0970073983,0.00350000011,7860.31009,307.961889
0.277856961,0.0939521582,0.00150000001,7843.79239,308.132789
0.277401856,0.0942136512,0.00350000011,7839.44826,307.803925
0.270954473,0.0854393155,0.00266599174,7834.83067,307.489046
0.272238164,0.0866239734,0.00350000011,7833.44392,307.351801
0.276392224,0.0961458508,0.00266614245,7857.65825,308.169415
0.278646771,0.0948933263,0.00233167143,7838.31159,308.178854
0.279480113,0.0932193713,0.00350000011,7840.51692,307.796846
0.280324567,0.0939612202,0.00208370735,7843.06548,308.182315
0.280148488,0.0937038611,0.00150000001,7844.53669,308.175393
0.279715595,0.0913533602,0.00150000001,7838.20482,308.062516
0.281568806,0.0923982172,0.00150000001,7856.32922,308.135914
0.275986767,0.0869819194,0.00350000011,7833.98088,307.278231
0.281141535,0.091241864,0.00150000001,7844.54797,308.072187
0.276502512,0.0864396163,0.00150000001,7840.03595,307.785667
0.280029971,0.0899867112,0.00150000001,7828.51211,308.008679
0.278753425,0.0881847848,0.00150000001,7830.33943,307.913612
0.281415203,0.0909362691,0.00350000011,7840.75815,307.595506
0.275416128,0.084347274,0.00350000011,7838.73355,307.269507
0.274553429,0.0834398995,0.00165215853,7839.52143,307.467999
0.278395403,0.0862263033,0.00150000001,7833.79673,307.801577
0.279718608,0.0864012659,0.00150000001,7830.31023,307.821557
0.276165732,0.0825441702,0.00216210612,7839.91134,307.346481
0.282323538,0.0889002507,0.00350000011,7840.65586,307.396111
0.282570092,0.0887071034,0.00150000001,7841.94861,307.933543
0.278739001,0.0849218087,0.00350000011,7837.57209,307.181221
0.284839735,0.090761817,0.00350000011,7838.38692,307.776952
0.284407043,0.0894519992,0.00350000011,7836.69548,307.512308
0.277152022,0.0822935059,0.00150000001,7839.11844,307.451461
0.279491375,0.0834614606,0.00150000001,7837.59837,307.601379
0.285852726,0.0896611478,0.00150000001,7829.29262,308.01656
0.277881448,0.0815909984,0.00255537403,7838.55545,307.238716
0.280418062,0.0836279876,0.00350000011,7835.31759,307.107075
0.282793496,0.0856664869,0.00350000011,7830.30742,307.162533
0.28681399,0.0889729925,0.00350000011,7842.81143,307.608642
0.286679821,0.0876699832,0.00350000011,7835.46173,307.416735
0.281381506,0.0813517737,0.00150000001,7837.59394,307.40833
0.280918236,0.0807688989,0.00350000011,7838.69032,307.02083
0.286257213,0.0853578561,0.00350000011,7818.93224,307.160466
0.289446122,0.0882031668,0.00150000001,7815.00316,307.928983
0.284221589,0.0818485511,0.00350000011,7837.54218,306.945203
0.283481811,0.08038104,0.00150000001,7837.09905,307.311
0.287165524,0.0843651432,0.00350000011,7822.522,307.082263
0.288731435,0.0853149334,0.00150000001,7825.34497,307.695978
0.282458649,0.0792209956,0.00350000011,7836.43392,306.912851
0.285568427,0.082109958,0.00350000011,7834.87071,306.932203
0.282473763,0.0790397161,0.00208042117,7837.19614,306.985899
0.288725386,0.0842725902,0.00150000001,7821.93903,307.628986
0.291297804,0.0878649727,0.00233283952,7785.93304,307.911141
0.290317755,0.0856257502,0.00350000011,7800.53041,307.277303
0.291757589,0.0876095351,0.00166682941,7779.31435,307.91957
0.288616272,0.0832797048,0.00350000011,7823.13378,306.991714
0.2898637,0.0848335014,0.00350000011,7807.25346,307.169508
0.291677123,0.0864349577,0.00350000011,7774.25647,307.459476
0.286640072,0.0812696941,0.00150000001,7834.81086,307.41102
0.283605851,0.0784107726,0.00167049487,7836.83716,306.953091
0.288518084,0.0826296841,0.00350000011,7818.36339,306.939436
0.285625092,0.0784984408,0.00350000011,7837.5637,306.732061
0.288732294,0.081974412,0.00350000011,7826.99867,306.883895
0.28666301,0.0791518487,0.00150000001,7837.84279,307.176453
0.291627651,0.083424596,0.00350000011,7798.45734,307.030457
0.293835856,0.0864549444,0.00260565613,7685.53577,307.77096
0.287859422,0.0793216904,0.00350000011,7835.5435,306.710919
0.289581783,0.0812745885,0.00350000011,7822.97767,306.825278
0.287122757,0.0773247336,0.00150000001,7836.63794,306.907579
0.289142681,0.0795354722,0.00350000011,7834.17858,306.697477
0.29433087,0.0843086993,0.00350000011,7735.12218,307.169033
0.292247487,0.081482662,0.00150000001,7810.32134,307.419395
0.293937846,0.0833022687,0.00150000001,7778.66683,307.559928
0.292778947,0.0814924832,0.00150000001,7806.84972,307.419075
0.293927801,0.0823848998,0.00150000001,7792.56482,307.491952
0.289037111,0.0772666871,0.00350000011,7836.29454,306.520542
0.29492727,0.0830595868,0.00350000011,7761.45337,307.004561
0.287648568,0.0761648166,0.00163411627,7836.94836,306.608033
0.295097683,0.0825321012,0.00350000011,7779.90997,306.944555
0.29379734,0.0811588405,0.00350000011,7806.35306,306.801818
0.289999732,0.0769864401,0.00350000011,7836.01224,306.465828
0.291454453,0.07834035,0.00350000011,7833.52343,306.556014
0.290733988,0.0767248212,0.00150000001,7836.3392,306.836596
0.289894195,0.0762829957,0.00350000011,7837.66962,306.404538
0.294036876,0.0801046174,0.00150000001,7817.43054,307.286293
0.292504807,0.0783647709,0.00150000001,7831.76562,307.087224
0.296727128,0.0817171341,0.00150000001,7776.73283,307.430254
0.297372447,0.0876236851,0.00333312949,7656.08226,307.884681
0.292050117,0.0762976732,0.00350000011,7837.92099,306.342811
0.300910887,0.0861053812,0.00150000001,7657.32313,307.850311
0.299042268,0.0883826926,0.00316629174,7655.95733,307.989136
0.298716878,0.0812257814,0.00350000011,7777.56974,306.827277
0.294950201,0.076661275,0.00350000011,7833.01826,306.345524
0.299787195,0.0813840957,0.00150000001,7769.26883,307.400229
0.297241214,0.0782293545,0.00350000011,7815.2962,306.526044
0.298011446,0.077673838,0.00150000001,7810.99385,306.955744
0.295611317,0.075283199,0.00350000011,7835.80214,306.177495
0.304626412,0.086246522,0.00350000011,7667.05642,307.363975
0.305405577,0.0864370831,0.00350000011,7666.27563,307.379906
0.306225837,0.0850837801,0.00150000001,7689.85849,307.826704
0.296928157,0.0756070453,0.00350000011,7829.48113,306.230401
0.299953826,0.0784368872,0.00150000001,7789.43703,307.060454
0.303945497,0.0817648679,0.00350000011,7730.77987,306.975872
0.305996271,0.0835759464,0.00150000001,7708.94073,307.706711
0.3072643,0.0845191384,0.00150000001,7698.46232,307.812121
0.304683772,0.0813818857,0.00150000001,7735.81589,307.46809
0.306234937,0.083047272,0.00150000001,7723.83345,307.664808
0.29817801,0.0754467074,0.00150000001,7824.84955,306.538788
0.297781832,0.0749785425,0.00150000001,7833.39189,306.436436
0.29839269,0.0749059227,0.00316669469,7827.88697,306.159468
0.306354984,0.0827818694,0.00150000001,7719.1179,307.642942
0.302245746,0.0784901103,0.00350000011,7778.35451,306.676325
0.307549646,0.0826903971,0.00150000001,7722.88947,307.650452
0.30126226,0.0762102768,0.00283347409,7804.79936,306.434936
0.307781051,0.0875164977,0.00350000011,7683.98703,307.465121
0.310079583,0.0853289911,0.00350000011,7718.08139,307.376265
0.3050457,0.0909453438,0.00150000001,7680.48044,308.227448
0.303577604,0.0780956151,0.00350000011,7771.91163,306.705348
0.306423251,0.0807209046,0.00350000011,7731.39793,307.002839
0.307167108,0.0894234862,0.00150000001,7686.50058,308.140358
0.307384355,0.0811416197,0.00150000001,7738.50482,307.476612
0.310053755,0.0875379628,0.00150000001,7702.44906,308.058613
0.307330662,0.0806236255,0.00150000001,7745.94512,307.414209
0.306042136,0.0783829438,0.00316670052,7757.281,306.881758
0.308999434,0.0892573602,0.00350000011,7686.86737,307.602336
0.311440378,0.0867643404,0.00350000011,7722.98708,307.474942
0.307852952,0.0917260503,0.00150000001,7692.92293,308.254088
0.309616316,0.0806737238,0.00150000001,7756.6309,307.473707
0.310093468,0.0808903506,0.00350000011,7753.10693,307.242252
0.307387566,0.0921760072,0.00333310633,7696.29675,308.131211
0.311759388,0.0823129951,0.00150000001,7768.50079,307.72438
0.309870957,0.0904931509,0.00350000011,7686.07118,307.690563
0.313572044,0.0875517151,0.00150000001,7740.33208,308.133491
0.314548427,0.0868528893,0.00150000001,7772.9185,308.134443
0.311176678,0.0810495655,0.00150000001,7765.50895,307.566754
0.312530797,0.08249515,0.00350000011,7776.53893,307.449439
0.310047828,0.0907412746,0.00350000011,7684.87143,307.707188
0.314028349,0.0836761837,0.00150000001,7788.12113,307.936066
0.310799335,0.0914296265,0.00150000001,7677.17765,308.244645
0.312197788,0.0898162232,0.00150000001,7699.04184,308.19973
0.314389532,0.0879310374,0.00150000001,7759.97333,308.16694
0.312497434,0.0813171744,0.00333332535,7763.85787,307.491445
0.315896209,0.0845605379,0.00350000011,7804.25185,307.744334
0.312264266,0.0897991339,0.00350000011,7700.42758,307.619499
0.312976825,0.0815350782,0.00166665792,7777.91628,307.65276
0.314173358,0.0820789527,0.00216666981,7786.31459,307.723944
0.311869015,0.0915706497,0.00150000001,7682.40472,308.25766
0.314475733,0.0888334429,0.00150000001,7746.50583,308.20305
0.31608887,0.0829496432,0.00283365944,7803.83936,307.875301
0.317259404,0.0844538044,0.00350000011,7815.70158,307.892974
0.313812876,0.0896253436,0.00350000011,7722.86693,307.642834
0.31704736,0.0833853202,0.00316677728,7809.78945,307.955272
0.310000002,0.0938449675,0.00275857444,7631.33081,308.182917
0.315634234,0.0899392605,0.00150000001,7751.23331,308.265349
0.319719528,0.0855837382,0.00150000001,7835.62767,308.377585
0.315696042,0.0905387981,0.00150000001,7745.53721,308.27795
0.312370568,0.0946028785,0.00150000001,7648.65724,308.361036
0.314579027,0.0922667429,0.00350000011,7701.13443,307.736872
0.318686964,0.0886552306,0.00150000001,7820.05569,308.38279
0.321221868,0.0865658982,0.00166665642,7885.80757,308.504363
0.312898893,0.0953342815,0.00350000011,7656.9849,307.887556
0.310612112,0.0970294375,0.00350000011,7638.55407,308.194964
0.310000002,0.0967512096,0.00336795433,7638.52944,308.322669
0.317490842,0.0924648859,0.00150000001,7739.76978,308.383586
0.32007895,0.0896021579,0.00350000011,7819.61757,308.14208
0.320913509,0.0895450757,0.00150000001,7833.92356,308.530402
0.310000002,0.0980415764,0.00320225982,7639.1874,308.410835
0.315297773,0.095416664,0.00150000001,7677.99089,308.393126
0.319433153,0.0921432483,0.00150000001,7768.5538,308.482571
0.316049442,0.0958351329,0.00350000011,7684.28487,307.890457
0.311667228,0.100454574,0.00350000011,7640.02017,308.234381
0.310000002,0.100457404,0.00284191993,7639.34344,308.541198
0.311669669,0.100978446,0.00350000011,7640.19774,308.253461
0.310000002,0.101211425,0.00291085542,7639.63616,308.561536
0.313320002,0.100366701,0.00150000001,7639.6996,308.554619
0.312118642,0.101398698,0.00150000001,7639.44802,308.621188
0.312885107,0.100451621,0.00350000011,7645.41634,308.125275
0.311216057,0.102289624,0.00350000011,7641.00412,308.348549
0.316545899,0.0975821877,0.00150000001,7671.33124,308.485531
0.321999997,0.0918525008,0.00216633253,7831.5918,308.66779
0.316254713,0.0977704799,0.00350000011,7669.72491,307.963265
0.321848529,0.0926324249,0.00350000011,7807.59147,308.506689
0.313502877,0.100972842,0.00350000011,7645.80013,308.105535
0.32049064,0.0944601327,0.00350000011,7733.99691,308.27283
0.316800817,0.0996289579,0.00150000001,7662.50539,308.559138
0.321999997,0.0944643905,0.00283316435,7773.66637,308.686562
0.320938142,0.0963134084,0.00150000001,7722.84678,308.619721
0.310000002,0.10535557,0.00241065569,7644.36597,308.716113
0.321999997,0.0965714532,0.00183330909,7725.43008,308.792188
0.311060782,0.107957293,0.00150000001,7646.35228,308.806379
0.316613215,0.102026646,0.00350000011,7654.7241,308.143488
0.314387209,0.104818393,0.00150000001,7647.47193,308.673179
0.318520203,0.101543745,0.00150000001,7659.92416,308.681464
0.315788306,0.104254728,0.00150000001,7657.29278,308.664684
0.314687751,0.105341878,0.00150000001,7649.29504,308.687983
0.314449117,0.105185539,0.00350000011,7648.34306,308.206766
0.311521168,0.10806532,0.00350000011,7645.01948,308.45293
0.312878564,0.10743328,0.00150000001,7647.91959,308.761393
0.314861188,0.106122113,0.00150000001,7645.60315,308.717601
0.311666195,0.109007778,0.00150000001,7645.88557,308.812307
0.321848186,0.0994398588,0.00350000011,7683.68088,308.686585
0.312900689,0.108331251,0.00350000011,7647.22162,308.353122
0.311666387,0.110058102,0.00150000001,7644.05115,308.827766
0.310303078,0.111897082,0.00150000001,7639.31083,308.86405
0.31693529,0.107586565,0.00150000001,7649.69361,308.79518
0.318227036,0.106807366,0.00150000001,7651.10643,308.802333
0.311968022,0.112682622,0.00150000001,7637.97059,308.859874
0.310756286,0.114256624,0.00150000001,7631.88873,308.87232
0.317083658,0.108614158,0.00350000011,7644.87193,308.337981
0.315149307,0.110865988,0.00150000001,7642.73092,308.840448
0.314233288,0.111905098,0.00150000001,7637.84898,308.843335
0.320783803,0.104950922,0.00350000011,7656.85182,308.651152
0.317239338,0.109928626,0.00350000011,7650.21299,308.37549
0.316774598,0.111241959,0.00350000011,7645.47286,308.390116
0.315223389,0.112294248,0.00350000011,7638.85375,308.366868
0.313829071,0.114154367,0.00350000011,7636.60968,308.401346
0.320783015,0.107050952,0.00350000011,7657.4585,308.72241
0.318479113,0.109933402,0.00350000011,7656.46167,308.468357
0.315223843,0.11282401,0.00350000011,7638.04155,308.372407
0.311668558,0.116288921,0.00350000011,7617.69704,308.480229
0.321999997,0.105967379,0.00180358701,7664.01495,309.153604
0.316310572,0.113086725,0.00350000011,7646.13233,308.407214
0.315558775,0.114348367,0.00150000001,7646.632,308.898837
0.311674467,0.117928895,0.00150000001,7598.46497,308.894565
0.315846525,0.113882946,0.00350000011,7643.35382,308.399434
0.320485985,0.109699716,0.00150000001,7662.04333,309.095107
0.31330768,0.118090233,0.00150000001,7612.85017,308.926552
0.318635891,0.112823172,0.00350000011,7655.33634,308.589632
0.30984503,0.11998907,0.00150000001,7532.91428,308.91641
0.310146786,0.120018546,0.00350000011,7540.56338,308.507441
0.311677961,0.120677054,0.00150000001,7580.99792,308.945757
0.312012715,0.12074805,0.00350000011,7579.86806,308.426709
0.321999997,0.111002769,0.00233332715,7675.60679,309.389789
0.315863749,0.116983602,0.00350000011,7641.6044,308.430935
0.319098742,0.114136741,0.00350000011,7661.39345,308.699718
0.316358977,0.116992875,0.00350000011,7640.88512,308.462836
0.308624283,0.119483869,0.00281729287,7522.52469,308.775996
0.318030575,0.116026826,0.00150000001,7652.19013,309.086902
0.312975825,0.12104375,0.00350000011,7604.34768,308.42244
0.319417453,0.115220111,0.00150000001,7671.49007,309.189379
0.313221967,0.121194112,0.00350000011,7615.44554,308.42391
0.308423619,0.121256442,0.00150000001,7528.1374,308.940565
0.318170403,0.116750454,0.00350000011,7662.53943,308.65463
0.321999997,0.11309164,0.0033333241,7675.38072,309.432369
0.317209378,0.11900875,0.00150000001,7661.62902,309.112295
0.319084007,0.116771116,0.00350000011,7669.47486,308.80116
0.317895095,0.118307906,0.00350000011,7655.56969,308.673003
0.31524154,0.121178724,0.00350000011,7646.02882,308.521167
0.31820155,0.118385447,0.00150000001,7660.63,309.193628
0.307429837,0.122420355,0.00350000011,7524.82502,308.532505
0.315534164,0.121644074,0.00150000001,7654.0423,309.112785
0.318970917,0.118649177,0.00150000001,7670.7095,309.305436
0.306057155,0.120910048,0.00215685044,7524.11751,308.877028
0.31837103,0.11977929,0.00150000001,7675.65471,309.295818
0.305851868,0.121024099,0.0020333715,7524.08849,308.886534
0.310353522,0.126555382,0.00150000001,7594.78246,309.117556
0.320470027,0.118079657,0.00350000011,7686.36415,309.179328
0.308245187,0.124529771,0.00350000011,7553.93243,308.447008
0.3147129,0.12418961,0.00150000001,7657.77202,309.23835
0.310427818,0.127835072,0.00350000011,7610.68482,308.695716
0.316762349,0.123001282,0.00150000001,7675.4503,309.351989
0.31090894,0.128981565,0.00150000001,7610.32522,309.325817
0.313698227,0.126937873,0.00150000001,7644.78314,309.380346
0.316193682,0.124716036,0.00350000011,7684.36359,308.956558
0.303342327,0.12362812,0.00150000001,7524.35015,308.929156
0.321999997,0.119656844,0.00316667319,7692.81588,309.912644
0.312664208,0.129230412,0.00350000011,7626.08414,309.170471
0.304606328,0.124502062,0.00350000011,7526.69141,308.500422
0.308631486,0.129214547,0.00150000001,7589.86495,309.189638
0.321696325,0.120697628,0.00350000011,7695.39518,309.75369
0.318476263,0.123689224,0.00350000011,7699.12489,309.236789
0.304897508,0.125569763,0.00350000011,7537.46209,308.441395
0.318324477,0.124202861,0.00150000001,7697.14912,309.68231
0.308175234,0.129473942,0.00150000001,7588.71329,309.189371
0.30951456,0.130808543,0.00150000001,7611.95896,309.390738
0.311436188,0.131649198,0.00179745691,7624.80181,309.766141
0.316912821,0.126063631,0.00350000011,7695.72278,309.279608
0.305796834,0.126653901,0.00350000011,7557.15062,308.427101
0.312081135,0.131117329,0.00150000001,7645.56962,309.694703
0.313565304,0.129771558,0.00350000011,7647.54755,309.413282
0.31048067,0.131831932,0.00350000011,7618.79437,309.441598
0.31503263,0.128785978,0.00150000001,7674.54542,309.693033
0.304635642,0.126489763,0.00150000001,7542.62859,308.922758
0.309849321,0.132530797,0.00259549834,7621.5837,309.695622
0.307304675,0.129911354,0.00350000011,7591.20488,308.729421
0.319528254,0.125711727,0.00150000001,7694.70193,310.018355
0.30460816,0.12750074,0.00150000001,7552.66501,308.948353
0.318686235,0.126421754,0.00350000011,7699.86604,309.661358
0.318073096,0.12730116,0.00350000011,7718.58319,309.678318
0.316159383,0.129025208,0.00323726161,7699.87403,309.834786
0.321032902,0.125500622,0.00233216121,7700.72962,310.32219
0.303576074,0.128293014,0.00150000001,7560.85507,308.955384
0.303725996,0.129935332,0.00150000001,7579.74424,309.04605
0.304381041,0.131254761,0.00150000001,7593.37102,309.16411
0.30035486,0.1270147,0.00350000011,7538.67586,308.442805
0.300479321,0.12779615,0.00350000011,7545.0704,308.426462
0.30433231,0.13229729,0.00150000001,7603.03328,309.263466
0.301941131,0.12970884,0.00350000011,7568.37152,308.493883
0.29901325,0.127230994,0.00350000011,7533.51936,308.434144
0.301685545,0.129863501,0.00350000011,7573.49623,308.496066
0.298311103,0.126965246,0.00150000001,7525.45095,308.868266
0.301165425,0.129870147,0.00350000011,7571.64086,308.488433
0.303071366,0.132256892,0.00150000001,7600.80582,309.214383
0.297458617,0.125085477,0.00254755413,7489.18401,308.756774
0.299288519,0.130240681,0.00150000001,7572.58211,309.00285
0.297974874,0.128904177,0.00150000001,7547.18292,308.923502
0.296042037,0.125683117,0.00150000001,7490.81584,308.858654
0.300331589,0.131490262,0.00350000011,7590.03654,308.595905
0.2966431,0.124632414,0.00216955334,7490.48613,308.81223
0.300820706,0.132386766,0.00350000011,7603.65342,308.691474
0.299048709,0.131033259,0.00350000011,7581.95033,308.529748
0.295966052,0.128592775,0.00150000001,7541.25068,308.880342
0.294493385,0.125171184,0.00350000011,7494.65521,308.49079
0.298272579,0.131181605,0.00350000011,7586.89404,308.526995
0.296468516,0.130142878,0.00350000011,7563.46548,308.442364
0.295843773,0.130111866,0.00150000001,7561.24404,308.943704
0.302769821,0.136463847,0.00180595788,7651.13555,309.830041
0.291977143,0.12654684,0.00150000001,7511.13232,308.8327
0.295694176,0.1302703,0.00350000011,7559.73946,308.448735
0.293303576,0.124164793,0.00150000001,7496.06304,308.87108
0.29672741,0.132360858,0.00350000011,7596.03856,308.611361
0.295645671,0.131489011,0.00150000001,7576.23532,309.040502
0.300463327,0.137714876,0.00216894973,7672.74684,309.867341
0.294632658,0.1321096,0.00150000001,7586.13178,309.080461
0.289690469,0.127247099,0.00350000011,7506.30741,308.337161
0.297041601,0.134259839,0.00350000011,7636.79322,308.853483
0.298696251,0.136012258,0.00350000011,7667.48728,309.184904
0.292027081,0.1297305,0.00150000001,7547.12637,308.903271
0.290519377,0.12467989,0.00350000011,7507.90708,308.390524
0.292226728,0.122352435,0.00150000001,7498.78784,308.90246
0.291578397,0.129714861,0.00350000011,7538.82724,308.433335
0.291101126,0.130287339,0.00150000001,7556.56146,308.920734
0.295546655,0.135180573,0.00350000011,7642.94531,309.003761
0.290867704,0.122118386,0.00150000001,7506.03963,308.900617
0.286626064,0.126937459,0.00150000001,7510.97495,308.831967
0.28944885,0.130559439,0.00150000001,7539.51458,309.016836
0.290105461,0.131281333,0.00350000011,7559.23111,308.625192
0.291270711,0.133137455,0.00150000001,7565.76752,309.183624
0.285744982,0.127007984,0.00150000001,7512.72494,308.877708
0.294126302,0.135169855,0.00350000011,7629.25641,309.040781
0.288904963,0.121549491,0.00350000011,7510.01458,308.587333
0.285148565,0.127187759,0.00350000011,7510.51047,308.474748
0.290749747,0.132838745,0.00350000011,7567.17111,308.805629
0.294623088,0.137237694,0.00216647233,7678.45858,309.615765
0.289917891,0.13237685,0.00150000001,7557.7609,309.141542
0.286559505,0.128778017,0.00150000001,7524.9675,308.954748
0.286481559,0.124063024,0.00150000001,7507.2017,308.817346
0.287080567,0.123150277,0.00350000011,7509.33752,308.395011
0.284227978,0.126343548,0.00350000011,7510.97001,308.457749
0.29255167,0.136086903,0.00233197813,7626.32053,309.494946
0.289923313,0.132898291,0.00150000001,7562.96178,309.183696
0.289679344,0.132589398,0.00350000011,7561.35057,308.825431
0.289928531,0.133419931,0.00150000001,7571.35975,309.235262
0.285466258,0.123568633,0.00350000011,7501.28028,308.350909
0.2906212,0.134149341,0.00350000011,7594.93436,309.020804
0.284908546,0.129082501,0.00150000001,7522.22811,309.009905
0.288418348,0.120236936,0.00350000011,7512.2049,308.712525
0.285208299,0.12978262,0.00350000011,7518.10696,308.735166
0.282731648,0.127603212,0.00350000011,7521.4848,308.620686
0.288597936,0.133890385,0.00322849305,7570.4544,309.3128
0.282255347,0.124753606,0.00150000001,7499.15376,308.887631
0.28449772,0.130920558,0.00150000001,7523.98375,309.216956
0.283071357,0.123436256,0.00150000001,7502.75371,308.835109
0.280426423,0.126862832,0.00150000001,7506.10574,309.050594
0.283543552,0.123430183,0.00350000011,7505.87108,308.354203
0.281738095,0.128057075,0.00150000001,7519.67304,309.070792
0.283795529,0.121193349,0.00350000011,7512.43071,308.39014
0.279290239,0.1269855,0.00350000011,7510.19228,308.794703
0.282373727,0.121987162,0.00150000001,7507.45408,308.824879
0.279119758,0.125176085,0.00150000001,7494.56388,308.956149
0.278061757,0.12615287,0.00150000001,7506.08482,309.091363
0.279321454,0.128036572,0.00350000011,7506.25925,308.986388
0.278809295,0.128452248,0.00255957156,7511.61987,309.336636
0.279742565,0.123845969,0.00150000001,7508.46271,308.89835
0.278237867,0.127276149,0.00350000011,7509.33814,308.965585
0.276643895,0.12724925,0.00231534608,7497.39776,309.348531
0.280158293,0.121701244,0.00150000001,7509.23201,308.817176
0.276412645,0.126948379,0.00150000001,7505.20157,309.307783
0.281915649,0.119301889,0.00150000001,7503.36633,308.847556
0.278061208,0.123763118,0.00150000001,7501.60883,308.935936
0.275800657,0.125402745,0.00150000001,7504.00603,309.128231
0.277765874,0.123005667,0.00150000001,7493.52284,308.914222
0.282111844,0.118004588,0.00350000011,7507.30421,308.546282
0.273977666,0.125768012,0.00297746365,7499.72403,309.285295
0.273548387,0.124662933,0.00150000001,7494.6082,309.206953
0.276342977,0.121105039,0.00350000011,7496.46606,308.390301
0.276461684,0.12070628,0.00150000001,7499.12845,308.846373
0.277647871,0.118977757,0.00150000001,7495.9254,308.822883
0.280928643,0.115902157,0.00319214514,7501.89567,308.742695
0.273143912,0.122888321,0.00350000011,7487.39997,308.694237
0.271892746,0.124436122,0.00150000001,7485.89886,309.27899
0.276867656,0.118200698,0.00150000001,7495.74388,308.821762
0.275887983,0.119079049,0.00350000011,7496.42184,308.340011
0.276250362,0.117683855,0.00150000001,7491.66369,308.820558
0.271043852,0.123965154,0.00350000011,7484.51545,309.087073
0.277299315,0.116329514,0.00150000001,7495.06331,308.829052
0.271738433,0.121079041,0.00350000011,7486.91347,308.534057
0.270810566,0.121570603,0.00150000001,7483.12544,309.021012
0.27096058,0.120306069,0.00350000011,7480.41239,308.498766
0.269146979,0.121347486,0.00150000001,7477.35222,309.05926
0.275184196,0.114956053,0.00350000011,7491.58488,308.428565
0.268250067,0.121891742,0.00150000001,7469.02812,309.15618
0.274999278,0.114525131,0.00150000001,7491.64448,308.798008
0.276356006,0.113709523,0.00150000001,7492.49808,308.80269
0.27516856,0.113913017,0.00350000011,7491.49931,308.489124
0.268666495,0.11951613,0.00150000001,7456.57352,308.923676
0.27363352,0.114818787,0.00150000001,7488.52482,308.791347
0.266878232,0.12113026,0.00150000001,7468.4399,309.133528
0.270877501,0.116758203,0.00350000011,7475.34209,308.314015
0.266861413,0.120079596,0.00150000001,7468.09751,309.023306
0.274845675,0.112869006,0.00350000011,7491.29717,308.54843
0.270648021,0.11503698,0.00350000011,7487.32863,308.291204
0.273318109,0.11184734,0.00350000011,7488.94319,308.53263
0.27301564,0.111852585,0.00350000011,7489.45832,308.508141
0.269026383,0.115778701,0.00350000011,7480.45207,308.292861
0.265934728,0.118516361,0.00150000001,7453.3166,308.927589
0.267740062,0.116371251,0.00150000001,7463.18418,308.806634
0.263829731,0.120130271,0.00283295387,7415.23775,309.054887
0.27025224,0.112754096,0.00150000001,7487.5279,308.737616
0.265008147,0.117507539,0.00350000011,7442.26178,308.403031
0.27163945,0.111088208,0.00350000011,7488.24364,308.477016
0.269676967,0.111386279,0.00350000011,7487.36192,308.355346
0.263189736,0.116499647,0.00350000011,7430.45758,308.347347
0.267480598,0.110659585,0.00150000001,7487.85887,308.6718
0.261492752,0.11939556,0.00177026931,7299.5765,309.099695
0.269096875,0.109328955,0.00178555489,7489.21147,308.557004
0.263523329,0.113791167,0.00150000001,7463.31995,308.762532
0.260829005,0.115493997,0.00150000001,7430.49081,308.814238
0.26531552,0.110387415,0.00150000001,7488.58079,308.661888
0.263265067,0.11244521,0.00150000001,7475.50002,308.738348
0.264270944,0.111247376,0.00350000011,7484.03442,308.191477
0.261458216,0.113457383,0.00350000011,7458.10755,308.214345
0.265011215,0.108985714,0.00350000011,7491.15625,308.238117
0.264740967,0.108847697,0.00350000011,7491.11457,308.232337
0.264658944,0.107256137,0.00150000001,7492.50725,308.483634
0.264919116,0.107011686,0.00316673721,7492.32075,308.301308
0.261013082,0.110178127,0.00350000011,7482.07132,308.182181
0.263715081,0.107103636,0.00150000001,7493.32095,308.476591
0.264678221,0.106889878,0.00166712211,7492.65597,308.397037
0.257438096,0.113348988,0.00350000011,7434.80645,308.262405
0.259997222,0.110814531,0.00150000001,7473.50079,308.691665
0.261558572,0.108961394,0.00350000011,7489.1646,308.182303
0.258451976,0.111739132,0.00150000001,7457.82243,308.728292
0.260280034,0.109744562,0.00350000011,7482.01815,308.188156
0.257351032,0.111957889,0.00150000001,7447.76729,308.738318
0.26299985,0.106654351,0.00350000011,7496.09738,308.201021
0.262028926,0.106257689,0.00285379827,7500.41641,308.216821
0.26107368,0.106945138,0.00350000011,7498.90376,308.169752
0.259285805,0.106905544,0.00163259512,7502.20874,308.361215
0.258691017,0.107498685,0.00150000001,7505.80261,308.44881
0.258044401,0.107779885,0.00150000001,7494.51895,308.46391
0.255255538,0.109305374,0.00150000001,7463.81901,308.544555
0.253351851,0.110190773,0.0016667723,7433.34064,308.55292
0.255992962,0.113258951,0.00150000001,7425.37017,308.788151
0.252202942,0.110829056,0.00283309154,7434.64589,308.499789
0.253376139,0.112937847,0.00150000001,7395.86477,308.766764
0.256066579,0.115007205,0.00350000011,7395.23892,308.32348
0.250669445,0.111854255,0.00150000001,7403.5086,308.693954
0.252914059,0.113721026,0.00350000011,7387.90374,308.36369
0.253364624,0.113988499,0.00350000011,7387.58887,308.359389
0.25495548,0.115730428,0.00150000001,7388.25632,308.881676
0.256724359,0.116693671,0.00350000011,7378.62242,308.403738
0.254975811,0.115759572,0.00350000011,7387.48752,308.365818
0.257781307,0.116451553,0.00350000011,7381.44044,308.379598
0.251541489,0.113962491,0.00150000001,7368.09768,308.819043
0.25491821,0.117726305,0.00150000001,7353.44701,309.005998
0.255507961,0.118243976,0.00150000001,7335.66814,309.042497
0.257633632,0.117736168,0.00150000001,7349.16494,308.969852
0.250010249,0.115504187,0.00350000011,7352.45916,308.459356
0.258196657,0.119842934,0.00350000011,7315.72264,308.85862
0.250437362,0.117332153,0.00350000011,7341.03172,308.515161
0.252735716,0.119777798,0.00350000011,7322.73756,308.687945
0.250798595,0.119005402,0.00150000001,7326.9437,309.145599
0.253019149,0.121331597,0.00150000001,7322.06314,309.375829
0.253617064,0.121349538,0.00350000011,7321.7264,308.966045
0.251217655,0.120276466,0.00350000011,7323.60867,308.708532
0.25224944,0.121592692,0.00350000011,7321.90638,308.935524
0.245485137,0.114908277,0.00350000011,7371.16969,308.64425
0.249352758,0.119862487,0.00350000011,7318.41835,308.674278
0.245134427,0.116485223,0.00150000001,7345.94724,308.948685
0.249067734,0.120211028,0.00150000001,7319.70361,309.259602
0.252126355,0.124599114,0.0016667285,7303.39156,309.743636
0.245395696,0.118564846,0.00150000001,7344.88942,309.086846
0.244657336,0.118376283,0.00350000011,7343.18573,308.598688
0.25142265,0.124990059,0.00283371659,7300.0901,309.705807
0.246653563,0.121021968,0.00150000001,7327.1139,309.319806
0.246163985,0.120722721,0.00350000011,7325.50627,308.723585
0.242827855,0.117761567,0.00350000011,7355.04815,308.66802
0.250286381,0.125621316,0.00166669643,7314.5291,309.806205
0.244608229,0.120858718,0.00150000001,7328.56996,309.261984
0.241473056,0.117919809,0.00350000011,7355.52462,308.72288
0.241001913,0.118784219,0.00150000001,7351.47343,309.052871
0.241694917,0.119201112,0.00350000011,7347.36299,308.675538
0.244601152,0.122423397,0.00350000011,7335.68471,308.829559
0.245398251,0.12334617,0.00150000001,7340.85581,309.492888
0.240335602,0.117422022,0.00319337987,7355.98548,308.881482
0.243091937,0.121436425,0.00150000001,7336.98506,309.273182
0.239919291,0.117653309,0.00238864443,7352.72389,308.933775
0.245366687,0.124899542,0.00150000001,7347.65756,309.627332
0.240141524,0.120256031,0.00350000011,7354.5617,308.690478
0.245300547,0.125969808,0.00350000011,7351.5644,309.286561
0.237352785,0.119252359,0.00150000001,7350.45441,309.060569
0.240398443,0.124167189,0.00150000001,7343.07141,309.373745
0.243337817,0.127751451,0.00150000001,7352.85304,309.827081
0.244689406,0.128557515,0.00150000001,7354.18282,309.958286
0.23611131,0.119768851,0.00208129738,7359.32129,308.993759
0.23713225,0.122652074,0.00150000001,7346.21217,309.144504
0.235796397,0.1213279,0.00150000001,7343.37684,309.099955
0.237426625,0.122896848,0.00350000011,7338.60933,308.713648
0.239212073,0.124715373,0.00350000011,7344.36041,308.804765
0.23648233,0.122350274,0.00350000011,7341.30705,308.731229
0.238109851,0.125137941,0.00150000001,7342.69524,309.363758
0.234978948,0.120745657,0.00350000011,7352.7657,308.872623
0.243294278,0.129332816,0.00350000011,7352.86161,309.76779
0.237498988,0.12500229,0.00150000001,7348.54885,309.313858
0.241164787,0.129818308,0.00350000011,7351.50039,309.64514
0.239363773,0.12927081,0.00150000001,7349.4755,309.83069
0.232823842,0.12176873,0.00350000011,7339.39442,308.92981
0.233019819,0.123387044,0.00150000001,7341.9729,309.131071
0.235476381,0.125458595,0.00350000011,7340.66246,308.766193
0.233885635,0.125479561,0.00150000001,7346.2138,309.227498
0.23350355,0.125195938,0.00350000011,7336.74305,308.738411
0.235324639,0.127389018,0.00350000011,7342.68108,308.895635
0.239165707,0.131626335,0.00150000001,7349.75228,310.063907
0.233909741,0.127042533,0.00350000011,7342.36465,308.813096
0.237085576,0.129503298,0.00350000011,7349.34097,309.265469
0.229500801,0.123441358,0.00282544545,7314.79743,309.046978
0.236441191,0.131583745,0.00150000001,7349.18394,309.939256
0.235240021,0.131049535,0.00150000001,7348.10992,309.82987
0.228832131,0.123812842,0.00291834598,7311.81659,309.03895
0.235098098,0.130783717,0.00350000011,7348.42507,309.319695
0.231911753,0.129953446,0.00150000001,7340.87725,309.566384
0.231558757,0.131049682,0.00150000001,7342.62573,309.681196
0.229771188,0.130219364,0.00150000001,7336.38043,309.547026
0.228046508,0.128059995,0.00150000001,7302.53164,309.34085
0.22613654,0.126177029,0.00150000001,7214.48639,309.229766
0.232492414,0.13310963,0.00350000011,7347.9285,309.532096
0.232929927,0.13389548,0.00150000001,7348.05319,310.060303
0.233818793,0.134426623,0.00150000001,7348.52985,310.146501
0.229056043,0.13007988,0.00150000001,7333.57111,309.524665
0.225374966,0.126431279,0.00150000001,7194.28055,309.25982
0.227415679,0.128788236,0.00350000011,7304.81311,308.855856
0.225116077,0.128164498,0.00150000001,7270.28335,309.350719
0.228537797,0.132445168,0.00150000001,7340.41921,309.791027
0.231095808,0.134919821,0.00350000011,7348.93832,309.765998
0.226266993,0.130254144,0.00350000011,7314.13228,308.974212
0.223697329,0.128042784,0.00350000011,7240.20603,308.84758
0.230193772,0.134864139,0.00150000001,7349.74757,310.094441
0.225964571,0.130785392,0.00150000001,7321.45233,309.599065
0.224236543,0.124406548,0.00322035755,7152.05988,309.117252
0.230974511,0.136350134,0.00166666486,7349.82768,310.265988
0.226233954,0.132991236,0.00150000001,7338.38476,309.837153
0.228236015,0.135036213,0.00350000011,7349.47985,309.642391
0.229948817,0.136731479,0.00150000001,7350.59787,310.268637
0.220152578,0.125388603,0.00150000001,7165.72038,309.359133
0.219491307,0.12718724,0.00350000011,7195.60114,308.871744
0.225442993,0.133850243,0.00150000001,7343.28576,309.927186
0.222086764,0.130251057,0.00350000011,7287.35776,309.012797
0.220060937,0.124521737,0.00350000011,7158.67704,308.968005
0.228879647,0.137163381,0.00150000001,7351.09639,310.288403
0.224939024,0.133879579,0.00150000001,7341.34871,309.929999
0.219024891,0.127762539,0.00150000001,7205.91409,309.45511
0.220670412,0.129419657,0.00350000011,7262.12057,308.964269
0.220357909,0.123989152,0.00350000011,7154.14932,309.009841
0.220053532,0.123472217,0.00350000011,7151.73505,309.038729
0.227191222,0.136533896,0.00150000001,7351.05732,310.213404
0.220321521,0.130001938,0.00350000011,7265.62508,309.023161
0.22128803,0.131963212,0.00350000011,7307.21287,309.21657
0.219599716,0.123220307,0.00350000011,7152.36694,309.044674
0.224009238,0.134765259,0.00150000001,7340.31401,310.020256
0.216869809,0.127643769,0.00350000011,7192.23649,308.956913
0.220411815,0.131533755,0.00350000011,7291.93067,309.188241
0.215541911,0.126808911,0.00350000011,7171.18433,308.977724
0.225395565,0.137180041,0.00150000001,7351.31795,310.237412
0.221393147,0.133665969,0.00150000001,7316.4432,309.91882
0.218936013,0.12181379,0.00150000001,7147.30249,309.371715
0.214643617,0.127913781,0.00150000001,7178.84341,309.619239
0.216769494,0.129446982,0.00350000011,7224.43953,309.129863
0.216026425,0.12314736,0.00150000001,7117.25699,309.425822
0.213515031,0.126090476,0.00150000001,7162.57418,309.556933
0.217233745,0.131289962,0.00350000011,7258.66646,309.33498
0.21671429,0.121965415,0.00350000011,7114.74382,309.049417
0.213344909,0.124680886,0.00150000001,7152.09859,309.496822
0.219238404,0.133626961,0.00350000011,7295.44297,309.547014
0.212657232,0.12577308,0.00350000011,7159.27623,309.019705
0.220480635,0.135701498,0.00150000001,7330.66884,310.066468
0.213033541,0.124182075,0.00150000001,7140.59185,309.496381
0.214959251,0.13054706,0.00350000011,7227.40725,309.368894
0.211748239,0.127200733,0.00350000011,7180.71048,309.178223
0.212208221,0.124832047,0.00150000001,7151.24513,309.553605
0.212229654,0.128512233,0.00350000011,7184.28692,309.287454
0.213118986,0.123277891,0.00350000011,7153.59826,308.936829
0.216895018,0.134055427,0.00166683389,7287.92304,310.009369
0.214960295,0.13211111,0.00150000001,7257.55371,309.879923
0.210403771,0.125145898,0.00150000001,7156.46758,309.610741
0.212641832,0.130306368,0.00150000001,7210.49757,309.854949
0.214646957,0.119771976,0.00150000001,7157.06539,309.391808
0.211505045,0.130364795,0.00350000011,7212.21503,309.591083
0.213239303,0.120690657,0.00350000011,7173.81856,309.013504
0.208945435,0.127735838,0.00150000001,7191.57725,309.751234
0.212045118,0.131361039,0.00294933509,7225.78366,309.909186
0.211892061,0.131102763,0.00150000001,7223.65965,309.94905
0.213438109,0.119789388,0.00150000001,7176.46027,309.40713
0.211947393,0.120846407,0.00150000001,7181.07366,309.444788
0.207260839,0.127498519,0.00350000011,7208.52222,309.473372
0.20856884,0.129429778,0.00244517715,7200.1631,309.902531
0.212376003,0.119543686,0.00150000001,7186.71905,309.412889
0.206181023,0.12567722,0.00150000001,7204.05042,309.655273
0.207975938,0.123592268,0.00150000001,7187.15415,309.555659
0.208324513,0.123390367,0.00350000011,7180.27603,309.012343
0.205404503,0.126467827,0.00350000011,7202.26736,309.455158
0.204360288,0.125703585,0.00150000001,7206.59542,309.715018
0.213098618,0.118218813,0.00336684592,7188.74399,309.206366
0.207235597,0.122278385,0.00150000001,7186.95685,309.525011
0.204238186,0.127023855,0.00178634804,7210.63777,309.862451
0.204495094,0.124388894,0.00150000001,7198.2859,309.616587
0.21218201,0.117709586,0.00336680336,7193.76322,309.199759
0.211736595,0.117462133,0.00176601563,7194.40477,309.300415
0.20358382,0.124402274,0.00150000001,7200.69758,309.622589
0.208451412,0.119092068,0.00150000001,7194.11648,309.415063
0.202969971,0.124932818,0.00350000011,7206.85632,309.363642
0.210832239,0.116959715,0.00176465508,7196.54494,309.290186
0.201687409,0.125606757,0.00233305864,7218.78279,309.794359
0.207846757,0.118584209,0.00150000001,7196.31409,309.403622
0.203871033,0.122297424,0.00150000001,7206.20997,309.499787
0.20160539,0.124689464,0.00350000011,7208.70355,309.436082
0.203108517,0.122569192,0.00150000001,7181.06775,309.517822
0.205493173,0.12014296,0.00350000011,7188.67071,308.896401
0.203470403,0.120946134,0.00350000011,7196.31567,308.906765
0.209097814,0.116353048,0.00350000011,7197.78472,309.077253
0.202206449,0.122570747,0.00350000011,7188.84927,309.086308
0.208981683,0.115931627,0.00178357812,7198.04283,309.252254
0.205447691,0.119074444,0.00350000011,7198.67614,308.870921
0.200227783,0.123402237,0.00350000011,7204.21498,309.308422
0.20397037,0.119174908,0.00150000001,7191.04724,309.422116
0.199753317,0.122099711,0.00150000001,7202.41958,309.537141
0.202520451,0.119365265,0.00350000011,7192.84801,308.84037
0.198493015,0.123832094,0.00233329486,7203.06639,309.735394
0.199881361,0.120778973,0.00150000001,7191.41336,309.457224
0.204455589,0.116403631,0.00350000011,7196.86382,308.859517
0.197802705,0.123448589,0.00316667383,7189.70662,309.667498
0.202005018,0.118033913,0.00350000011,7193.7248,308.806869
0.202075975,0.117425245,0.00150000001,7189.10955,309.359134
0.205285485,0.114225028,0.00150000001,7198.28861,309.227781
0.201683982,0.116968612,0.00350000011,7190.39353,308.788346
0.203969489,0.114013729,0.00150000001,7197.78196,309.223079
0.198865612,0.11815037,0.00150000001,7186.21779,309.33846
0.195736984,0.122300967,0.00266671394,7163.29872,309.650848
0.20012308,0.114316302,0.00350000011,7189.26218,308.742235
0.194129973,0.121408182,0.00183338771,7166.01554,309.636255
0.193048892,0.120114605,0.00150000001,7138.19416,309.502993
0.199510698,0.113084931,0.00150000001,7191.52431,309.164967
0.192587229,0.119333723,0.00350000011,7122.6061,309.104591
0.194236565,0.117451476,0.00350000011,7162.1521,308.811943
0.193034161,0.118537126,0.00350000011,7141.57409,308.960525
0.191980473,0.119344117,0.00350000011,7113.59181,309.134582
0.198595087,0.112060119,0.00150000001,7192.76483,309.100379
0.200349747,0.111136106,0.0031917197,7194.97764,308.861253
0.195551633,0.114969961,0.00350000011,7187.62038,308.623947
0.192123152,0.117514335,0.00150000001,7136.36643,309.271729
0.197944972,0.11170649,0.00350000011,7193.2779,308.675114
0.195970816,0.11358505,0.00350000011,7189.12497,308.61284
0.19372822,0.115632726,0.00350000011,7164.03197,308.664542
0.189856194,0.118305504,0.00150000001,6998.58128,309.32921
0.196776895,0.111053417,0.00150000001,7191.05896,309.029819
0.194114882,0.11356745,0.00350000011,7184.82766,308.57583
0.18985468,0.118844943,0.00350000011,6960.95602,309.119204
0.18924107,0.119360566,0.00150000001,7029.87093,309.447689
0.189088117,0.119620355,0.00212652768,7012.73763,309.494152
0.196436572,0.108962118,0.00283603587,7193.96828,308.690225
0.189101965,0.115538729,0.00150000001,7131.01843,309.155129
0.189502752,0.113470818,0.00150000001,7165.80469,309.079527
0.1943626,0.107984321,0.00150000001,7195.34902,308.744611
0.183444594,0.117961796,0.00150000001,7044.88976,309.321501
0.193199758,0.108394857,0.00350000011,7195.61827,308.4778
0.190235844,0.111529932,0.00350000011,7185.73664,308.473984
0.192758691,0.108031007,0.00150000001,7195.99124,308.766922
0.183918296,0.116195418,0.00150000001,7090.27661,309.189652
0.192973704,0.107862754,0.00350000011,7196.27256,308.462443
0.192175166,0.10804457,0.00350000011,7196.04029,308.435133
0.182575559,0.117950153,0.00350000011,7045.23298,308.834744
0.188721154,0.111508407,0.00350000011,7180.27247,308.467777
0.185433035,0.114771276,0.00350000011,7123.82599,308.603907
0.192408758,0.107442347,0.00350000011,7196.66959,308.432839
0.182986824,0.116198104,0.00350000011,7088.55271,308.688161
0.181280122,0.117684061,0.00350000011,7049.90075,308.811658
0.182429436,0.115988102,0.00150000001,7087.40425,309.213075
0.191521191,0.106452494,0.0021669892,7198.00825,308.447294
0.182081865,0.115735862,0.00350000011,7092.69004,308.669834
0.182108824,0.12022347,0.00350000011,7026.65697,309.151011
0.179592506,0.117962136,0.00150000001,7043.27592,309.382392
0.191471807,0.106691079,0.00350000011,7197.31978,308.381109
0.182231689,0.114983631,0.00350000011,7096.03334,308.637506
0.180485752,0.119408052,0.00350000011,7024.96729,308.968481
0.183333083,0.113375426,0.00150000001,7125.85945,309.057944
0.184379891,0.122236036,0.00334243432,7022.91573,309.757705
0.185535833,0.111708386,0.00350000011,7160.75608,308.49836
0.181735663,0.121288312,0.00150000001,7022.37741,309.689858
0.190523876,0.106280155,0.00283333537,7199.53288,308.360908
0.189763671,0.106406107,0.00150000001,7199.38704,308.548676
0.18379258,0.112099583,0.00150000001,7141.39014,308.99536
0.180599527,0.114907705,0.00150000001,7085.98732,309.171983
0.186982731,0.108491832,0.00150000001,7186.59737,308.750391
0.183191677,0.112092184,0.00150000001,7138.72348,308.994364
0.181575556,0.122065639,0.00150000001,7023.04488,309.779739
0.179522075,0.115533781,0.00350000011,7072.20355,308.721767
0.182826253,0.12309917,0.00320785956,7022.51289,309.854415
0.187351903,0.107271201,0.00150000001,7200.00997,308.618979
0.178154645,0.116440012,0.00150000001,7062.97743,309.309072
0.177717596,0.119059072,0.00350000011,7028.62815,308.923096
0.18878882,0.106530769,0.00350000011,7202.84392,308.318498
0.181542801,0.111810934,0.00150000001,7117.21713,308.95862
0.180014167,0.11386678,0.00150000001,7094.94986,309.120532
0.176016683,0.117443456,0.00150000001,7044.97396,309.388994
0.181339013,0.123925414,0.00257294422,7018.47905,309.959863
0.180183738,0.112568292,0.00150000001,7104.9766,309.017269
0.175415258,0.117441923,0.00150000001,7044.42162,309.386308
0.179862245,0.112917679,0.00350000011,7106.45076,308.665312
0.17975036,0.123598232,0.00150000001,6999.6449,309.919817
0.174642324,0.119273472,0.00150000001,7029.3804,309.508426
0.17447559,0.118873747,0.00350000011,7039.88468,308.931837
0.173139305,0.118208945,0.00150000001,7052.00023,309.401855
0.173893902,0.116760554,0.00350000011,7062.47412,308.887764
0.179871906,0.124567425,0.00350000011,7006.09919,309.81443
0.172656211,0.118300651,0.00350000011,7050.94884,308.921174
0.173157908,0.117163683,0.00150000001,7062.16771,309.323297
0.17759545,0.112623918,0.00350000011,7094.93904,308.783547
0.176986129,0.112616176,0.00323470029,7094.2937,308.852105
0.175105566,0.113660934,0.00293898032,7077.63217,308.951863
0.17391646,0.115188185,0.00350000011,7075.07887,308.909002
0.176730457,0.124063818,0.00150000001,7032.81103,309.903158
0.174828485,0.12169777,0.00150000001,7028.33385,309.684794
0.174270843,0.114297707,0.00150000001,7074.06486,309.141618
0.174371151,0.121942458,0.00150000001,7032.95402,309.695755
0.17025381,0.117738729,0.00350000011,7062.38697,308.995437
0.17286923,0.120866682,0.00350000011,7032.95783,309.018887
0.171452959,0.115690156,0.00243410508,7068.58394,309.110636
0.174805193,0.123231278,0.00150000001,7039.48544,309.803971
0.170541384,0.119488458,0.00150000001,7051.00998,309.434404
0.174186854,0.122936749,0.00350000011,7038.23333,309.203626
0.169795915,0.118511521,0.00350000011,7061.34452,308.989893
0.170106567,0.116438154,0.00215938418,7061.24696,309.170652
0.177514054,0.12605039,0.00163422005,7042.62255,310.104601
0.172243218,0.121275385,0.00150000001,7033.43241,309.613907
0.170679325,0.119570217,0.00350000011,7049.91172,308.966871
0.174931046,0.124538421,0.00150000001,7049.89282,309.916578
0.169176963,0.119202233,0.00150000001,7053.37394,309.394109
0.167830522,0.118392402,0.00150000001,7062.5414,309.346861
0.175773431,0.126669954,0.00150000001,7055.32634,310.11644
0.175314915,0.126580953,0.00350000011,7055.27336,309.810074
0.173221868,0.125498511,0.00350000011,7052.09409,309.476956
0.172307406,0.126000423,0.00350000011,7052.62909,309.49382
0.167548812,0.121916833,0.00150000001,7050.12098,309.550236
0.167676992,0.121616722,0.00350000011,7056.29594,308.987867
0.166324829,0.120934663,0.00150000001,7055.5966,309.474732
0.167971845,0.123306054,0.00150000001,7041.99092,309.646241
0.167677433,0.123683613,0.00150000001,7053.48609,309.654278
0.170270078,0.126749103,0.00150000001,7051.93269,309.974862
0.164295923,0.11966629,0.00322195791,7062.9156,309.227831
0.169860792,0.126450886,0.00350000011,7052.35253,309.406809
0.165631329,0.123124034,0.00150000001,7049.95155,309.571255
0.163954721,0.122413283,0.00350000011,7059.73826,309.041911
0.16539519,0.123838301,0.00350000011,7044.87278,309.055307
0.16919292,0.128035541,0.00150000001,7052.39096,310.04496
0.162294222,0.120778343,0.00233319842,7053.56589,309.313784
0.165698993,0.124909795,0.00350000011,7044.17334,309.09813
0.164200791,0.124331547,0.00150000001,7039.66254,309.604153
0.166924595,0.126793548,0.00350000011,7047.28501,309.294656
0.163512279,0.123925902,0.00350000011,7044.28641,309.05458
0.166151511,0.12725289,0.00350000011,7050.13822,309.297578
0.161347029,0.122536745,0.00350000011,7053.56255,309.114898
0.163595752,0.125650956,0.00150000001,7044.98388,309.650754
0.161780758,0.123495659,0.00150000001,7039.59216,309.497687
0.160959312,0.121519965,0.00166686136,7064.04024,309.380475
0.15981763,0.12215423,0.0031664053,7044.9058,309.280777
0.159986407,0.123961034,0.00150000001,7041.70387,309.457191
0.167532006,0.131595971,0.00252117392,7052.08263,310.241516
0.159981469,0.124480453,0.00150000001,7041.37356,309.469087
0.164333031,0.128379606,0.00350000011,7046.76613,309.320476
0.165987778,0.13004513,0.00350000011,7052.06781,309.639521
0.164610432,0.129758708,0.00150000001,7051.37776,309.993325
0.158797607,0.123930821,0.00150000001,7022.4231,309.462649
0.164998677,0.131069285,0.00350000011,7051.83871,309.719948
0.165480172,0.131874374,0.00150000001,7051.39264,310.208539
0.161295788,0.127731572,0.00150000001,7044.23148,309.688759
0.163019277,0.129560271,0.00350000011,7050.00913,309.373739
0.160319351,0.127327297,0.00350000011,7039.96377,309.092658
0.159180602,0.12632458,0.00350000011,7024.23692,309.058146
0.157309699,0.123893825,0.00150000001,7008.5917,309.433314
0.160401354,0.128358868,0.00150000001,7039.24586,309.697899
0.159584305,0.127633761,0.00350000011,7028.04496,309.098841
0.16141623,0.12955274,0.00350000011,7046.57352,309.288586
0.162598374,0.132600574,0.00150000001,7051.06363,310.149297
0.157238976,0.128559772,0.00150000001,7027.83488,309.632172
0.160414352,0.132080182,0.00350000011,7050.93336,309.543095
0.160771428,0.133097835,0.00150000001,7051.04292,310.127669
0.159360214,0.131803311,0.00350000011,7047.93113,309.443521
0.159017981,0.131287743,0.00350000011,7040.38905,309.366893
0.157415552,0.129667543,0.00350000011,7028.87711,309.164655
0.156312184,0.130566933,0.00150000001,7033.8484,309.806982
0.155068842,0.129271652,0.00350000011,7015.42782,309.103508
0.152078245,0.127262138,0.00150000001,6915.51332,309.548492
0.158154925,0.133360022,0.00150000001,7048.75047,310.086746
0.155827096,0.1314918,0.00350000011,7038.96833,309.292625
0.15375519,0.129385806,0.00350000011,6998.52766,309.097622
0.157596369,0.133439837,0.00350000011,7048.2309,309.590219
0.159654511,0.135972359,0.00283296252,7051.38552,310.276495
0.158501302,0.134906177,0.00150000001,7051.77228,310.22556
0.150095422,0.125474359,0.00150000001,6861.48273,309.58172
0.152468448,0.130131507,0.00350000011,7010.00734,309.145242
0.149349239,0.125757675,0.00150000001,6869.52816,309.594036
0.150977699,0.129128029,0.00350000011,6981.34092,309.088195
0.149642625,0.127803312,0.00350000011,6918.96428,309.070654
0.153762842,0.132973492,0.00350000011,7037.93977,309.436244
0.156931747,0.136445308,0.00150000001,7053.25109,310.313184
0.147554738,0.125798221,0.00150000001,6864.98484,309.622987
0.153521891,0.133404659,0.00350000011,7044.0881,309.489808
0.152744526,0.133883932,0.00150000001,7042.08133,310.078875
0.148063043,0.129347115,0.00150000001,6958.26928,309.72751
0.148848475,0.122524287,0.00241687464,6866.4956,309.472336
0.147392932,0.123444635,0.00150000001,6866.24303,309.616359
0.145083123,0.127705671,0.00150000001,6916.65605,309.742712
0.154700499,0.137493949,0.00350000011,7054.39802,310.063862
0.1455036,0.123963253,0.00350000011,6868.54998,309.16145
0.144296669,0.12428821,0.00150000001,6862.94953,309.65871
0.147465348,0.132008232,0.00150000001,6990.38149,309.963925
0.142198194,0.125927851,0.00350000011,6870.70767,309.209679
0.144688169,0.129967196,0.00150000001,6947.02525,309.90047
0.147209943,0.132399358,0.00350000011,6994.23028,309.536712
0.147962684,0.13384004,0.00150000001,7011.26736,310.08153
0.143255364,0.123729428,0.00350000011,6857.66449,309.167892
0.141316414,0.125140117,0.00150000001,6877.20492,309.751649
0.146771052,0.133193778,0.00350000011,6993.69173,309.656745
0.140827958,0.125516377,0.00350000011,6871.4299,309.245232
0.141945081,0.128958867,0.00150000001,6918.20993,309.939869
0.150389718,0.13710804,0.00165330642,7052.71312,310.238752
0.141183288,0.128710826,0.00150000001,6905.27511,309.94586
0.141037887,0.128974596,0.00150000001,6915.45239,309.957984
0.139333841,0.127170808,0.00150000001,6887.03382,309.918659
0.140621708,0.124256587,0.00350000011,6862.86418,309.204816
0.144285204,0.132849204,0.00150000001,6981.71315,310.064973
0.142433076,0.130784686,0.00150000001,6944.50076,310.003155
0.144263683,0.120150749,0.00150000001,6852.90401,309.571477
0.139481107,0.128118843,0.00350000011,6910.74818,309.487471
0.139358817,0.128216545,0.00150000001,6902.79435,309.96669
0.140707059,0.122839587,0.00150000001,6871.53956,309.689402
0.139179106,0.128123712,0.00350000011,6899.97741,309.507639
0.141008134,0.12296293,0.00350000011,6871.07261,309.180232
0.138910681,0.124764072,0.00350000011,6877.63634,309.275243
0.142921516,0.132612429,0.00150000001,6965.07397,310.103696
0.14083992,0.122052481,0.00150000001,6872.17606,309.668699
0.139017397,0.123676831,0.00150000001,6865.01486,309.762183
0.14141161,0.121146419,0.00350000011,6874.45928,309.221303
0.140929646,0.131852446,0.00207109294,6943.11966,310.093205
0.140321797,0.13151475,0.00316700221,6940.51261,310.013404
0.138922446,0.122867031,0.00150000001,6880.45474,309.724395
0.136853638,0.124593068,0.00150000001,6891.1087,309.83695
0.142799528,0.119163763,0.00333670062,6867.94741,309.404881
0.139688829,0.130989404,0.00350000011,6931.61724,309.875657
0.13480867,0.127239657,0.00150000001,6901.04026,309.99071
0.139770617,0.120767133,0.00150000001,6887.31728,309.64968
0.142315794,0.118895022,0.00177880162,6880.58977,309.499814
0.137498585,0.129946304,0.00163439547,6915.36115,310.121982
0.134621394,0.125407788,0.00150000001,6916.40324,309.870178
0.141374242,0.118544771,0.00350000011,6889.61104,309.342216
0.134574956,0.124535955,0.00350000011,6896.93785,309.392888
0.132368079,0.126229436,0.00150000001,6924.48001,309.979354
0.134994389,0.123255191,0.00350000011,6890.03669,309.283167
0.137933629,0.119389862,0.00350000011,6896.03666,309.185363
0.136018002,0.120725804,0.00350000011,6890.70315,309.167967
0.139464857,0.117311166,0.00228585598,6902.05345,309.42662
0.134794984,0.12080359,0.00350000011,6888.75319,309.174625
0.138810872,0.117293582,0.00350000011,6903.6698,309.293631
0.13043681,0.126023093,0.00277654156,6909.45457,309.989614
0.137906836,0.117659102,0.00150000001,6902.32689,309.557294
0.133286397,0.121759474,0.00150000001,6892.81551,309.746526
0.134610031,0.120015733,0.00350000011,6895.32579,309.151027
0.129990041,0.125774888,0.00336179321,6906.65415,309.917459
0.136550557,0.11794133,0.00150000001,6900.83415,309.583887
0.136099435,0.117866204,0.00350000011,6900.66193,309.164301
0.129155879,0.12444576,0.00150000001,6921.3212,309.94663
0.136228749,0.11689847,0.00150000001,6902.23753,309.536831
0.132626801,0.120096916,0.00350000011,6895.82628,309.142957
0.129111222,0.122349569,0.00150000001,6908.44698,309.798438
0.128221537,0.123060716,0.00350000011,6900.15233,309.505133
0.132508762,0.118246195,0.00150000001,6900.17788,309.618593
0.12762619,0.123594359,0.00350000011,6900.92475,309.630062
0.133946497,0.116147009,0.00150000001,6900.4984,309.507002
0.132151806,0.116695117,0.00150000001,6895.51297,309.540201
0.134763596,0.114699355,0.00166313016,6901.29976,309.358811
0.126112316,0.123447309,0.00150000001,6898.60413,309.948269
0.126382977,0.121864979,0.00150000001,6900.95965,309.804668
0.125517963,0.122597463,0.00350000011,6889.91421,309.613637
0.132440159,0.115312716,0.00350000011,6900.45448,309.080351
0.131641007,0.114350709,0.00150000001,6900.42469,309.39936
0.124212907,0.122565369,0.00164330463,6884.07179,309.921212
0.122876188,0.121822748,0.00217726424,6868.5062,309.859474
0.131188359,0.112713114,0.00204575306,6901.2358,309.173802
0.125284589,0.118191432,0.00350000011,6893.8251,309.064864
0.128755849,0.113610881,0.00150000001,6899.13026,309.356553
0.122204139,0.119549938,0.00350000011,6865.13828,309.310943
0.124442006,0.115419146,0.00350000011,6887.35188,308.884663
0.127901638,0.112270221,0.00350000011,6898.671,308.903914
0.123172911,0.1161522,0.00350000011,6878.41039,308.917455
0.121437634,0.118264537,0.00350000011,6871.27903,309.143855
0.123835255,0.115321115,0.00150000001,6878.49539,309.422241
0.125568871,0.113412032,0.00150000001,6893.78848,309.337922
0.126915835,0.112071399,0.00150000001,6897.36009,309.235441
0.128240565,0.111075448,0.00259819737,6898.16695,308.986586
0.123196035,0.115642416,0.00350000011,6879.88637,308.884686
0.128049289,0.110969186,0.00322074588,6898.60323,308.944104
0.121466266,0.116149286,0.00150000001,6879.39297,309.438848
0.127614838,0.110727825,0.00318835399,6897.84951,308.922711
0.126444279,0.1107704,0.00150000001,6898.16343,309.110587
0.127387854,0.110601722,0.00333533837,6897.82782,308.903209
0.118150513,0.118326438,0.00150000001,6742.49369,309.555656
0.124192902,0.111075702,0.00150000001,6896.95921,309.151664
0.117700928,0.118060339,0.00350000011,6746.38348,309.177576
0.125376123,0.109484093,0.00216559811,6897.47259,308.845629
0.120016373,0.114377952,0.00350000011,6874.21394,308.790388
0.124634784,0.10976056,0.00350000011,6898.05449,308.729646
0.11816332,0.115786148,0.00150000001,6836.53793,309.383066
0.118237211,0.11572849,0.00350000011,6841.31459,308.882671
0.120352565,0.113001115,0.00150000001,6883.58786,309.263255
0.121626515,0.111649394,0.00150000001,6893.23044,309.190349
0.116943171,0.119350138,0.00150000001,6708.06306,309.681957
0.115323365,0.117740611,0.00150000001,6762.17277,309.499984
0.122919734,0.109538115,0.00150000001,6897.73148,308.990886
0.120784522,0.111283789,0.00350000011,6895.51907,308.652249
0.115124753,0.119322908,0.00350000011,6707.62457,309.387765
0.119525731,0.111066518,0.00150000001,6894.45723,309.126931
0.112895195,0.117974399,0.00350000011,6735.97851,309.094634
0.119005754,0.111064626,0.00150000001,6890.23413,309.121743
0.112868487,0.119016201,0.00350000011,6723.23875,309.262795
0.121457074,0.107885083,0.00350000011,6900.08168,308.526306
0.114464924,0.114858157,0.00150000001,6831.05103,309.297051
0.121602535,0.107387656,0.00274133082,6900.84786,308.536735
0.11366864,0.121520065,0.00233318114,6720.03794,309.94118
0.11798784,0.10993408,0.00350000011,6894.71697,308.541485
0.11096197,0.11928967,0.00150000001,6729.09442,309.667174
0.110085838,0.118345095,0.00350000011,6735.43309,309.08144
0.112509766,0.114592813,0.00150000001,6820.09733,309.283437
0.120455799,0.106781975,0.00216636707,6900.58286,308.484579
0.117749053,0.109499005,0.00350000011,6895.68934,308.515618
0.10979888,0.117135645,0.00350000011,6752.32453,308.958242
0.118364436,0.107943956,0.00150000001,6899.29514,308.78616
0.109932629,0.116128162,0.00150000001,6779.8909,309.405509
0.11420328,0.110361107,0.00350000011,6877.55076,308.561249
0.109711889,0.115556557,0.00350000011,6787.61894,308.843122
0.107107674,0.117706308,0.00350000011,6738.72026,309.006234
0.11050709,0.113542461,0.00350000011,6820.55936,308.74095
0.108497248,0.115954952,0.00350000011,6769.05416,308.884887
0.11500141,0.109011258,0.00150000001,6885.9989,308.858394
0.10620343,0.117806131,0.00150000001,6737.27362,309.553096
0.114465833,0.109274674,0.00350000011,6881.01429,308.50112
0.114774977,0.10884679,0.00150000001,6885.98269,308.831994
0.109177703,0.121770079,0.00350000011,6718.52871,309.54967
0.109063812,0.113645021,0.00150000001,6802.95851,309.224589
0.110038809,0.12353664,0.00233258155,6718.30545,310.102763
0.114027293,0.108804463,0.00350000011,6881.40223,308.48084
0.108544274,0.114098868,0.00350000011,6797.84633,308.80474
0.106521112,0.120523234,0.00150000001,6717.20022,309.755129
0.107187203,0.120749551,0.00350000011,6712.70788,309.29957
0.108608681,0.112869224,0.00150000001,6797.72852,309.149138
0.112603272,0.109577016,0.00350000011,6868.29731,308.545868
0.111530743,0.108980278,0.00207676032,6870.32528,308.629365
0.107375732,0.122600464,0.00150000001,6702.16474,309.968048
0.10908889,0.12406437,0.00233428558,6715.29303,310.126728
0.10888849,0.111661246,0.00350000011,6828.51996,308.71728
0.10617025,0.113879063,0.00350000011,6777.07678,308.850608
0.104278539,0.115424935,0.00150000001,6767.41761,309.336571
0.101350183,0.118087747,0.00350000011,6738.55581,309.035867
0.106302837,0.112579937,0.00150000001,6803.63954,309.092937
0.10707828,0.111617274,0.00350000011,6808.51458,308.789877
0.104173031,0.121885103,0.00350000011,6713.97352,309.315062
0.10201092,0.115133883,0.00150000001,6777.36091,309.273427
0.106876992,0.124947317,0.00150000001,6703.86093,310.1512
0.102776452,0.121268991,0.00150000001,6717.79298,309.778675
0.105379929,0.112397398,0.00323013529,6793.98013,308.890476
0.0999998465,0.117285808,0.00350000011,6753.59358,309.031121
0.10677009,0.125352594,0.00266776313,6704.10778,310.148082
0.0990732193,0.118316966,0.00350000011,6751.93784,309.052504
0.106762583,0.125356762,0.0033335944,6704.54613,310.089133
0.0992447556,0.117190603,0.00150000001,6757.35437,309.401989
0.103498444,0.123355381,0.00350000011,6723.54262,309.457805
0.0992111056,0.119616223,0.00350000011,6733.12747,309.07197
0.102283881,0.122841528,0.00350000011,6728.29446,309.34359
0.0989392472,0.115975555,0.00294804806,6751.95878,309.152711
0.0990579933,0.119874424,0.00350000011,6742.3002,309.080052
0.10447298,0.125936853,0.00150000001,6732.51177,310.170227
0.0991900667,0.120844327,0.00150000001,6741.49056,309.653621
0.103621023,0.125195771,0.00350000011,6737.57466,309.720553
0.0960421215,0.118796588,0.00350000011,6757.39465,309.121472
0.10241029,0.125359984,0.00150000001,6746.06532,310.08177
0.0955186479,0.117875886,0.0027783823,6751.7457,309.249114
0.0961658757,0.119771328,0.00150000001,6746.03254,309.486509
0.0978258546,0.1214217,0.00350000011,6745.57424,309.128873
0.097807885,0.122474735,0.00350000011,6745.84857,309.178258
0.102514827,0.127023414,0.00350000011,6749.70702,309.928703
0.101810658,0.127415968,0.00150000001,6750.30042,310.21424
0.0993163215,0.125015835,0.00150000001,6743.26038,309.956827
0.09754779,0.123663924,0.00350000011,6743.02656,309.241437
0.0952003029,0.122948439,0.00150000001,6738.78501,309.660539
0.0993058257,0.127595175,0.00150000001,6751.32567,310.143529
0.0936574359,0.122895614,0.00150000001,6759.31563,309.587387
0.0984075152,0.1272334,0.00350000011,6751.38642,309.635642
0.0984132525,0.127572293,0.00150000001,6750.25668,310.107078
0.0937102363,0.123721368,0.00350000011,6752.22667,309.137297
0.0924322935,0.122870945,0.00150000001,6739.4157,309.551202
0.091306885,0.121601651,0.00350000011,6752.13359,309.171408
0.092328923,0.123957235,0.00350000011,6733.93828,309.120941
0.0934526315,0.125960294,0.00350000011,6745.48977,309.237307
0.0908103741,0.123937184,0.00350000011,6748.91364,309.123426
0.0974227357,0.130545567,0.00164681381,6752.07912,310.288695
0.0896087022,0.123403792,0.00350000011,6737.81107,309.155185
0.0918877911,0.126217317,0.00150000001,6740.15924,309.726474
0.0903987247,0.124695676,0.00150000001,6745.96461,309.596375
0.0890030209,0.123396049,0.00350000011,6751.62335,309.154885
0.0909315222,0.126821201,0.00150000001,6740.16068,309.737746
0.0960707781,0.13112346,0.00350000011,6752.09546,310.053979
0.0915595344,0.127941086,0.00150000001,6747.21141,309.845505
0.0887179084,0.124947617,0.00150000001,6728.47669,309.572871
0.0923629943,0.130071123,0.00150000001,6749.43429,310.045812
0.0910980386,0.12925051,0.00350000011,6750.29877,309.39632
0.0893826447,0.127300973,0.00350000011,6741.50299,309.185703
0.0886636876,0.127049899,0.00150000001,6727.58879,309.679847
0.0897619776,0.127678886,0.00350000011,6739.18881,309.218744
0.0935892712,0.132675266,0.00230046799,6750.84122,310.246492
0.0894449324,0.128495002,0.00350000011,6737.53887,309.264789
0.0849684505,0.123737108,0.00273988238,6701.05945,309.382408
0.0920944872,0.133159555,0.00350000011,6751.75316,310.003498
0.0836774223,0.124627366,0.00350000011,6664.93475,309.282738
0.0916207241,0.133768907,0.00206423665,6750.57552,310.252399
0.0827801519,0.125127887,0.00150000001,6609.11708,309.512714
0.082580694,0.125063636,0.00301746463,6577.9037,309.34339
0.082365227,0.125183347,0.00242782394,6545.42729,309.375963
0.0876024671,0.132075188,0.00350000011,6746.99646,309.518315
0.0855044022,0.129745306,0.00350000011,6728.23263,309.235542
0.089937441,0.134704063,0.00292446189,6750.48444,310.190944
0.0858568893,0.131093379,0.00150000001,6743.49352,309.913602
0.0827974763,0.12868612,0.00150000001,6691.20192,309.70266
0.0875590449,0.134140346,0.00350000011,6750.39147,309.771962
0.0812933095,0.124993642,0.00339097829,6558.44367,309.337583
0.083754737,0.130205789,0.00150000001,6727.62216,309.829768
0.0804307898,0.128320129,0.00150000001,6679.26605,309.680016
0.0803181469,0.124626048,0.00150000001,6573.12379,309.553204
0.0825478098,0.131031174,0.00350000011,6729.95945,309.292413
0.0822238557,0.131466141,0.00150000001,6733.44666,309.912739
0.0817763956,0.130265884,0.00350000011,6719.31958,309.238585
0.0786867496,0.127531727,0.00350000011,6629.32744,309.153387
0.0835263624,0.132837653,0.00350000011,6742.94531,309.463413
0.0861430693,0.135970605,0.00150000001,6751.80163,310.238169
0.0792435453,0.123854885,0.00183334035,6573.4199,309.513567
0.0807183834,0.13025531,0.00350000011,6714.22114,309.238152
0.0839718047,0.134556424,0.00150000001,6749.62683,310.146771
0.0764191341,0.126791193,0.00150000001,6607.13612,309.700296
0.0766930422,0.125208378,0.00150000001,6572.19699,309.654401
0.0778584955,0.123085411,0.00216729909,6575.48677,309.509762
0.0783804698,0.130105597,0.00350000011,6700.72342,309.232535
0.0759910062,0.128015368,0.00350000011,6636.52763,309.174542
0.0766433968,0.124139833,0.00350000011,6576.18035,309.288495
0.0785950877,0.131171699,0.00350000011,6712.66543,309.312974
0.0817494045,0.135033056,0.00350000011,6749.56254,309.668114
0.0736589777,0.125229272,0.00150000001,6578.1871,309.719763
0.0769369901,0.130889881,0.00350000011,6702.54682,309.316221
0.0731852511,0.126946665,0.00350000011,6603.53848,309.223872
0.0721291297,0.126186441,0.00350000011,6593.2745,309.227923
0.0794334702,0.133733218,0.00150000001,6736.59045,310.071889
0.0763395474,0.122588952,0.00150000001,6575.57305,309.606827
0.0792107272,0.1338673,0.00350000011,6737.8918,309.558574
0.0736748965,0.128132109,0.00350000011,6634.59385,309.255891
0.0780797841,0.133319457,0.00150000001,6727.21593,310.046654
0.0781884275,0.13300606,0.00350000011,6725.17618,309.490389
0.0712348594,0.126190479,0.00350000011,6587.49293,309.256953
0.0723269449,0.127950715,0.00350000011,6616.97308,309.299532
0.0753750066,0.122051723,0.00350000011,6574.55281,309.382426
0.0703651471,0.126624086,0.00150000001,6590.95589,309.860049
0.077517773,0.134359862,0.00150000001,6728.45344,310.093339
0.0774918924,0.134897653,0.00150000001,6732.39513,310.106697
0.0731601993,0.12237605,0.00150000001,6558.49029,309.664796
0.0691494169,0.12617204,0.00150000001,6576.05721,309.869798
0.0788689942,0.136024691,0.00350000011,6744.63737,309.796888
0.0755043358,0.132552689,0.00350000011,6700.96103,309.544058
0.0738044305,0.131280427,0.00350000011,6671.94208,309.495804
0.0733922115,0.122330371,0.00350000011,6559.56329,309.304257
0.0745382372,0.132057943,0.00150000001,6683.25239,310.008017
0.0742910525,0.132579519,0.00350000011,6689.0015,309.613046
0.0684759245,0.125647863,0.00350000011,6582.0425,309.323951
0.0760012208,0.134905959,0.00150000001,6728.56805,310.088375
0.0711953008,0.122659609,0.00150000001,6556.10422,309.704056
0.0755385527,0.134129107,0.00350000011,6708.62633,309.721477
0.0738424258,0.132849398,0.00350000011,6686.18512,309.663501
0.0742968852,0.133624458,0.00150000001,6698.93068,310.062585
0.077710983,0.136730964,0.00283276705,6750.38243,310.036649
0.0731888597,0.120491168,0.00290130283,6558.25154,309.444639
0.0699237336,0.123638862,0.00350000011,6567.71587,309.235924
0.0715195919,0.131560242,0.00150000001,6652.16844,310.018728
0.0678075864,0.127952917,0.00150000001,6599.4635,309.966345
0.0704325959,0.122407948,0.00150000001,6565.20013,309.710407
0.0671801864,0.125890365,0.00150000001,6590.03563,309.905698
0.0709007508,0.130532294,0.00350000011,6636.20653,309.5914
0.0752477856,0.135187698,0.00150000001,6722.39074,310.108193
0.0747139816,0.135065968,0.00166651539,6715.70138,310.091668
0.0734001277,0.134163195,0.00150000001,6698.47021,310.084625
0.0695283149,0.130799555,0.00150000001,6654.94405,310.010647
0.0664386853,0.127704111,0.00150000001,6614.05291,309.969835
0.0720674768,0.120041311,0.00150000001,6557.86179,309.568117
0.0686066619,0.130288295,0.00150000001,6646.77822,310.010798
0.0707091913,0.120842361,0.00150000001,6561.65435,309.645441
0.0717605347,0.12004406,0.00150000001,6563.12081,309.574892
0.065919302,0.125362933,0.00350000011,6588.57818,309.388507
0.0705047218,0.132727485,0.00226783076,6668.76425,310.047406
0.0672171258,0.12899866,0.00150000001,6615.74121,310.010526
0.0654970361,0.125132159,0.00150000001,6576.8478,309.891875
0.0698855361,0.132383497,0.00320748416,6661.88033,309.985784
0.0694479369,0.132140387,0.00284300181,6648.6239,310.020948
0.0671568311,0.122645838,0.00350000011,6581.59765,309.237222
0.0655514486,0.129282659,0.00150000001,6621.1728,310.043292
0.066204174,0.122934671,0.00150000001,6585.62454,309.805883
0.0685701185,0.119825702,0.00150000001,6595.55266,309.628399
0.0693137055,0.119031189,0.00150000001,6594.63716,309.565494
0.0665035243,0.12109707,0.00350000011,6593.76657,309.203748
0.0618215346,0.125653751,0.00350000011,6598.10434,309.545905
0.0691443163,0.118244201,0.00177367216,6599.80154,309.446895
0.0603131934,0.126198767,0.00350000011,6622.43259,309.702954
0.0612195698,0.124112185,0.00150000001,6615.58687,309.866403
0.0631094724,0.122274831,0.00350000011,6597.78004,309.257634
0.0665767988,0.118548876,0.00150000001,6605.29106,309.5801
0.0617735943,0.123049294,0.00350000011,6589.15227,309.317251
0.0617416111,0.121497049,0.00350000011,6588.68584,309.22415
0.065768675,0.116368841,0.0024018356,6608.08496,309.295928
0.0594548172,0.121230041,0.00350000011,6602.43837,309.234717
0.0562862972,0.124828361,0.00266666486,6617.85192,309.952938
0.0602941647,0.119858014,0.00350000011,6595.5135,309.147923
0.0645786055,0.115881032,0.00350000011,6608.0965,309.174127
0.055832478,0.124576239,0.00233321666,6613.07813,309.967388
0.0621472991,0.117299349,0.00150000001,6607.12722,309.538462
0.063952549,0.115707396,0.00150000001,6607.17028,309.384877
0.0639031104,0.115332419,0.00218100905,6608.13062,309.235172
0.0591465437,0.118644236,0.00350000011,6605.74021,309.087598
0.0627539827,0.114694015,0.00252692943,6607.17728,309.16077
0.0588796059,0.117645392,0.00150000001,6599.96077,309.580688
0.0539950899,0.12355547,0.00233238404,6609.32568,309.92093
0.0553999736,0.119894723,0.00150000001,6598.49124,309.689541
0.0583975417,0.117383775,0.00150000001,6597.75929,309.563433
0.0616387328,0.114423234,0.00150000001,6607.60999,309.283169
0.0572956549,0.117625989,0.00150000001,6602.02161,309.573065
0.0540933984,0.120689124,0.00350000011,6591.72182,309.33144
0.0583202884,0.115734451,0.00350000011,6600.03425,308.9572
0.0587924174,0.114407683,0.00350000011,6605.40678,308.924133
0.0556381456,0.117301073,0.00150000001,6596.99839,309.538562
0.0595468003,0.112912245,0.00256090929,6606.42361,308.982665
0.0516080523,0.121893716,0.00350000011,6596.26326,309.644013
0.0597981973,0.113051912,0.00296334419,6606.69808,308.97588
0.0577310114,0.114153385,0.00350000011,6602.65296,308.885231
0.0525624627,0.118888977,0.00350000011,6587.43984,309.173368
0.0560096983,0.113971617,0.00350000011,6602.3176,308.831419
0.0556402421,0.114183169,0.00150000001,6598.38766,309.312631
0.0525219515,0.116672248,0.00150000001,6588.49253,309.499618
0.0513783928,0.117467919,0.00150000001,6584.67659,309.557148
0.0522442579,0.11513446,0.00150000001,6596.15188,309.376858
0.0559224523,0.111594323,0.00150000001,6603.52413,309.005321
0.051121079,0.115549092,0.00150000001,6592.03428,309.402967
0.050543077,0.116114196,0.00350000011,6579.69111,308.903876
0.0516989382,0.115092315,0.00350000011,6593.25586,308.823707
0.0501110431,0.114881782,0.00350000011,6590.41278,308.790264
0.0464854231,0.119202432,0.00150000001,6474.98747,309.700012
0.0504857142,0.113535104,0.00350000011,6591.6903,308.689947
0.0472624817,0.116792554,0.00350000011,6537.34483,308.998289
0.0463931778,0.116771062,0.00350000011,6536.92638,308.992171
0.0473644059,0.115102475,0.00150000001,6564.69506,309.353402
0.053309468,0.109795718,0.00150000001,6603.21102,308.74807
0.0447541617,0.117500089,0.00350000011,6474.5615,309.107188
0.0441964485,0.118801277,0.00150000001,6424.43809,309.690445
0.045751933,0.115397498,0.00350000011,6556.92105,308.822633
0.0452116415,0.11506353,0.00150000001,6555.6907,309.330468
0.0446034641,0.115601041,0.00150000001,6539.10599,309.375594
0.050484984,0.109082418,0.00150000001,6603.11709,308.661726
0.0504433162,0.108558683,0.00350000011,6603.5878,308.285259
0.0456875124,0.112819796,0.00150000001,6579.98328,309.135262
0.04170463,0.119626533,0.00150000001,6430.69156,309.786047
0.0455131257,0.112305638,0.00350000011,6586.27209,308.522092
0.0422768866,0.115238661,0.00350000011,6534.30921,308.798078
0.0401930856,0.116843063,0.00350000011,6483.44042,308.973124
0.0451815913,0.111902527,0.00150000001,6586.00867,309.034324
0.0435183702,0.113146292,0.00350000011,6567.20259,308.596059
0.0387293702,0.118029079,0.00350000011,6459.0468,309.124756
0.0410427513,0.114880045,0.00350000011,6527.84567,308.767963
0.0387926501,0.118814042,0.00350000011,6448.65715,309.23634
0.0390112465,0.116752635,0.00350000011,6491.82884,308.965122
0.0418358642,0.113248644,0.00150000001,6554.68298,309.160966
0.0411531388,0.113719306,0.00150000001,6547.23701,309.210877
0.0479634864,0.10739523,0.00150000001,6605.58643,308.348879
0.0438299847,0.110420179,0.00350000011,6590.91915,308.346342
0.037475893,0.118429168,0.00350000011,6450.28684,309.170448
0.0472657448,0.106391059,0.0023333365,6608.06505,307.918824
0.0360928828,0.11857135,0.00150000001,6444.98958,309.70659
0.0411856871,0.110510183,0.00150000001,6573.40756,308.834426
0.0361709794,0.120657486,0.00350000011,6424.52377,309.450528
0.0351500223,0.11568686,0.00150000001,6495.13945,309.492643
0.0371621621,0.122857951,0.00216684669,6427.44601,310.033826
0.0362780184,0.11420663,0.00350000011,6512.47572,308.81566
0.0327498114,0.118749344,0.00150000001,6463.31112,309.788749
0.0374034159,0.111726181,0.00150000001,6531.06461,309.012717
0.0319601009,0.118936904,0.00150000001,6465.43589,309.822042
0.0362146395,0.113416226,0.00350000011,6519.57681,308.766925
0.0331724015,0.115780717,0.00150000001,6492.90381,309.549588
0.0346762032,0.121827674,0.00150000001,6429.4101,309.970634
0.0407082079,0.108064607,0.0032074802,6585.95572,308.134655
0.0337755152,0.115020404,0.00350000011,6505.11687,308.959856
0.0373800409,0.110408893,0.00150000001,6553.96015,308.805363
0.034299846,0.11379098,0.00150000001,6512.17306,309.3152
0.0402336491,0.108280315,0.00319344682,6579.75453,308.177399
0.0377316942,0.109417569,0.00200561637,6557.31525,308.477552
0.0388575968,0.109238482,0.00150000001,6564.13469,308.590015
0.0396076579,0.108564857,0.00251132977,6574.80306,308.261253
0.0391007104,0.108961348,0.00350000011,6572.29013,308.307525
0.0332971824,0.121957615,0.00150000001,6450.61512,309.982931
0.0334599686,0.113682883,0.00350000011,6512.43118,308.896435
0.0379975691,0.109296717,0.00162861128,6557.0008,308.510613
0.0332445285,0.122478729,0.00150000001,6452.5459,310.014956
0.0355281241,0.111250172,0.00350000011,6537.76176,308.656402
0.0317378511,0.121023856,0.00350000011,6458.65803,309.405332
0.0350981813,0.11061462,0.00217088867,6534.96451,308.705979
0.0324652429,0.1226681,0.00150000001,6460.97045,310.024453
0.0316710261,0.121543078,0.00150000001,6460.43797,309.973958
0.0347489898,0.111438189,0.00350000011,6527.56317,308.713224
0.0350176404,0.123832733,0.00333354238,6436.7705,309.973506
0.0295184392,0.115971457,0.00150000001,6528.87993,309.642862
0.0319225653,0.122091737,0.00350000011,6458.44982,309.51119
0.0282914989,0.119021715,0.00150000001,6508.23836,309.906077
0.0271958364,0.118349246,0.00350000011,6530.46514,309.377731
0.0313822587,0.122831641,0.00150000001,6460.36651,310.042781
0.0323681985,0.11185552,0.00284887718,6536.15696,308.91888
0.0302719619,0.113641543,0.00350000011,6527.16086,309.087242
0.026884552,0.116509141,0.00150000001,6543.31637,309.775207
0.0304739677,0.122752219,0.00150000001,6457.33391,310.049403
0.0303317583,0.112781175,0.00261405986,6525.53905,309.119246
0.0294938635,0.113828562,0.00350000011,6531.66917,309.150165
0.0260757676,0.119875341,0.00150000001,6530.37638,310.001579
0.0293741724,0.113549697,0.00350000011,6532.56412,309.159524
0.0253955031,0.116849418,0.00350000011,6560.09517,309.48937
0.0283408102,0.114018942,0.00150000001,6540.17467,309.479004
0.0308775661,0.124889742,0.00150000001,6453.52439,310.123362
0.0265412496,0.121851134,0.00150000001,6493.822,310.058375
0.0261930687,0.121430154,0.00350000011,6508.32018,309.485506
0.0238425538,0.115730812,0.0025459904,6570.77933,309.731217
0.0276143269,0.123611509,0.00150000001,6460.94795,310.118003
0.0209869068,0.117985703,0.00150000001,6585.81793,310.137225
0.0276267984,0.125505997,0.00350000011,6435.20452,309.644342
0.0211677943,0.116969468,0.00318287643,6583.60111,309.961905
0.0240139942,0.123361774,0.00150000001,6512.96742,310.161268
0.0215804346,0.120672811,0.00150000001,6582.41622,310.190132
0.0201755829,0.119157425,0.00150000001,6593.45274,310.217183
0.0196695656,0.119307376,0.00150000001,6603.08566,310.240521
0.019536594,0.118249555,0.00183387492,6603.11698,310.205161
0.0214725599,0.121222577,0.00350000011,6575.8167,309.804209
0.0275799619,0.127620157,0.00350000011,6414.92025,309.753041
0.0299999993,0.128230076,0.00206782846,6398.61187,310.20401
0.0194640472,0.118782727,0.00350000011,6613.48298,310.059237
0.0251033931,0.126560854,0.00150000001,6451.96745,310.210528
0.0197846555,0.12121476,0.00350000011,6599.40624,309.983215
0.0274272994,0.129439405,0.00350000011,6407.12216,309.830821
0.0195395612,0.121947697,0.00350000011,6596.67561,310.008002
0.0181012704,0.121188836,0.00233391282,6665.18253,310.348781
0.0262173687,0.129441128,0.00350000011,6421.68393,309.767894
0.0218221438,0.125353421,0.00350000011,6512.00151,309.773187
0.0181867811,0.121734699,0.00150000001,6656.73438,310.385358
0.0218253864,0.125869207,0.00350000011,6503.56302,309.775984
0.0196316033,0.123789679,0.00150000001,6548.36362,310.321333
0.0252442529,0.130578288,0.00150000001,6426.54299,310.290847
0.0284797188,0.133465098,0.00150000001,6401.46278,310.424456
0.0257812977,0.130735518,0.00350000011,6413.25867,309.789512
0.0187510698,0.124824286,0.00150000001,6567.29317,310.37213
0.0287831133,0.13556867,0.00150000001,6402.56903,310.474132
0.0266939165,0.13333231,0.00350000011,6404.00913,309.903173
0.0179999992,0.124285201,0.00333335514,6617.51033,310.341824
0.0284906782,0.135425137,0.00350000011,6402.22546,310.114356
0.0271019564,0.134260349,0.00150000001,6408.63909,310.395258
0.0292438487,0.136735981,0.00350000011,6404.34711,310.22832
0.0192151972,0.12717508,0.00150000001,6520.59201,310.350888
0.023546291,0.132300951,0.00350000011,6424.2659,309.802292
0.0219329327,0.131377538,0.00350000011,6432.38057,309.849752
0.0236690617,0.133241986,0.00150000001,6423.81176,310.334358
0.0213635184,0.131895957,0.00150000001,6427.54116,310.315415
0.0292527044,0.138990952,0.00150000001,6408.64861,310.534065
0.0247968237,0.135142394,0.00350000011,6411.58226,309.859717
0.0219787896,0.132420358,0.00150000001,6420.86225,310.328506
0.0214564111,0.132680321,0.00350000011,6434.79037,309.89413
0.0287878832,0.140149277,0.00350000011,6408.19893,310.214311
0.0205919539,0.132681964,0.00150000001,6432.67951,310.345204
0.0214434845,0.13372764,0.00350000011,6429.02313,309.912411
0.0217383209,0.134773832,0.00350000011,6419.61569,309.913006
0.0201313556,0.133468387,0.00150000001,6427.51645,310.384333
0.0179999992,0.131628498,0.00233331739,6472.22992,310.544929
0.0298476432,0.141984397,0.00350000011,6409.17294,310.38058
0.0294141138,0.1429852,0.00150000001,6410.59367,310.561683
0.0179999992,0.133200571,0.00266665629,6453.67522,310.562822
0.0199787084,0.135298375,0.00150000001,6426.36013,310.431367
0.0262365958,0.142550199,0.00150000001,6412.24753,310.469038
0.0299999993,0.143237865,0.00163520786,6409.43449,310.569503
0.0219427958,0.138183936,0.00350000011,6409.27724,309.97881
0.0247894109,0.141735784,0.00350000011,6411.77936,309.965279
0.026211642,0.143850489,0.00350000011,6406.42359,310.023466
0.029312055,0.147172502,0.00350000011,6399.45754,310.281294
0.0187579009,0.138441309,0.00350000011,6431.6325,310.422064
0.0289580025,0.148151752,0.00350000011,6388.22987,310.23874
0.0196717486,0.139487332,0.00350000011,6418.34009,310.267659
0.0284743477,0.148376976,0.00350000011,6393.98188,310.183499
0.0231776151,0.14323265,0.00150000001,6408.36686,310.494842
0.0289499668,0.149181854,0.00350000011,6377.8034,310.234601
0.0299999993,0.149226131,0.00283478264,6376.45604,310.46976
0.029698912,0.149454626,0.00350000011,6373.47978,310.323213
0.021625066,0.143376867,0.00150000001,6415.48985,310.556155
0.0179999992,0.14029667,0.00183339268,6428.12615,310.86253
0.0293967889,0.150929456,0.00150000001,6341.12808,310.591315
0.0224199482,0.145280012,0.00350000011,6413.17047,310.093723
0.0196042987,0.14292423,0.00350000011,6427.63956,310.398658
0.0265272359,0.150657075,0.00150000001,6382.98158,310.621851
0.0294103029,0.152543545,0.00350000011,6321.75528,310.206528
0.0301828867,0.15157118,0.00248565498,6197.13563,310.431697
0.0302541207,0.151610755,0.00162010481,6262.08458,310.540353
0.0234572978,0.148931867,0.00150000001,6410.7653,310.648256
0.0297391403,0.154093568,0.00150000001,6325.8085,310.664384
0.0309436463,0.151993827,0.00318203823,6286.21964,310.449998
0.0190391291,0.145098554,0.00350000011,6431.27673,310.570775
0.0283821414,0.154404619,0.00350000011,6349.60218,310.16891
0.0195186991,0.146055147,0.00150000001,6429.65763,310.844912
0.0216457149,0.14768027,0.00350000011,6425.2212,310.261635
0.0251271295,0.151973905,0.00150000001,6404.09342,310.683276
0.0297659139,0.1556761,0.00150000001,6340.97304,310.695994
0.0192190763,0.146596429,0.00350000011,6425.22455,310.624735
0.0317059485,0.153804571,0.00350000011,6299.65145,310.302655
0.0187662123,0.146333444,0.00350000011,6444.17798,310.711758
0.0279544247,0.155213659,0.00350000011,6375.99522,310.178635
0.0187597066,0.147381484,0.00150000001,6434.49653,311.045449
0.0315721238,0.154594503,0.00150000001,6306.83945,310.671578
0.0250793579,0.153087983,0.00350000011,6409.58244,310.203451
0.0226979237,0.151023863,0.00150000001,6425.545,310.79417
0.0299349402,0.156996897,0.00350000011,6344.36376,310.220047
0.0244960297,0.153823068,0.00150000001,6419.2571,310.808121
0.0312900611,0.155644025,0.00150000001,6322.16311,310.697426
0.0208696089,0.15052383,0.00150000001,6440.03757,310.926218
0.0219719768,0.151792946,0.00350000011,6431.73451,310.441713
0.0186053474,0.149206335,0.00350000011,6442.66664,310.930996
0.0192131697,0.149728657,0.00350000011,6443.73103,310.809629
0.0283369504,0.158204144,0.00350000011,6378.69317,310.354518
0.0321966239,0.156172311,0.00350000011,6308.35427,310.238311
0.022386465,0.152577572,0.00150000001,6437.7472,310.913253
0.0285224912,0.158972161,0.00350000011,6377.43291,310.411933
0.0179999992,0.148953055,0.00166553599,6447.29693,311.328457
0.0317951405,0.157443982,0.00150000001,6324.58862,310.727012
0.0229142888,0.154102282,0.00350000011,6435.13898,310.48162
0.032958189,0.156426141,0.00350000011,6302.92375,310.250576
0.0315956761,0.157771549,0.00350000011,6343.42281,310.204079
0.0222254235,0.153848187,0.00150000001,6444.31687,311.024458
0.0277872644,0.159641467,0.00150000001,6387.88824,311.00099
0.0303754311,0.160418988,0.00150000001,6365.1528,310.905282
0.0195337706,0.152344778,0.00350000011,6463.00748,310.931255
0.0300915497,0.161977249,0.00150000001,6356.49224,311.03714
0.0210042224,0.155257837,0.00350000011,6465.58921,310.902794
0.026283528,0.160709086,0.00150000001,6401.23654,311.192306
0.0288986145,0.163194179,0.00350000011,6381.73402,310.949927
0.0183023473,0.153416604,0.00150000001,6471.14197,311.581492
0.0316074882,0.16100532,0.00350000011,6354.52065,310.406451
0.0370794366,0.156096414,0.00150000001,6298.70685,310.708496
0.0192041541,0.155392476,0.00150000001,6475.18109,311.601468
0.0275383216,0.163481305,0.00350000011,6391.04877,311.24134
0.0376002085,0.155691917,0.00266675024,6300.43275,310.621392
0.0264629735,0.163232068,0.00222914263,6404.85468,311.585548
0.0304355523,0.164057219,0.00150000001,6371.2329,311.209352
0.0196372265,0.157312046,0.00150000001,6470.47349,311.692629
0.0216336601,0.159133065,0.00350000011,6471.18071,311.298027
0.0381445719,0.156342055,0.00350000011,6302.34608,310.468064
0.0368084801,0.158753969,0.00350000011,6309.63963,310.232038
0.0233116512,0.161481338,0.00290969423,6461.22628,311.643414
0.0384778501,0.157391959,0.00150000001,6303.67576,310.701372
0.0366949097,0.160024506,0.00150000001,6314.92124,310.718488
0.0381930397,0.158439726,0.00150000001,6305.33096,310.691763
0.0186022677,0.157226153,0.00350000011,6477.29659,311.72911
0.0340711461,0.163488953,0.00150000001,6351.10452,310.955922
0.0373339392,0.161160409,0.00350000011,6327.65491,310.227632
0.0357210731,0.162815518,0.00350000011,6341.52378,310.372582
0.0337897128,0.165053546,0.00150000001,6355.92091,311.124041
0.0377897786,0.160757051,0.00150000001,6321.53858,310.719025
0.0407447644,0.157438895,0.00248058209,6301.10408,310.574477
0.0391161183,0.159490323,0.00350000011,6303.83332,310.232414
0.0412352451,0.158410297,0.00150000001,6281.09464,310.666677
0.0412807649,0.157736671,0.00339035415,6294.88231,310.471963
0.033532222,0.167159432,0.00203879165,6369.10438,311.546372
0.0359258317,0.166068973,0.00150000001,6374.61352,311.135655
0.0350356482,0.167128645,0.00150000001,6380.25433,311.339017
0.0363554983,0.165964201,0.00350000011,6374.90035,310.708476
0.0427591516,0.158414322,0.00150000001,6244.58343,310.666053
0.0430558624,0.158943341,0.00350000011,6256.44232,310.27149
0.0418428561,0.160518407,0.00350000011,6290.56423,310.197016
0.0362111458,0.166228284,0.00350000011,6377.63303,310.763884
0.0423830011,0.157923467,0.00240819383,6241.60669,310.561219
0.0436695119,0.158424598,0.00350000011,6242.26745,310.31637
0.0422727317,0.161863623,0.00150000001,6305.40176,310.686358
0.0383436682,0.16706081,0.00150000001,6392.77765,311.144526
0.0406873671,0.165015286,0.00350000011,6357.53064,310.385426
0.0369847137,0.169077486,0.00243507702,6400.97093,311.597006
0.0468588615,0.158725388,0.00350000011,6258.3068,310.215773
0.0387904005,0.167825794,0.00150000001,6404.33122,311.228579
0.0457616194,0.160535071,0.00350000011,6283.52498,310.156702
0.0374910597,0.169185467,0.00150000001,6408.898,311.548131
0.0453623887,0.156615549,0.00150000001,6241.85698,310.714109
0.0480739591,0.158254364,0.00150000001,6250.59708,310.672554
0.0486637051,0.16106662,0.00350000011,6271.56277,310.164082
0.0438682812,0.166527499,0.00350000011,6378.1092,310.54299
0.0494263227,0.160543816,0.00350000011,6265.16772,310.161765
0.0505268038,0.157238237,0.00150000001,6255.46167,310.670931
0.0431015803,0.168642566,0.00150000001,6420.29333,311.246962
0.0466619368,0.164915708,0.00150000001,6332.04499,310.838274
0.0498745658,0.161510392,0.00150000001,6269.65126,310.708842
0.0417749447,0.16955049,0.00350000011,6428.44869,311.114714
0.0420572571,0.169953574,0.00350000011,6429.97764,311.202529
0.045280947,0.167185932,0.00350000011,6386.02003,310.66014
0.0535115709,0.158860344,0.00350000011,6258.71305,310.201562
0.0417856418,0.170837239,0.00150000001,6439.35427,311.641325
0.05186317,0.16130726,0.00150000001,6274.32472,310.742026
0.0417964737,0.170986498,0.00163384185,6439.37732,311.683492
0.0493822313,0.16444188,0.00150000001,6316.16129,310.88066
0.0537839954,0.158673024,0.00150000001,6266.07549,310.684794
0.0537602204,0.157536558,0.00150000001,6259.32186,310.675128
0.0541585024,0.160590204,0.00150000001,6266.79138,310.757562
0.0493637789,0.165354966,0.00350000011,6319.42824,310.563694
0.0503173764,0.153515483,0.00320084999,6243.09893,310.645354
0.0461719829,0.16871695,0.00350000011,6401.70173,310.974831
0.0558484121,0.159709806,0.00350000011,6268.96462,310.324599
0.0472079018,0.168627399,0.00150000001,6382.83111,311.286342
0.0555433925,0.15985643,0.00150000001,6267.89981,310.771552
0.0481145258,0.168466794,0.00241855607,6370.33716,311.289259
0.0569153452,0.158558461,0.00150000001,6263.60866,310.757094
0.05619875,0.157683078,0.00350000011,6256.18494,310.227195
0.0525655696,0.16409466,0.00350000011,6303.13714,310.585076
0.0519507717,0.164608532,0.00350000011,6293.07078,310.633358
0.0562848117,0.160644003,0.00150000001,6267.3264,310.844183
0.055979137,0.156651182,0.00150000001,6260.05546,310.709514
0.0533574758,0.15407198,0.00350000011,6259.81806,310.350441
0.0502575376,0.167102529,0.00150000001,6349.56575,311.20275
0.0520999968,0.165557192,0.00150000001,6312.63911,311.098777
0.0562489777,0.161527208,0.00350000011,6280.99759,310.504518
0.0568724559,0.1616972,0.00150000001,6276.95902,310.927997
0.0560730347,0.162832327,0.00350000011,6277.97937,310.702618
0.05947691,0.159896599,0.00150000001,6257.68992,310.921879
0.0585961561,0.157227269,0.00150000001,6250.71383,310.753893
0.059280775,0.161570772,0.00350000011,6268.074,310.833315
0.0579530807,0.163000932,0.00252877517,6274.48154,311.182388
0.0542682518,0.151493851,0.00150000001,6267.02696,310.775224
0.0617808333,0.158484345,0.00350000011,6261.71862,310.537487
0.0600653255,0.161480609,0.00150000001,6272.58403,311.14376
0.0635623383,0.158671886,0.00150000001,6259.04482,311.063144
0.0631418528,0.158754201,0.00350000011,6270.27518,310.689679
0.0618768496,0.16082106,0.00323533444,6262.83016,311.138552
0.0573247495,0.152071642,0.00150000001,6262.51816,310.754457
0.0597265773,0.153014445,0.00150000001,6253.5842,310.734504
0.0620306785,0.155705872,0.00350000011,6258.68225,310.304569
0.0651063882,0.159026873,0.00293908256,6255.54398,311.148774
0.0579482783,0.150492084,0.00150000001,6261.42619,310.76104
0.0639843034,0.156620798,0.00150000001,6259.09879,310.899197
0.0655172867,0.158798594,0.00241303388,6262.7117,311.17255
0.0626378535,0.154488406,0.00350000011,6256.17759,310.263797
0.0631506612,0.154426436,0.00350000011,6256.82349,310.271233
0.0591535964,0.149964472,0.00150000001,6258.89596,310.749375
0.0636500811,0.15411151,0.00350000011,6257.44545,310.263599
0.0592438562,0.149768585,0.00350000011,6259.38204,310.428886
0.0641674651,0.153453741,0.00150000001,6257.65361,310.765127
0.0626655174,0.151696326,0.00150000001,6254.32341,310.737879
0.0664730593,0.155770904,0.00150000001,6245.34049,310.946628
0.0641184677,0.152662445,0.00350000011,6257.08691,310.213701
0.0615553477,0.149036502,0.00350000011,6258.3283,310.357839
0.0628275367,0.150278429,0.00150000001,6254.05683,310.720064
0.0635543454,0.149996139,0.00150000001,6252.86455,310.713839
0.0661640526,0.151543726,0.00150000001,6249.02783,310.722789
0.0703551094,0.155933712,0.00350000011,6239.97685,310.908983
0.070444998,0.156060975,0.00227086424,6241.47228,311.12532
0.0691100719,0.153516458,0.00150000001,6237.17099,310.84101
0.071294468,0.154367182,0.00350000011,6229.45051,310.644657
0.0690760171,0.15144835,0.00150000001,6236.24909,310.734111
0.0722161162,0.154382221,0.00150000001,6227.56611,310.980069
0.0717636623,0.153586476,0.00350000011,6225.68445,310.529039
0.0679265844,0.149155278,0.00150000001,6247.52197,310.67514
0.0670365546,0.148039959,0.00150000001,6246.28355,310.667724
0.0686742445,0.149414089,0.00350000011,6237.59017,310.140835
0.0735837471,0.153623437,0.00150000001,6211.61671,310.954129
0.0700760006,0.150333271,0.00350000011,6235.46088,310.165587
0.0726820487,0.153081716,0.00350000011,6217.67161,310.515772
0.0713790559,0.150199426,0.00150000001,6232.03175,310.690238
0.0657034962,0.144967638,0.00333313491,6247.48747,310.471903
0.0718263232,0.150455696,0.00150000001,6224.287,310.695846
0.0674214809,0.145916564,0.00150000001,6247.34217,310.631109
0.0700990543,0.148027811,0.00150000001,6241.34907,310.648363
0.0750192543,0.153519726,0.00166736729,6197.83926,311.022105
0.0749720203,0.151807411,0.00150000001,6195.88537,310.816088
0.0702875981,0.145703748,0.00350000011,6244.91793,310.145241
0.0721243284,0.147268703,0.00150000001,6239.3048,310.638297
0.0734454291,0.146554847,0.00150000001,6235.44671,310.624959
0.0745389537,0.147845239,0.00150000001,6225.40849,310.655222
0.0694297055,0.143070895,0.00350000011,6245.23028,310.314564
0.0769677829,0.150015856,0.00350000011,6168.45834,310.269277
0.0743859669,0.146561786,0.00150000001,6232.89606,310.634347
0.070190506,0.142821754,0.00350000011,6247.20243,310.277501
0.0787516409,0.150552038,0.00150000001,6114.622,310.802352
0.0748992048,0.145656387,0.00150000001,6235.93505,310.620535
0.0786072229,0.148795043,0.00150000001,6171.31504,310.694018
0.0757098884,0.144911805,0.00150000001,6240.37337,310.60219
0.0814917728,0.152075866,0.00350000011,6061.87652,310.633799
0.0780273183,0.146230776,0.00150000001,6221.52999,310.655638
0.0826821613,0.151018305,0.00150000001,6079.63048,310.898102
0.0777273979,0.145762567,0.00350000011,6228.71824,310.05697
0.0797905352,0.147552296,0.00350000011,6194.15254,310.10565
0.0828398783,0.151276692,0.00350000011,6072.93928,310.453202
0.0772511702,0.144891259,0.00150000001,6236.01791,310.612765
0.0731019398,0.141029655,0.00150000001,6250.52471,310.411809
0.0837467699,0.151269968,0.00350000011,6077.20297,310.432091
0.081268111,0.147948858,0.00150000001,6168.19383,310.697475
0.0775244879,0.143560786,0.00150000001,6242.7918,310.567079
0.0744858659,0.140977503,0.00150000001,6251.47912,310.42446
0.081903349,0.15403228,0.00166656621,6060.46735,311.267543
0.0787490066,0.144878501,0.00350000011,6229.04646,310.047282
0.0757856346,0.140420347,0.00150000001,6253.62369,310.393919
0.074871544,0.140017224,0.00350000011,6253.35667,310.140255
0.0846070442,0.149230669,0.00350000011,6130.90129,310.201087
0.0825904416,0.154414002,0.00316661217,6059.67791,311.222225
0.0778106584,0.141449858,0.00350000011,6250.7427,310.045718
0.0819279239,0.145713034,0.00350000011,6204.65053,310.079776
0.085888237,0.152282906,0.00350000011,6050.37264,310.52611
0.0860551119,0.152541734,0.00150000001,6059.97392,311.03048
0.0767618415,0.13973002,0.00150000001,6253.91337,310.34038
0.0865149856,0.152797478,0.00150000001,6044.52625,311.063302
0.0840978313,0.146519341,0.00150000001,6174.46368,310.664899
0.0797320217,0.142188784,0.00150000001,6244.88635,310.496156
0.084873181,0.147250414,0.00150000001,6152.73535,310.694112
0.0886306847,0.151234316,0.00150000001,6055.19336,310.928662
0.0768664851,0.139263198,0.00350000011,6256.47958,310.075461
0.0785988306,0.14066765,0.00150000001,6252.43296,310.407541
0.0875982659,0.149304337,0.00350000011,6103.03164,310.262054
0.0862198218,0.147502645,0.00150000001,6136.97876,310.717587
0.0872872367,0.153570026,0.00150000001,6033.34668,311.150055
0.0856484283,0.155419782,0.00150000001,6047.21342,311.379681
0.0899340441,0.151063821,0.00150000001,6074.7166,310.948193
0.0790625374,0.139426814,0.00350000011,6267.25113,310.030678
0.0860394791,0.156330133,0.00233303203,6034.96875,311.475233
0.0795624988,0.13955533,0.00350000011,6266.58504,310.033775
0.0857201241,0.145701569,0.00350000011,6160.16566,310.14977
0.0903225584,0.149816545,0.00350000011,6082.04422,310.332914
0.0912599935,0.151364427,0.00350000011,6068.35051,310.417089
0.0811652542,0.13989472,0.00233279993,6263.15459,310.161948
0.0802769339,0.13945369,0.0023341806,6268.29455,310.140212
0.0798515199,0.139301845,0.00166706278,6265.07373,310.209647
0.0829957338,0.142087339,0.00350000011,6231.32402,310.089752
0.0881532774,0.146717124,0.00350000011,6131.38321,310.207851
0.0877690028,0.155906307,0.00350000011,6024.61442,311.062915
0.0895607085,0.154318158,0.00350000011,6039.43464,310.703114
0.0890619291,0.146705299,0.00350000011,6127.75451,310.238146
0.0891284687,0.15562486,0.00350000011,6032.62502,310.933168
0.0886089529,0.145931544,0.00150000001,6142.2317,310.597012
0.0893078678,0.155894372,0.00150000001,6034.76656,311.381578
0.0865885229,0.143599898,0.00350000011,6189.28035,310.190015
0.0879721995,0.144888722,0.00350000011,6148.54123,310.214855
0.0876444958,0.157221811,0.00316561785,6035.95403,311.465846
0.0937052894,0.151849527,0.00350000011,6064.47486,310.441905
0.092303465,0.148501432,0.00150000001,6108.28362,310.734623
0.0944533488,0.150048091,0.00150000001,6084.77036,310.828629
0.0900730102,0.156146481,0.00150000001,6058.4751,311.39425
0.0932017666,0.149523715,0.00350000011,6090.34744,310.370442
0.0910874028,0.154816229,0.00350000011,6065.94541,310.729382
0.0900820976,0.156670514,0.00150000001,6067.94793,311.444866
0.0884828896,0.143960073,0.00333309311,6151.21664,310.33788
0.0953845809,0.151609781,0.00150000001,6080.52922,310.924268
0.0925788054,0.146928548,0.00150000001,6113.03529,310.657959
0.0958247295,0.150293782,0.00150000001,6100.92323,310.837992
0.0905142975,0.156913299,0.00350000011,6081.00639,311.076608
0.0936339884,0.154076765,0.00350000011,6080.08861,310.597135
0.0959729056,0.150029548,0.00150000001,6107.38201,310.824492
0.0949416375,0.147548268,0.00166659284,6117.0808,310.677346
0.095947458,0.148454625,0.00150000001,6112.87401,310.747771
0.0977948208,0.152072472,0.00350000011,6116.66371,310.450868
0.0925316318,0.157684827,0.00150000001,6100.54831,311.505242
0.0928447167,0.158204361,0.00150000001,6102.14684,311.551706
0.0976784725,0.149068727,0.00333452031,6100.18574,310.659569
0.0981162056,0.15311264,0.00350000011,6098.09259,310.471783
0.0955584397,0.156582826,0.00150000001,6095.31306,311.347999
0.0977230845,0.15443057,0.00150000001,6099.38,311.075218
0.0999283417,0.152570645,0.00350000011,6104.24994,310.527888
0.0969312049,0.156336423,0.00150000001,6088.89229,311.275635
0.0996781879,0.153626798,0.00150000001,6106.64928,310.968935
0.100001855,0.154655296,0.00150000001,6096.31626,311.028446
0.095549422,0.158680552,0.00350000011,6103.29204,311.057781
0.0984138552,0.156399323,0.00150000001,6093.50247,311.218771
0.09559372,0.159210634,0.00150000001,6102.89481,311.583445
0.0986456241,0.156434913,0.00350000011,6085.67641,310.636957
0.099574787,0.155944856,0.00150000001,6088.32133,311.126307
0.101359067,0.154386541,0.00150000001,6090.35576,310.993926
0.102405121,0.153595809,0.00150000001,6108.03976,310.947582
0.102978382,0.152013125,0.00183340382,6102.01355,310.882401
0.0947829914,0.161187635,0.0016634076,6104.74323,311.825053
0.103114344,0.152262088,0.00350000011,6091.47534,310.728218
0.0965109101,0.161281095,0.00350000011,6102.93068,311.441734
0.102290908,0.155936282,0.00150000001,6083.42986,311.057665
0.0960620847,0.16155111,0.00350000011,6104.15848,311.5515
0.102297733,0.156454253,0.00150000001,6082.06648,311.087068
0.104699121,0.154871375,0.00150000001,6105.62304,310.998291
0.100147331,0.15916824,0.00150000001,6091.45605,311.388298
0.0971528238,0.161810719,0.00150000001,6102.94323,311.780612
0.104242004,0.155654389,0.00350000011,6089.53669,310.599484
0.105158379,0.155125612,0.00150000001,6104.14513,311.004397
0.0989417118,0.161247064,0.00350000011,6102.52009,311.233966
0.0992656676,0.162291878,0.00350000011,6101.02879,311.39532
0.0977234237,0.162821212,0.00284379735,6103.08468,311.834718
0.0994305923,0.16203717,0.00150000001,6100.92569,311.718003
0.106517098,0.155362778,0.00350000011,6095.33498,310.686396
0.101056228,0.16070208,0.00350000011,6095.3066,310.997955
0.107419588,0.154826672,0.00350000011,6089.65551,310.778618
0.101109301,0.162799096,0.00150000001,6099.01376,311.731564
0.10656109,0.157446996,0.00350000011,6094.53761,310.613865
0.108340388,0.155338239,0.00350000011,6079.70379,310.798584
0.10554692,0.159238435,0.00350000011,6091.22898,310.654038
0.100814495,0.163846344,0.00350000011,6100.27362,311.562606
0.105696802,0.159498415,0.00350000011,6093.47927,310.660609
0.101713015,0.163311408,0.00350000011,6099.58404,311.377225
0.109260361,0.155849436,0.00350000011,6082.65033,310.797863
0.10521619,0.160208057,0.00350000011,6098.08613,310.713903
0.109131011,0.157161999,0.00350000011,6070.41118,310.705657
0.101735718,0.16435702,0.00350000011,6100.00932,311.579154
0.106168679,0.161028876,0.00350000011,6095.12895,310.754736
0.105175914,0.162476086,0.00350000011,6093.76262,310.97869
0.109606706,0.158466823,0.00350000011,6055.38878,310.667853
0.104014722,0.164585938,0.00350000011,6100.23335,311.414694
0.111485851,0.1567395,0.00266586223,6052.753,310.939412
0.106693856,0.162510481,0.00150000001,6097.96661,311.44749
0.103052603,0.165781864,0.0023322663,6098.60078,311.966029
0.111957009,0.157001254,0.00233199156,6022.13748,310.964284
0.106274652,0.163792916,0.00150000001,6097.69024,311.622666
0.105831543,0.164555216,0.00350000011,6096.72781,311.272059
0.104495047,0.165888882,0.00350000011,6098.09663,311.624668
0.104798569,0.165887494,0.00150000001,6096.98517,311.90841
0.113382525,0.158672019,0.00150000001,5987.09436,311.123135
0.111674683,0.162977993,0.00150000001,6073.1016,311.417833
0.110665233,0.16394012,0.00350000011,6084.29031,310.927796
0.113683088,0.161303071,0.00350000011,6039.91691,310.703219
0.111931548,0.163442225,0.00150000001,6082.90618,311.453189
0.109444562,0.165635148,0.00150000001,6094.05776,311.73856
0.116031277,0.159772005,0.00150000001,5955.44473,311.158373
0.10977098,0.166678995,0.00350000011,6098.97003,311.377876
0.116464337,0.160565275,0.00150000001,5991.51711,311.193249
0.115998146,0.160533311,0.00350000011,5985.00883,310.689105
0.112731178,0.165102338,0.00150000001,6087.51398,311.611336
0.117356059,0.160239289,0.00350000011,5961.30695,310.692023
0.11554419,0.162893486,0.00150000001,6053.53715,311.381447
0.109530945,0.168178382,0.00150000001,6099.35296,312.002225
0.11051357,0.168241741,0.00150000001,6099.77186,311.990202
0.117035968,0.156449599,0.002015284,5907.21546,311.118386
0.111032856,0.168226313,0.00350000011,6099.91203,311.577087
0.1193793,0.159491261,0.00350000011,5931.72264,310.727498
0.110662148,0.168537422,0.00350000011,6099.97301,311.650377
0.111104293,0.168765754,0.00150000001,6100.37674,312.025941
0.117716742,0.156071388,0.00163272558,5907.39535,311.161891
0.119596005,0.156729743,0.00150000001,5908.71582,311.22555
0.118837531,0.16199368,0.00350000011,6018.05638,310.75084
0.120764625,0.159736736,0.00350000011,5938.55884,310.726761
0.119442154,0.155961707,0.00150000001,5907.61353,311.224119
0.121829376,0.158461012,0.00150000001,5916.35478,311.237747
0.116058634,0.165294201,0.00350000011,6075.4948,311.052502
0.114481033,0.167016086,0.00150000001,6093.19678,311.813439
0.11257628,0.169082987,0.00350000011,6101.25172,311.656555
0.112931508,0.16926767,0.00150000001,6101.60771,312.044809
0.118137499,0.164701171,0.00150000001,6058.5953,311.567674
0.114475525,0.168189107,0.00150000001,6097.39399,311.931541
0.120996735,0.161950817,0.00150000001,5995.09616,311.36193
0.115230131,0.167524548,0.00350000011,6092.6792,311.370068
0.120745973,0.155647066,0.00350000011,5907.98296,310.934839
0.113068173,0.169750741,0.00150000001,6101.99812,312.082707
0.122802447,0.160375072,0.00150000001,5954.61019,311.335621
0.121294381,0.155685146,0.00150000001,5906.30436,311.253079
0.114961746,0.167976977,0.00350000011,6096.32215,311.437114
0.121205928,0.155890238,0.00350000011,5908.23935,310.904513
0.123672953,0.158273787,0.00350000011,5905.27679,310.758664
0.122724859,0.161364878,0.00150000001,5965.01818,311.392043
0.118353437,0.16518903,0.00350000011,6057.91499,311.086892
0.121358273,0.162756213,0.00350000011,6007.17161,310.909606
0.117280398,0.166836923,0.00150000001,6077.59347,311.79148
0.118521208,0.165885253,0.00350000011,6066.10415,311.193318
0.121944422,0.155122164,0.00350000011,5898.84406,310.930623
0.124380455,0.157107203,0.00350000011,5889.50503,310.784042
0.113719035,0.170983861,0.00166545549,6103.92473,312.155791
0.126598079,0.158678828,0.00350000011,5919.67974,310.838246
0.121349818,0.164852832,0.00150000001,6027.47931,311.637759
0.11782867,0.169736711,0.00183359717,6099.32198,311.992429
0.117371396,0.169990755,0.002832956,6099.91496,311.927146
0.12266715,0.153698007,0.00150000001,5886.15345,311.242685
0.12203449,0.15367264,0.00180152819,5896.26224,311.186278
0.118528695,0.1684654,0.00350000011,6084.06619,311.586122
0.127116629,0.159692705,0.00350000011,5926.91984,310.947818
0.124675836,0.155686573,0.00350000011,5866.26719,310.842399
0.126827941,0.160812794,0.00150000001,5933.50496,311.545117
0.116695484,0.170352381,0.00333327127,6105.52509,311.905511
0.124675355,0.155160973,0.00350000011,5864.07413,310.867883
0.126064659,0.156466645,0.00350000011,5892.35406,310.78702
0.127873583,0.157615906,0.00350000011,5902.42887,310.852018
0.12963909,0.158981431,0.00150000001,5920.54687,311.515283
0.129593782,0.158727356,0.00350000011,5921.98772,310.990497
0.129359617,0.159822761,0.00150000001,5927.72471,311.556936
0.125804951,0.163351071,0.00350000011,5965.81127,311.273972
0.125234741,0.164421922,0.00150000001,5985.04861,311.71385
0.127212331,0.155135079,0.00150000001,5902.99231,311.31913
0.128660455,0.15690767,0.00350000011,5909.34153,310.844363
0.124365038,0.152377895,0.00206819914,5885.40355,311.158047
0.127971934,0.155641302,0.00350000011,5906.54628,310.809579
0.124787754,0.165870557,0.00334607808,5999.11464,311.709131
0.127538671,0.154885723,0.00350000011,5907.98765,310.817603
0.125393493,0.152153083,0.00150000001,5902.04718,311.232445
0.130428199,0.161350172,0.00350000011,5962.67582,311.304859
0.130834746,0.161814013,0.00150000001,5953.95873,311.712637
0.129487224,0.162911472,0.00350000011,5965.98453,311.514389
0.129413188,0.15413021,0.00150000001,5926.28505,311.323928
0.132786925,0.157468264,0.00350000011,5931.757,310.977842
0.131225396,0.162294089,0.00335847597,5955.72178,311.679775
0.133276827,0.156174066,0.00350000011,5935.92683,310.891897
0.137161839,0.158996064,0.00203206237,5948.40866,311.695622
0.128856533,0.150228937,0.00350000011,5942.49786,310.979073
0.128927422,0.149843234,0.00209381224,5944.24947,311.121803
0.131297075,0.151463163,0.00150000001,5943.11307,311.263165
0.134645897,0.155029579,0.00150000001,5930.12287,311.359983
0.134827244,0.154228964,0.00150000001,5936.82459,311.343117
0.136889533,0.155179899,0.00350000011,5947.36422,310.886703
0.134845461,0.15260214,0.00150000001,5934.62677,311.297743
0.131484137,0.148422837,0.00291869161,5946.74385,311.021387
0.132994879,0.148449244,0.00350000011,5946.60995,310.863597
0.139445046,0.154958699,0.00350000011,5943.37206,310.96153
0.140945057,0.154470115,0.00350000011,5941.7713,310.993349
0.141022935,0.154096127,0.00150000001,5936.95412,311.339426
0.142651941,0.155946011,0.00176836596,5947.25408,311.586572
0.136017212,0.147115376,0.00150000001,5946.69597,311.091635
0.139791524,0.150757251,0.00150000001,5946.65358,311.179047
0.137353938,0.147405248,0.00150000001,5945.58919,311.098775
0.139404668,0.148980409,0.00150000001,5943.79292,311.142748
0.14041071,0.149756968,0.00150000001,5944.83474,311.14951
0.13913328,0.147952976,0.00150000001,5945.27331,311.109306
0.144805829,0.153537437,0.00350000011,5919.86204,311.05975
0.141726322,0.150560927,0.00350000011,5936.11714,310.627465
0.137965574,0.144822037,0.00175580165,5946.97297,310.895067
0.145323483,0.150504997,0.00150000001,5923.92077,311.15366
0.139048066,0.144220656,0.00333482027,5946.60799,310.744853
0.145856828,0.151224366,0.00350000011,5913.37523,310.758275
0.140521657,0.145130611,0.00150000001,5946.45088,310.970351
0.147448796,0.153281092,0.00167820946,5886.08065,311.421337
0.144751548,0.148488966,0.00150000001,5930.33778,311.082279
0.144520582,0.147696085,0.00350000011,5937.73048,310.486372
0.145323425,0.148056994,0.00350000011,5930.7084,310.49287
0.143535638,0.146211736,0.00150000001,5939.1458,311.01048
0.144827635,0.147062602,0.00150000001,5934.72022,311.02885
0.148522011,0.15129837,0.00350000011,5863.41545,310.860129
0.145895785,0.148184442,0.00350000011,5928.52683,310.496633
0.144483707,0.14623495,0.00150000001,5936.31157,311.00446
0.142181452,0.143349479,0.00350000011,5946.87757,310.544523
0.146066808,0.146955405,0.00350000011,5939.56425,310.441907
0.151217318,0.151843332,0.00350000011,5748.65855,311.037675
0.143646047,0.14166622,0.00266686134,5947.39625,310.562485
0.144495349,0.141545938,0.00150000001,5947.29343,310.695533
0.146180812,0.142116995,0.00350000011,5946.74278,310.374578
0.149489485,0.144707459,0.00350000011,5934.18249,310.355889
0.148530742,0.141752581,0.00350000011,5947.79301,310.304468
0.146690585,0.140244541,0.00150000001,5948.23421,310.569217
0.148470508,0.14023274,0.00350000011,5948.42868,310.276596
0.147775549,0.13960158,0.00150000001,5948.78415,310.495333
0.150518262,0.140305638,0.00150000001,5948.60111,310.581487
0.149552061,0.139620961,0.00350000011,5948.87004,310.231173
0.151023443,0.139675147,0.00150000001,5949.96765,310.499688
0.151412254,0.139453997,0.00150000001,5951.51968,310.457904
0.150741952,0.139053295,0.00266684355,5951.21634,310.232137
0.272696933,0.227294154,0.00350000011,2864.56839,315.214801
0.273081251,0.228985279,0.00180344599,2870.29385,315.680202
0.274513063,0.226286095,0.00350000011,2853.58571,315.210013
0.274518463,0.225764464,0.00350000011,2848.85951,315.157237
0.270625433,0.225559505,0.00150000001,2839.73186,315.514192
0.272325756,0.223373061,0.00350000011,2819.14091,314.902882
0.2755033,0.225907077,0.00150000001,2850.94727,315.58282
0.273660881,0.22364557,0.00350000011,2830.54029,314.961849
0.271982963,0.222808127,0.00150000001,2809.04145,315.438433
0.277051217,0.226088314,0.00350000011,2853.85555,315.355292
0.27225731,0.222024378,0.00350000011,2817.66564,314.835698
0.273887716,0.223498279,0.00150000001,2824.06745,315.503117
0.276407564,0.224883815,0.00150000001,2844.23601,315.554268
0.277907352,0.224399681,0.00150000001,2848.25137,315.562256
0.278260657,0.226107836,0.00164496678,2856.29815,315.665385
0.271485517,0.218382464,0.00350000011,2834.37907,314.839061
0.279042158,0.225673667,0.00272047967,2853.71252,315.60937
0.271337622,0.218121104,0.00350000011,2836.11397,314.849525
0.276077287,0.221021916,0.00150000001,2832.11388,315.42481
0.275884084,0.220351936,0.00150000001,2834.5899,315.397856
0.27969951,0.224962926,0.00150000001,2863.23162,315.617423
0.279469105,0.223011927,0.00350000011,2859.42373,315.120634
0.275202049,0.218962557,0.00150000001,2844.23335,315.319942
0.267440861,0.220639529,0.00150000001,2791.05835,315.286542
0.270960399,0.216436021,0.00335613814,2844.55132,314.942792
0.273878654,0.217070012,0.00150000001,2850.55688,315.200264
0.27809883,0.220599334,0.00350000011,2837.39881,314.881266
0.27509687,0.21709582,0.00150000001,2851.56583,315.21701
0.281083914,0.223167965,0.00150000001,2852.10732,315.556562
0.280646003,0.222381826,0.00150000001,2850.54652,315.512204
0.276617519,0.217659731,0.00150000001,2849.09234,315.267886
0.274095901,0.214694077,0.00203129679,2854.56701,314.928387
0.282418958,0.223797672,0.00333567946,2841.20278,315.511804
0.276181187,0.216316887,0.00150000001,2852.86121,315.179138
0.274334661,0.214561433,0.00242835698,2854.44324,314.891939
0.275748678,0.214988669,0.00150000001,2853.8883,315.077131
0.282764839,0.221858362,0.00150000001,2851.55878,315.500914
0.28061535,0.219665501,0.00150000001,2842.76429,315.394443
0.275751313,0.213774408,0.00294390965,2854.22709,314.808965
0.282352963,0.220854438,0.00150000001,2859.07963,315.460086
0.278862727,0.215877487,0.00350000011,2849.46019,314.669715
0.276438898,0.213392413,0.00336566221,2854.25299,314.758671
0.28223868,0.218832201,0.00350000011,2842.70385,314.810729
0.281515238,0.21752737,0.00350000011,2845.97139,314.717238
0.27662884,0.213286891,0.00163201871,2853.72681,314.871687
0.278295107,0.213531095,0.00350000011,2852.7184,314.651868
0.284592268,0.219342123,0.00150000001,2852.07236,315.399382
0.283478135,0.218220044,0.00150000001,2849.7569,315.33499
0.27917774,0.213565805,0.00350000011,2852.99942,314.617497
0.282146925,0.215686544,0.00150000001,2847.61612,315.184028
0.281836752,0.214757306,0.00350000011,2850.13903,314.579007
0.287610572,0.220222522,0.00350000011,2838.02873,315.176653
0.281272809,0.213142025,0.00350000011,2852.2566,314.534806
0.28832583,0.219658522,0.00150000001,2841.60452,315.427458
0.288620537,0.219667462,0.00150000001,2831.05488,315.433849
0.283243379,0.214193088,0.00150000001,2848.99619,315.077639
0.286750131,0.217610838,0.00350000011,2836.45805,314.770857
0.28851993,0.219201293,0.00350000011,2829.5764,315.057017
0.280970989,0.210874584,0.00213731023,2851.66399,314.585751
0.282337491,0.211329185,0.00350000011,2852.01559,314.448167
0.287237844,0.215583993,0.00150000001,2839.36111,315.159061
0.288227446,0.216813438,0.00150000001,2832.81096,315.227726
0.28360189,0.211621308,0.00150000001,2851.77905,314.834983
0.284115041,0.211372516,0.00350000011,2852.28866,314.379825
0.29034075,0.217671588,0.00350000011,2805.74358,314.912366
0.290547108,0.217379199,0.00150000001,2818.40856,315.265996
0.285808466,0.212650237,0.00150000001,2848.21403,314.947702
0.289529018,0.215560151,0.00150000001,2817.75843,315.138449
0.290839451,0.215823577,0.00150000001,2810.96294,315.150911
0.286216252,0.211872132,0.00150000001,2846.29024,314.874429
0.283191826,0.209640783,0.00166021246,2851.97611,314.4916
0.290983375,0.215564424,0.00150000001,2818.63509,315.127142
0.28994619,0.214271417,0.00350000011,2828.64332,314.487342
0.285318912,0.209324982,0.00350000011,2851.1689,314.245166
0.287725664,0.210428045,0.00350000011,2850.18218,314.224852
0.293768167,0.217492549,0.00240753245,2670.7545,315.258169
0.291694742,0.214261129,0.00150000001,2815.34754,315.046326
0.285388139,0.20876326,0.00150000001,2851.90588,314.460209
0.288033291,0.209912024,0.00350000011,2850.41748,314.182112
0.292719118,0.215053681,0.00150000001,2793.91442,315.091034
0.288524971,0.210571489,0.00150000001,2848.67212,314.737294
0.293633581,0.215163543,0.00350000011,2773.76229,314.628267
0.294159656,0.217275054,0.00317165527,2641.23096,315.160243
0.287578274,0.208592794,0.00350000011,2850.91013,314.108757
0.29458586,0.217187936,0.00350000011,2617.58931,315.018628
0.294488853,0.215517871,0.00150000001,2743.66008,315.137719
0.293631102,0.214231151,0.00350000011,2794.96964,314.506369
0.289250543,0.209730201,0.00150000001,2848.27908,314.638778
0.294256601,0.214157315,0.00150000001,2791.45034,315.034812
0.295700388,0.215979542,0.00150000001,2710.83573,315.188312
0.295351376,0.217370553,0.00350000011,2682.26931,315.047314
0.292179736,0.211454671,0.00350000011,2835.38954,314.232196
0.292486185,0.211021814,0.00350000011,2839.8373,314.191114
0.298128763,0.216304045,0.00150000001,2698.97733,315.233222
0.29128429,0.208745149,0.00350000011,2850.0872,314.012375
0.299500173,0.216435449,0.00150000001,2705.01974,315.257005
0.292347285,0.208153004,0.00350000011,2850.92089,313.937177
0.292351622,0.207847738,0.00350000011,2851.30556,313.906949
0.290853971,0.205384044,0.00266835873,2853.79083,313.6957
0.294704526,0.209676418,0.00150000001,2839.80439,314.627324
0.292098276,0.206782362,0.00150000001,2852.92738,314.191921
0.298780852,0.219263867,0.00233318529,2686.90167,315.506534
0.298301397,0.219045934,0.00333333731,2685.08739,315.391642
0.299517448,0.213835659,0.00150000001,2768.90683,315.025898
0.2911378,0.205615972,0.00350000011,2853.75247,313.710964
0.29568356,0.209674396,0.00350000011,2838.40716,314.060625
0.298179446,0.212114393,0.00150000001,2805.1807,314.87433
0.29311179,0.207360026,0.00150000001,2852.97292,314.292403
0.299322351,0.219343626,0.00150000001,2687.05451,315.530845
0.302187976,0.216200825,0.00150000001,2701.6782,315.261341
0.293120035,0.206461442,0.00350000011,2853.438,313.746374
0.294437092,0.207743588,0.00350000011,2848.50989,313.869728
0.299450853,0.212789032,0.00350000011,2786.81576,314.370646
0.300936604,0.214518618,0.00350000011,2744.81659,314.55171
0.298324364,0.211336778,0.00150000001,2813.38525,314.802508
0.300444885,0.213511542,0.00150000001,2773.59907,315.004015
0.29413492,0.207192556,0.00150000001,2851.66973,314.258939
0.298730566,0.211482417,0.00150000001,2806.55107,314.817359
0.295027068,0.207866617,0.00150000001,2847.22022,314.366891
0.303019492,0.215604408,0.00150000001,2721.16003,315.214237
0.292502882,0.20469627,0.0021674896,2854.80466,313.569078
0.299622232,0.211757384,0.00150000001,2804.51844,314.844693
0.302692458,0.218225479,0.00350000011,2689.88093,314.989682
0.302829409,0.217955291,0.00150000001,2689.82506,315.407848
0.293893924,0.205256231,0.00350000011,2854.01668,313.582951
0.304929062,0.216467189,0.00350000011,2713.78255,314.75318
0.294007104,0.205075392,0.00150000001,2854.84529,313.833747
0.304924894,0.216484018,0.00150000001,2710.0043,315.310283
0.294349997,0.205181452,0.00350000011,2854.1074,313.565892
0.298048757,0.208138318,0.00150000001,2831.659,314.383319
0.30209047,0.212389865,0.00150000001,2771.67526,314.928932
0.304208659,0.21808277,0.00150000001,2695.64465,315.42635
0.301520428,0.21114798,0.00350000011,2793.68627,314.280553
0.298971929,0.208532305,0.00150000001,2824.39223,314.437981
0.302607964,0.220338128,0.00150000001,2677.93785,315.598131
0.303858824,0.213001961,0.00350000011,2764.28939,314.475856
0.305038116,0.214215748,0.00350000011,2748.1068,314.585201
0.304669262,0.218305746,0.00350000011,2689.53574,314.949844
0.304302157,0.219123572,0.00350000011,2684.7103,315.070374
0.294768846,0.204557894,0.00166653568,2856.09309,313.579803
0.297241724,0.205382761,0.00274075179,2856.74853,313.604564
0.306300439,0.214606714,0.00350000011,2737.83652,314.644305
0.305445817,0.218499492,0.00350000011,2693.51357,314.955808
0.302234899,0.210802575,0.00150000001,2786.355,314.754229
0.303813486,0.220220301,0.00150000001,2674.22142,315.587517
0.305823809,0.21309125,0.00350000011,2753.45934,314.54138
0.307856796,0.214994207,0.00350000011,2731.7306,314.70963
0.308432506,0.216985662,0.00350000011,2719.04539,314.834785
0.308748472,0.216708262,0.00150000001,2735.90748,315.374932
0.30882158,0.215411401,0.00350000011,2743.10661,314.758989
0.306488909,0.219421925,0.00150000001,2699.51706,315.534935
0.305240023,0.220872819,0.00350000011,2701.09912,315.273125
0.305296803,0.221392272,0.00150000001,2703.75364,315.651345
0.308604466,0.218501163,0.00350000011,2710.44243,314.930924
0.302234293,0.207652113,0.0018323505,2816.25139,314.126619
0.307093495,0.212185338,0.00350000011,2768.9455,314.539722
0.310377783,0.217090237,0.00350000011,2740.00995,314.87661
0.304544822,0.20953375,0.00150000001,2795.84986,314.573801
0.305045364,0.221944741,0.00150000001,2705.04343,315.683043
0.309360939,0.213539693,0.00350000011,2775.41993,314.705895
0.310508196,0.218007275,0.00150000001,2726.23431,315.500317
0.307997433,0.221137684,0.00350000011,2710.59424,315.177081
0.305937882,0.222517062,0.00233328463,2717.51892,315.660442
0.31191764,0.21487336,0.00150000001,2791.05881,315.318489
0.310056404,0.219649071,0.00350000011,2712.92124,315.009156
0.311163843,0.21336841,0.00350000011,2785.72284,314.807506
0.310566295,0.219362464,0.00150000001,2715.06356,315.571828
0.309162338,0.210801219,0.00333334945,2779.33067,314.652099
0.307372497,0.223169165,0.00266418797,2717.59079,315.647582
0.313609472,0.214979608,0.00150000001,2805.12258,315.390183
0.310834988,0.211561517,0.00183328997,2787.96675,314.896722
0.311387975,0.220422483,0.00150000001,2715.77326,315.624212
0.314858959,0.217950515,0.00350000011,2798.367,315.083586
0.315068916,0.217714298,0.00150000001,2805.85776,315.589073
0.315854215,0.213842982,0.0026667298,2822.54625,315.302695
0.312585668,0.221758296,0.00350000011,2713.41422,315.104781
0.311059179,0.223186908,0.00350000011,2689.01733,315.231292
0.316335922,0.214061936,0.00333337702,2825.54176,315.311501
0.317289928,0.214495579,0.00333315785,2834.74839,315.402948
0.317623463,0.215152565,0.00350000011,2837.20991,315.375058
0.31553055,0.219677725,0.00150000001,2788.82982,315.660897
0.315844151,0.220114835,0.00350000011,2788.05936,315.15519
0.317765424,0.218111515,0.00150000001,2839.26943,315.711993
0.314921071,0.221415585,0.00350000011,2750.82261,315.127833
0.316583932,0.219586893,0.00350000011,2809.37612,315.203581
0.312885803,0.224503166,0.00150000001,2688.11779,315.748168
0.315960389,0.221311395,0.00150000001,2771.77782,315.712199
0.312517272,0.225335989,0.00150000001,2673.22604,315.779787
0.319336336,0.218770181,0.00350000011,2846.31999,315.477516
0.311725836,0.227278927,0.00350000011,2655.43982,315.456908
0.310000002,0.226831906,0.00224152062,2654.40833,315.797502
0.321012838,0.217218049,0.00222462477,2885.14966,315.853466
0.313969223,0.225330618,0.00350000011,2691.2183,315.235748
0.311704119,0.227804729,0.00350000011,2656.20348,315.488356
0.312470036,0.226612334,0.00150000001,2666.28587,315.817048
0.310156573,0.227768131,0.00350000011,2655.00512,315.680164
0.317145209,0.222706049,0.00150000001,2767.65575,315.767245
0.318981016,0.221018714,0.00150000001,2817.05139,315.824672
0.312156936,0.228089262,0.00350000011,2660.82876,315.456962
0.312185726,0.228203604,0.00150000001,2662.53355,315.872443
0.314156596,0.22751025,0.00150000001,2679.52748,315.821881
0.31756643,0.22432942,0.00150000001,2745.54962,315.800283
0.321798158,0.219885724,0.00350000011,2908.11814,315.834435
0.314951295,0.22781946,0.00350000011,2680.01716,315.314788
0.310753529,0.231458591,0.00350000011,2657.50084,315.75412
0.31766537,0.225233444,0.00150000001,2731.72779,315.824712
0.317011616,0.226380608,0.00350000011,2714.30712,315.321965
0.310000002,0.230814904,0.00181906453,2656.95601,315.998012
0.316039297,0.227730076,0.00350000011,2690.32761,315.322683
0.312100024,0.231736581,0.00350000011,2658.52772,315.609673
0.315298623,0.228982976,0.00150000001,2675.77609,315.857222
0.316512184,0.227930624,0.00150000001,2688.00284,315.842233
0.321243562,0.223517154,0.00350000011,2809.35202,315.72742
0.314701749,0.230334179,0.00350000011,2671.66879,315.389869
0.311952353,0.233038842,0.00350000011,2655.75526,315.662773
0.310151552,0.233182075,0.00150000001,2658.05339,316.093347
0.320337493,0.225088429,0.00350000011,2756.43609,315.604717
0.31075481,0.234602227,0.00350000011,2658.8322,315.83837
0.31523736,0.230838773,0.00150000001,2671.11966,315.906492
0.319878722,0.226078458,0.00150000001,2732.48767,315.915599
0.318226739,0.228225964,0.00350000011,2703.79964,315.454193
0.318041602,0.229220726,0.00150000001,2695.85417,315.925436
0.310756097,0.236176685,0.00350000011,2662.04088,315.869483
0.321999997,0.225583524,0.0027764092,2789.76429,316.050752
0.321999997,0.226129161,0.00250521682,2771.38559,316.084088
0.31382274,0.235271343,0.00150000001,2659.69808,316.044134
0.321999997,0.226915144,0.00290205423,2760.55272,316.077594
0.315212355,0.234460206,0.00150000001,2667.27396,316.002225
0.310000002,0.238011992,0.00322488925,2664.45797,316.077688
0.316806138,0.233401534,0.00150000001,2670.02778,315.996342
0.318558888,0.232426029,0.00350000011,2679.45329,315.562769
0.318183157,0.232622833,0.00150000001,2672.16612,315.999805
0.312439123,0.23816753,0.00150000001,2666.54974,316.136493
0.318999821,0.232167753,0.00350000011,2669.6843,315.593056
0.310000002,0.239223074,0.00260916502,2666.10691,316.138653
0.313053277,0.239741752,0.00150000001,2665.70179,316.148521
0.316098361,0.237267662,0.00350000011,2663.80105,315.574889
0.320936826,0.23262917,0.00150000001,2685.03714,316.127562
0.318989767,0.234790434,0.00350000011,2661.51269,315.652008
0.315568824,0.237812318,0.00350000011,2663.68971,315.586597
0.312866171,0.240910943,0.00350000011,2661.82962,315.726954
0.310757543,0.242485307,0.00350000011,2660.10334,315.937986
0.319867008,0.234467056,0.00150000001,2675.51693,316.084913
0.31241941,0.242229005,0.00350000011,2662.23302,315.772687
0.321392538,0.233417361,0.00150000001,2701.84897,316.185245
0.314909961,0.240260722,0.00150000001,2665.63028,316.144851
0.320941319,0.235063042,0.00350000011,2675.08124,315.940643
0.31429014,0.24183883,0.00150000001,2664.12793,316.180187
0.311978606,0.24368,0.00150000001,2653.93608,316.225664
0.316128294,0.240033997,0.00350000011,2661.24167,315.635067
0.310000002,0.244220579,0.00244984488,2652.98538,316.164428
0.316616701,0.239991052,0.00150000001,2662.68599,316.157671
0.314910646,0.242362734,0.00150000001,2663.49604,316.18727
0.321848608,0.236111548,0.00350000011,2675.69844,316.19563
0.318631978,0.239195767,0.00150000001,2668.26971,316.1629
0.318167601,0.240510045,0.00150000001,2664.22156,316.189813
0.32079014,0.238475157,0.00350000011,2680.46085,316.0296
0.315551563,0.243006241,0.00350000011,2661.35208,315.677501
0.31661713,0.242620166,0.00150000001,2661.39334,316.21181
0.310603543,0.2476126,0.00150000001,2630.6517,316.251543
0.315203155,0.244374722,0.00350000011,2664.23939,315.694368
0.310150929,0.247355231,0.00150000001,2630.02327,316.24529
0.315136144,0.244927256,0.00350000011,2659.8417,315.706059
0.318013508,0.242349433,0.00150000001,2672.91892,316.231159
0.312556283,0.247848099,0.00150000001,2634.2837,316.26667
0.31912918,0.24135852,0.00350000011,2673.29451,315.844587
0.316398926,0.243956418,0.00350000011,2672.97488,315.700365
0.320335855,0.240837307,0.00350000011,2680.58716,316.030755
0.313464222,0.247800292,0.00350000011,2640.79835,315.762595
0.312879085,0.248866931,0.00350000011,2626.78269,315.779107
0.311669945,0.249935261,0.00150000001,2601.64036,316.272332
0.313451248,0.248850388,0.00150000001,2634.47814,316.281471
0.317209949,0.245271373,0.00350000011,2665.32179,315.795543
0.310635045,0.251774668,0.00350000011,2580.56185,315.824255
0.316135489,0.246655993,0.00150000001,2660.39638,316.292168
0.312689278,0.251586197,0.00350000011,2621.08209,315.761658
0.311508749,0.25262774,0.00350000011,2606.51477,315.790353
0.310974887,0.252880006,0.00350000011,2590.23222,315.801914
0.321999997,0.241817521,0.00176486546,2683.38021,316.639691
0.313723304,0.250677266,0.00150000001,2634.95248,316.296275
0.3165177,0.248335146,0.00350000011,2661.0481,315.834453
0.318652605,0.246555935,0.00150000001,2680.02596,316.423381
0.321999997,0.243458535,0.00251246699,2687.05987,316.714021
0.313970011,0.252644231,0.00350000011,2645.72133,315.824336
0.321696218,0.244970524,0.00150000001,2692.52545,316.742322
0.307065187,0.252603549,0.00350000011,2541.77055,315.979122
0.314252645,0.253098862,0.00150000001,2650.48158,316.420119
0.307352638,0.253037989,0.00150000001,2543.46379,316.316871
0.313193075,0.254881509,0.00350000011,2647.6751,315.892501
0.321696811,0.246351432,0.00350000011,2692.01288,316.63181
0.314497093,0.253852128,0.00150000001,2658.30278,316.468451
0.314457336,0.254438211,0.00350000011,2667.0758,315.94742
0.321696538,0.24740157,0.00350000011,2700.575,316.691126
0.305503981,0.253092841,0.00350000011,2542.12275,316.027286
0.30537657,0.252288154,0.00216661345,2542.07043,316.267097
0.306479727,0.254944189,0.00350000011,2550.82273,315.833669
0.318747137,0.251476751,0.00150000001,2698.81909,316.691987
0.308996129,0.257557397,0.00350000011,2601.20696,315.859623
0.3162458,0.253993282,0.00150000001,2684.48604,316.606463
0.311860949,0.258937247,0.00150000001,2634.14105,316.61277
0.315952673,0.255630267,0.00350000011,2691.2703,316.209966
0.308246212,0.258048812,0.00350000011,2588.91076,315.85661
0.308720536,0.258778969,0.00350000011,2605.17101,315.926372
0.321999997,0.250007677,0.00296663887,2708.0702,317.103328
0.321391589,0.25108023,0.00350000011,2710.20232,316.840036
0.315900209,0.257036761,0.00150000001,2690.02613,316.772425
0.31028708,0.261030351,0.00150000001,2623.5703,316.699551
0.32007752,0.252960356,0.00150000001,2714.81835,317.001741
0.318281359,0.255174874,0.00150000001,2708.1191,316.910841
0.306354421,0.257796382,0.00150000001,2579.76129,316.355678
0.303055965,0.253577374,0.00321430033,2542.24501,316.188712
0.307807369,0.259803474,0.00350000011,2600.88391,315.968495
0.320229929,0.254399274,0.00350000011,2716.75878,316.82605
0.318573797,0.255342101,0.00350000011,2719.70931,316.569232
0.313684143,0.260009393,0.00150000001,2661.76945,316.820891
0.317242307,0.257485329,0.00350000011,2698.36021,316.602019
0.313039513,0.261758474,0.00288671948,2665.89391,316.987027
0.321789378,0.253977863,0.00350000011,2713.40138,317.167893
0.303734797,0.257503338,0.00350000011,2567.66982,315.791858
0.316304335,0.259261813,0.00150000001,2717.37903,316.976639
0.321707768,0.254490798,0.00350000011,2713.95084,317.190279
0.320608756,0.2557369,0.00150000001,2721.86011,317.226082
0.302413544,0.256702515,0.00150000001,2546.78905,316.295724
0.308416139,0.263113055,0.00150000001,2623.94585,316.80457
0.320912226,0.256091266,0.00350000011,2727.12718,317.144075
0.32138468,0.255877611,0.00218405694,2723.29476,317.419157
0.316840115,0.259647031,0.00166693587,2719.37773,317.176612
0.320867441,0.25647755,0.00150000001,2735.07503,317.305467
0.31799506,0.259005383,0.00180654442,2759.05613,317.185997
0.321034146,0.256496182,0.00335201069,2729.75288,317.319025
0.307951447,0.263719874,0.00350000011,2636.79458,316.565155
0.301768038,0.258275861,0.00350000011,2564.1566,315.7987
0.299580002,0.255508465,0.0033429697,2562.12764,316.107475
0.301789871,0.258268755,0.00150000001,2563.20208,316.307689
0.299213051,0.255886293,0.00350000011,2556.5656,316.018611
0.299061875,0.256144598,0.00350000011,2554.20582,315.981779
0.30557882,0.263137176,0.00350000011,2615.17216,316.24696
0.300881941,0.258790281,0.00150000001,2562.47705,316.321257
0.301608195,0.261964148,0.00150000001,2606.87076,316.4564
0.302878597,0.263600731,0.00350000011,2627.38532,316.158372
0.301864651,0.262417238,0.00150000001,2607.15619,316.495783
0.296500426,0.258497063,0.00350000011,2533.23857,315.78784
0.304247598,0.266469165,0.00350000011,2647.99885,316.876662
0.297700852,0.260369136,0.00150000001,2574.01689,316.32964
0.296014531,0.255283207,0.00225687786,2510.59679,316.207804
0.299038741,0.262945466,0.00350000011,2617.06887,315.9805
0.302052503,0.265903383,0.00350000011,2658.62866,316.5136
0.295870863,0.260262824,0.00150000001,2570.06714,316.301348
0.293122351,0.255409048,0.00350000011,2518.41342,315.907038
0.292818018,0.25541269,0.00350000011,2514.24194,315.892481
0.293639508,0.259400274,0.00350000011,2541.65794,315.757417
0.302281817,0.267734965,0.00316636942,2677.42667,317.131985
0.30133116,0.267403281,0.00150000001,2681.4997,317.060175
0.291467952,0.256214203,0.00350000011,2525.70823,315.791631
0.293158383,0.259687053,0.00350000011,2546.68506,315.747647
0.298730234,0.265181232,0.00350000011,2651.47471,316.255104
0.293815126,0.260179877,0.00150000001,2557.36855,316.281505
0.293867254,0.254090277,0.00322914724,2516.28479,316.17051
0.289739452,0.257096556,0.00150000001,2530.60496,316.211185
0.290890512,0.259229551,0.00350000011,2535.34847,315.752804
0.292105973,0.260258821,0.00350000011,2555.78058,315.769765
0.297498225,0.265588667,0.00150000001,2664.05494,316.740628
0.289765845,0.257601507,0.00150000001,2528.54706,316.213727
0.291478322,0.255003353,0.00150000001,2523.5233,316.252267
0.300598682,0.268651564,0.00250140737,2689.33074,317.247714
0.290842645,0.259356473,0.00150000001,2540.02765,316.21911
0.290366742,0.254917099,0.00350000011,2524.76576,315.846626
0.292243011,0.253187925,0.00258757749,2523.17955,316.234469
0.299397858,0.268491154,0.00350000011,2693.9315,316.934869
0.289609413,0.255190675,0.00350000011,2530.84223,315.799622
0.287907629,0.257291363,0.00350000011,2532.37693,315.740701
0.288600151,0.259009979,0.00350000011,2528.84516,315.776779
0.290277053,0.260309395,0.00350000011,2557.3617,315.821154
0.295286228,0.265699409,0.00350000011,2656.71429,316.332825
0.290631003,0.252292355,0.00219789947,2528.59898,316.270988
0.285311538,0.257530701,0.00150000001,2535.36469,316.266329
0.286150847,0.256103403,0.00150000001,2527.43304,316.233192
0.284960128,0.258003382,0.00350000011,2521.83032,315.864047
0.293010996,0.265975301,0.00350000011,2631.32711,316.480875
0.290061626,0.26346592,0.00150000001,2583.495,316.542683
0.287772112,0.261162399,0.00150000001,2545.5689,316.416022
0.284525721,0.256211342,0.00150000001,2525.30025,316.24953
0.284871171,0.258837073,0.00150000001,2544.25298,316.345216
0.287994016,0.251520354,0.00350000011,2531.61833,316.049008
0.282228917,0.256453445,0.00350000011,2531.36468,315.87368
0.28474761,0.253893661,0.00150000001,2529.8138,316.231145
0.285801651,0.261951848,0.00350000011,2566.42499,316.248639
0.284441954,0.260154983,0.00150000001,2545.29022,316.447635
0.286373736,0.263654719,0.00266666375,2558.82779,316.786443
0.286835228,0.2639111,0.00233323482,2553.47608,316.802346
0.284928879,0.261985847,0.00150000001,2555.23056,316.608815
0.284860508,0.252577156,0.00150000001,2529.05845,316.25219
0.282625326,0.254549714,0.00150000001,2524.16351,316.262936
0.282016582,0.255102994,0.00150000001,2520.66641,316.293543
0.285695681,0.263278027,0.00216665032,2564.65813,316.821566
0.282321961,0.260187857,0.00150000001,2524.76678,316.595208
0.282164206,0.254831356,0.00150000001,2526.18415,316.278691
0.285955619,0.249694925,0.00205611914,2528.78182,316.285035
0.280780825,0.260197285,0.00350000011,2542.61612,316.516887
0.280961562,0.260474373,0.00150000001,2535.86836,316.759765
0.283837217,0.249730094,0.00350000011,2524.93238,315.999878
0.276680867,0.256116712,0.00350000011,2517.08311,316.160878
0.276224076,0.256611034,0.00150000001,2510.31688,316.60292
0.276448411,0.254860802,0.00350000011,2522.28062,316.005498
0.280199494,0.251153648,0.00150000001,2512.0732,316.255206
0.275459017,0.255808943,0.00150000001,2512.2073,316.564378
0.275151428,0.257420102,0.00183343255,2518.09941,316.809158
0.279682239,0.250396354,0.00150000001,2517.42178,316.26415
0.274756829,0.255360519,0.00350000011,2519.60498,316.207825
0.273995784,0.256778078,0.00233330083,2511.88842,316.77332
0.276329212,0.252822669,0.00350000011,2520.61915,315.85884
0.273537187,0.256523306,0.00233324032,2512.4385,316.775985
0.273886357,0.253792476,0.00350000011,2512.12092,316.057118
0.273425933,0.254047862,0.00350000011,2515.24928,316.113845
0.272620903,0.25601425,0.00233316198,2499.21749,316.761677
0.276970127,0.250775853,0.00150000001,2514.21261,316.289285
0.279871222,0.247560546,0.00150000001,2515.41552,316.293065
0.278909113,0.247675927,0.00350000011,2515.92752,315.92467
0.280142045,0.246465165,0.00271482098,2516.81844,316.207054
0.272515819,0.253530914,0.00350000011,2500.28355,316.115687
0.278333266,0.248147046,0.00350000011,2513.12844,315.872968
0.278044281,0.247895791,0.00150000001,2517.51813,316.277168
0.275548204,0.250102655,0.00150000001,2502.34818,316.28282
0.274823851,0.249672508,0.00350000011,2508.20558,315.799365
0.270694817,0.253041312,0.00350000011,2500.85257,316.178062
0.278609672,0.245613845,0.00183328213,2514.35118,316.242876
0.277643432,0.245914779,0.00150000001,2510.27101,316.280231
0.270697302,0.253040992,0.00150000001,2501.34952,316.502405
0.276191257,0.246683487,0.00350000011,2510.00382,315.875946
0.276796965,0.246504514,0.00150000001,2510.13227,316.282379
0.274854534,0.248025488,0.00350000011,2508.53031,315.799983
0.275138304,0.246967599,0.00350000011,2505.63538,315.834748
0.272151828,0.249469851,0.00350000011,2499.30115,315.817074
0.268749641,0.253863551,0.00316629094,2495.46412,316.646424
0.272129732,0.247985154,0.00350000011,2502.49111,315.778668
0.269450773,0.250454752,0.00150000001,2489.96021,316.367084
0.271513722,0.247644281,0.00150000001,2497.96416,316.270846
0.273650341,0.244240873,0.00150000001,2504.38959,316.237632
0.270878428,0.247185404,0.00150000001,2496.07359,316.263472
0.266638221,0.25079291,0.00350000011,2473.16699,316.11505
0.273264503,0.243855172,0.00350000011,2504.88193,315.90529
0.271014266,0.246382184,0.00150000001,2498.73641,316.250976
0.268374926,0.249183113,0.00150000001,2483.80333,316.332525
0.271028225,0.245700812,0.00350000011,2502.4622,315.764502
0.272602975,0.243488263,0.00150000001,2502.20335,316.211052
0.272751344,0.243225076,0.00150000001,2503.89577,316.204081
0.269299505,0.246924574,0.00150000001,2486.39996,316.253367
0.270564462,0.244932496,0.00350000011,2501.71778,315.763247
0.267025963,0.247900971,0.00150000001,2487.10301,316.272081
0.266722003,0.247385432,0.00150000001,2478.37367,316.264681
0.263555178,0.250977746,0.00333514309,2417.98266,316.454903
0.268025504,0.245212425,0.00350000011,2497.82004,315.713175
0.270055233,0.242251709,0.00150000001,2502.59871,316.164413
0.2707807,0.241264411,0.00236970376,2502.20216,316.027904
0.265603572,0.242986473,0.00350000011,2497.10254,315.668509
0.268621012,0.24006458,0.00218384646,2503.14371,315.964047
0.261285851,0.247240505,0.00150000001,2428.91713,316.28361
0.258635027,0.249205271,0.00150000001,2345.69388,316.46384
0.262502401,0.24387814,0.00350000011,2483.99244,315.655564
0.259004854,0.246968779,0.00350000011,2417.25873,315.77401
0.264988773,0.241220101,0.00350000011,2502.86444,315.670441
0.266934181,0.239127459,0.00222795469,2506.3374,315.896505
0.267109015,0.239224589,0.00177924697,2506.26132,315.940421
0.262003234,0.243560334,0.00150000001,2483.12863,316.203524
0.259103643,0.245834017,0.00150000001,2442.38026,316.264494
0.260982326,0.242657274,0.00350000011,2487.30267,315.63523
0.25459111,0.2497224,0.00350000011,2343.63169,316.040786
0.262450813,0.240883973,0.00150000001,2502.26732,316.101938
0.259415411,0.243890106,0.00150000001,2467.03968,316.217452
0.257519946,0.245075756,0.00350000011,2440.05676,315.708725
0.264907977,0.238005871,0.00183434855,2507.7057,315.84204
0.257005889,0.252541834,0.00150000001,2326.81498,316.88682
0.26075826,0.241323459,0.00350000011,2497.08951,315.62654
0.262986865,0.239054991,0.00150000001,2508.99669,316.001955
0.254164627,0.250139112,0.00150000001,2332.21126,316.575079
0.263609994,0.238236978,0.00350000011,2509.06362,315.663346
0.253602438,0.248198094,0.00150000001,2360.85568,316.438756
0.262694675,0.23861231,0.00350000011,2509.68382,315.638101
0.258670943,0.242168266,0.00350000011,2479.12772,315.650607
0.256584947,0.244285546,0.00350000011,2435.78065,315.69574
0.254710979,0.246819561,0.00350000011,2386.65944,315.797028
0.252783581,0.250244475,0.00350000011,2347.27696,316.055058
0.262069951,0.238871283,0.00150000001,2508.32627,315.985222
0.254216716,0.246597118,0.00150000001,2389.42017,316.337001
0.253262631,0.251167488,0.00150000001,2324.82875,316.680345
0.256602757,0.242709534,0.00150000001,2452.78763,316.159191
0.262043075,0.237798304,0.00350000011,2512.71714,315.620606
0.254126337,0.244762965,0.00350000011,2409.78938,315.75747
0.262217502,0.237263724,0.00162542645,2514.42036,315.780461
0.257885763,0.241372078,0.00150000001,2478.02003,316.100755
0.252745767,0.245517041,0.00350000011,2396.64033,315.801286
0.256589522,0.241129848,0.00350000011,2463.95583,315.685782
0.251368994,0.252556153,0.00350000011,2297.42835,316.354825
0.248523237,0.249925322,0.00150000001,2338.60675,316.596554
0.248584133,0.25070504,0.00350000011,2329.16695,316.096824
0.251352623,0.253602816,0.00350000011,2290.80986,316.531524
0.252757831,0.243427527,0.00150000001,2412.10653,316.147503
0.25135781,0.245247141,0.00150000001,2383.25665,316.261389
0.254317992,0.241869497,0.00350000011,2451.69554,315.744849
0.249547739,0.246238867,0.00350000011,2368.82017,315.870396
0.251992603,0.243678875,0.00150000001,2396.30261,316.159112
0.249723445,0.244936751,0.00350000011,2381.68197,315.864176
0.246462169,0.250386189,0.00350000011,2335.37707,316.07083
0.251724977,0.242094594,0.00216637046,2439.8461,315.973331
0.245934812,0.250172425,0.00150000001,2345.49399,316.585712
0.24738899,0.2462341,0.00150000001,2360.86873,316.299846
0.248977665,0.243620877,0.00316655836,2402.34812,316.020647
0.248624196,0.254089094,0.00350000011,2325.32987,316.468794
0.250263593,0.255421048,0.00350000011,2303.92931,316.786235
0.248730029,0.243758451,0.00233382185,2403.312,316.071759
0.246595659,0.251698756,0.00150000001,2336.45669,316.725679
0.245288342,0.251205715,0.00150000001,2343.04435,316.656823
0.250403056,0.256209768,0.00350000011,2319.81362,316.94091
0.250552002,0.256473744,0.00321960573,2317.12338,317.133196
0.247056901,0.253395828,0.00150000001,2342.57933,316.868446
0.246259565,0.24513093,0.00284367673,2379.95121,316.144127
0.242388231,0.248498459,0.00350000011,2364.62413,316.103907
0.246211819,0.245157457,0.00181269108,2375.85299,316.212544
0.243579786,0.247487573,0.00150000001,2371.58371,316.379342
0.246437203,0.253906403,0.00150000001,2348.41098,316.901881
0.241462595,0.249538112,0.00350000011,2359.80804,316.105011
0.241483605,0.247958002,0.00350000011,2364.53418,316.211868
0.240711101,0.248213413,0.00283243092,2353.61322,316.326673
0.241682169,0.251122454,0.00150000001,2360.54636,316.563977
0.248259755,0.257747223,0.00323451189,2362.66511,317.227209
0.239095675,0.249110875,0.00233330067,2362.12514,316.379814
0.247215349,0.25832745,0.00271134538,2368.97189,317.305849
0.246960974,0.257602295,0.00150000001,2364.15045,317.266443
0.238560606,0.250789972,0.00350000011,2362.31731,316.205875
0.246272218,0.258503807,0.00350000011,2368.27733,317.088136
0.241090174,0.25452123,0.00150000001,2355.92878,316.806935
0.242309913,0.256219833,0.00150000001,2360.03962,317.010956
0.239868545,0.25464847,0.00350000011,2345.47765,316.228165
0.239344685,0.253922974,0.00150000001,2356.97929,316.686773
0.241372493,0.256957176,0.00350000011,2359.13502,316.513102
0.239034298,0.254433676,0.00150000001,2356.27555,316.710157
0.238094503,0.253345148,0.00350000011,2361.50022,316.174987
0.236678396,0.252356946,0.00150000001,2358.34135,316.548642
0.243907872,0.260164941,0.00202638848,2365.26336,317.439511
0.237278579,0.254265026,0.00350000011,2360.84026,316.208116
0.241496773,0.258567338,0.00150000001,2363.25102,317.196329
0.235431269,0.25114665,0.00333562789,2355.21413,316.405866
0.243329843,0.260486067,0.00227934025,2365.12915,317.443223
0.24060637,0.258032637,0.00150000001,2361.26206,317.116247
0.239046565,0.256909839,0.00350000011,2356.86122,316.402697
0.23415607,0.251855097,0.0025481787,2352.7233,316.467372
0.239303997,0.257484773,0.00350000011,2358.86303,316.478028
0.238275216,0.256420843,0.00150000001,2354.90901,316.835203
0.234933825,0.253318449,0.00350000011,2361.80899,316.254738
0.240592304,0.259633548,0.00350000011,2363.50567,316.849895
0.233638833,0.252836564,0.00150000001,2350.38754,316.559826
0.23365011,0.252310019,0.00150000001,2353.25876,316.560472
0.239662424,0.259582255,0.00150000001,2363.5089,317.22741
0.233128405,0.25242602,0.00166421072,2347.62924,316.537651
0.237640303,0.258459336,0.00350000011,2358.06936,316.511301
0.232616835,0.253071215,0.00350000011,2352.93993,316.367719
0.237923661,0.259313909,0.00350000011,2358.32023,316.625538
0.239464594,0.261323798,0.00350000011,2362.09856,317.047606
0.233920417,0.257385577,0.00350000011,2350.69229,316.287745
0.232068657,0.255428759,0.00150000001,2336.75585,316.643571
0.231270939,0.256726827,0.00150000001,2328.35768,316.705067
0.235868951,0.262199503,0.00350000011,2360.17294,316.908724
0.230224098,0.256437609,0.00150000001,2327.56668,316.674318
0.230363667,0.256706832,0.00150000001,2321.32423,316.691566
0.229928759,0.256998881,0.00350000011,2322.89924,316.229051
0.237228049,0.263875948,0.00163768601,2360.03593,317.585945
0.232645971,0.259789275,0.00350000011,2346.23001,316.39568
0.232192792,0.26006112,0.00350000011,2349.08806,316.405318
0.228863043,0.257238211,0.00350000011,2310.90243,316.246002
0.234916079,0.263410687,0.00150000001,2360.05494,317.440143
0.2270434,0.257199233,0.00350000011,2258.40574,316.277892
0.226740713,0.257192965,0.00350000011,2240.6292,316.285707
0.233482636,0.264221836,0.00350000011,2360.11495,317.071136
0.23051325,0.262188238,0.00350000011,2353.11504,316.572494
0.231542969,0.262786768,0.00150000001,2355.61635,317.27518
0.22641331,0.258628664,0.00150000001,2278.63386,316.826619
0.233065949,0.265504343,0.00150000001,2360.47047,317.587648
0.227451352,0.261080126,0.00350000011,2332.59579,316.370699
0.22978321,0.263063238,0.00350000011,2354.16436,316.658862
0.224903272,0.258222925,0.00350000011,2255.18653,316.261729
0.22693961,0.260422677,0.00150000001,2320.4563,316.969196
0.228580558,0.262803956,0.00350000011,2352.44681,316.580399
0.222665643,0.256950244,0.00350000011,2173.60702,316.342403
0.223117348,0.258237417,0.00350000011,2229.56154,316.280708
0.22312625,0.2580358,0.00150000001,2222.44476,316.790285
0.222197578,0.255656084,0.00350000011,2181.438,316.443498
0.222943911,0.254861322,0.00350000011,2180.56978,316.542596
0.228176225,0.265624634,0.00350000011,2360.19159,317.001724
0.219968348,0.258008323,0.00350000011,2205.38361,316.306282
0.219797722,0.256722878,0.00350000011,2189.05859,316.333808
0.228163619,0.266526489,0.00350000011,2362.21819,317.148932
0.219048595,0.256985257,0.00350000011,2189.74675,316.340137
0.229030811,0.267677118,0.00150000001,2362.42911,317.698635
0.225760643,0.264382014,0.00150000001,2352.25671,317.35109
0.22397536,0.262960677,0.00150000001,2337.76938,317.194673
0.221842616,0.260812732,0.00150000001,2299.7258,316.981907
0.221374425,0.260890061,0.00350000011,2296.16398,316.390823
0.224483818,0.263573845,0.00150000001,2344.51789,317.259625
0.221824002,0.262064481,0.00150000001,2318.1369,317.104555
0.220617651,0.260303664,0.00150000001,2286.93111,316.933574
0.227757067,0.268979603,0.00266705911,2364.40836,317.706725
0.219004783,0.254915935,0.00150000001,2182.44986,316.839956
0.21811223,0.255955145,0.00150000001,2188.36569,316.849535
0.219549022,0.260704332,0.00150000001,2280.39382,317.020905
0.216620894,0.257460167,0.00150000001,2198.78147,316.913563
0.217102831,0.259167932,0.00350000011,2233.28824,316.445468
0.214778438,0.257843269,0.00350000011,2194.19336,316.469291
0.213879579,0.256433419,0.00150000001,2182.89261,316.977634
0.216375999,0.26096989,0.00350000011,2251.6908,316.665803
0.214988094,0.259664244,0.00350000011,2231.11132,316.610808
0.216106927,0.253645588,0.00150000001,2156.56712,316.877202
0.221844453,0.266957335,0.00350000011,2351.82429,317.202956
0.223076661,0.268486456,0.00216546784,2367.82027,317.586846
0.214319291,0.254721164,0.00350000011,2165.96952,316.398904
0.212624568,0.256892655,0.00350000011,2186.50679,316.49623
0.223401701,0.268293534,0.00150000001,2365.9558,317.640505
0.21985565,0.266700219,0.00216708755,2338.41338,317.48634
0.217338604,0.263569971,0.00350000011,2284.61041,316.93611
0.212201133,0.255648526,0.00350000011,2179.02659,316.440335
0.216682339,0.251555809,0.00350000011,2157.95015,316.596943
0.221090178,0.267218744,0.00150000001,2348.60446,317.549158
0.21366138,0.259469996,0.00150000001,2219.42813,317.149929
0.215963164,0.2633245,0.00350000011,2278.47161,317.007567
0.212992527,0.253925613,0.00350000011,2179.407,316.396835
0.215193428,0.252109093,0.00350000011,2153.85945,316.505601
0.216358722,0.251029977,0.00283287677,2156.60675,316.701591
0.216473747,0.263609337,0.00150000001,2283.02416,317.339986
0.215330804,0.251323453,0.00350000011,2164.14612,316.551695
0.217549061,0.265418788,0.00202455363,2305.45704,317.449285
0.216327123,0.263873943,0.00150000001,2282.84564,317.366961
0.216888131,0.265051606,0.0016300766,2298.88418,317.453119
0.212307213,0.260258769,0.00150000001,2227.71449,317.224376
0.21077003,0.259230926,0.00150000001,2219.88726,317.173072
0.208879674,0.257667551,0.00350000011,2220.51468,316.701477
0.208554851,0.256623767,0.00350000011,2207.73487,316.617471
0.211824324,0.253421005,0.00350000011,2188.26709,316.397505
0.215005652,0.250278279,0.00321300324,2179.68213,316.670275
0.212610171,0.262327295,0.00350000011,2253.86123,317.142806
0.214421502,0.250298852,0.00350000011,2188.31058,316.589836
0.212515489,0.262622355,0.00182050179,2248.52022,317.392203
0.21430214,0.249887437,0.00223152381,2195.67489,316.725998
0.212246177,0.262472736,0.00333518974,2245.38735,317.289951
0.207717203,0.258226453,0.00150000001,2223.80273,317.183722
0.211628212,0.251662817,0.00350000011,2204.83952,316.415368
0.209701926,0.26105927,0.00215194667,2230.74963,317.360047
0.207912273,0.255063079,0.00350000011,2208.45433,316.512606
0.213848928,0.249635648,0.00164721705,2200.58375,316.77482
0.205880342,0.257205426,0.00150000001,2219.6141,317.174456
0.208796829,0.260556437,0.00318130442,2231.39159,317.284227
0.207580509,0.25353825,0.00350000011,2214.70304,316.427801
0.205785961,0.25403723,0.00350000011,2205.68521,316.482788
0.203510819,0.257619762,0.00333335737,2215.32083,317.209244
0.207624582,0.252751768,0.00150000001,2203.18783,316.970754
0.20833744,0.251421304,0.00150000001,2208.46186,316.9204
0.207431941,0.251973875,0.00150000001,2201.79756,316.948325
0.204758051,0.253329009,0.00150000001,2206.6258,316.990945
0.202175145,0.255145284,0.00350000011,2220.42034,316.766569
0.201678651,0.256601889,0.00266641996,2220.60872,317.249407
0.205260926,0.252229345,0.00350000011,2199.50525,316.397564
0.207618394,0.249956203,0.00350000011,2212.66568,316.364473
0.201587868,0.256204652,0.00350000011,2230.04994,317.010363
0.208437165,0.248534003,0.00150000001,2214.05867,316.824963
0.202456569,0.25409255,0.00350000011,2229.7298,316.584433
0.2012889,0.254125408,0.00150000001,2221.81684,317.0697
0.200797717,0.2543808,0.00350000011,2218.32799,316.747334
0.204008229,0.251053477,0.00150000001,2214.02771,316.900235
0.203831967,0.250671542,0.00350000011,2204.89618,316.338237
0.205536993,0.247795669,0.00150000001,2215.58325,316.804651
0.1993977,0.252570692,0.00350000011,2209.84554,316.560383
0.19846449,0.254816249,0.00333307116,2216.87021,317.110131
0.201225785,0.25047257,0.00150000001,2207.64193,316.880145
0.202377006,0.248745134,0.00350000011,2210.41796,316.273366
0.19834531,0.252846848,0.00350000011,2211.96906,316.667938
0.202942669,0.248094044,0.00150000001,2212.08585,316.823833
0.198827621,0.252074889,0.00150000001,2218.24616,316.959252
0.198913932,0.251271702,0.00350000011,2191.85652,316.430284
0.196625901,0.253794813,0.00333334885,2200.89316,317.060603
0.20277199,0.246412287,0.00350000011,2211.72147,316.277746
0.20320088,0.245103048,0.00350000011,2213.05451,316.319335
0.196957695,0.251560209,0.00350000011,2197.65668,316.562579
0.19570811,0.253284929,0.003333358,2201.86633,317.033844
0.200079086,0.247497546,0.00350000011,2202.15138,316.20844
0.19771733,0.247935649,0.00350000011,2205.94394,316.187362
0.195565978,0.250280386,0.00350000011,2197.54932,316.436066
0.195693213,0.249501828,0.00350000011,2186.63769,316.343628
0.201818795,0.2436456,0.00150000001,2213.07516,316.593881
0.198711052,0.246176894,0.00350000011,2208.31035,316.156179
0.193931948,0.251605856,0.00350000011,2179.38175,316.721577
0.19821595,0.246260301,0.00150000001,2211.50173,316.69175
0.195592824,0.248757215,0.00150000001,2201.27766,316.758905
0.196351792,0.247179131,0.00350000011,2199.18405,316.149065
0.197453473,0.24601291,0.00150000001,2200.50406,316.679494
0.195979742,0.246991875,0.00150000001,2200.76251,316.685042
0.199835361,0.242541106,0.00350000011,2212.52119,316.221615
0.197341597,0.244897572,0.00350000011,2201.57842,316.10569
0.194574493,0.247712019,0.00350000011,2191.87332,316.175088
0.200434932,0.242356977,0.00150000001,2211.889,316.49531
0.194676209,0.246980915,0.00350000011,2181.31375,316.123556
0.197757556,0.243613301,0.00350000011,2211.46521,316.11952
0.194411786,0.246698931,0.00150000001,2194.85395,316.664492
0.194495525,0.246156031,0.00150000001,2201.19874,316.636093
0.196263283,0.243640973,0.00350000011,2210.34547,316.06735
0.191033157,0.248258163,0.00350000011,2140.57633,316.262037
0.189879246,0.250180829,0.00233527444,1908.09488,316.879409
0.194413479,0.243408823,0.00350000011,2203.28045,316.005993
0.18972012,0.248011923,0.00150000001,2115.12754,316.691599
0.195463246,0.242371044,0.00350000011,2208.47517,316.035187
0.190789936,0.247191826,0.00150000001,2160.58114,316.646613
0.188496395,0.249561947,0.00150000001,2029.69655,316.840363
0.19360345,0.243550187,0.00150000001,2203.74691,316.541988
0.189860783,0.246755983,0.00150000001,2152.60067,316.618214
0.188488707,0.250086209,0.00150000001,2017.3456,316.905887
0.189316825,0.250492968,0.00339408865,2010.29982,316.815953
0.188925713,0.246212206,0.00350000011,2154.4677,316.045872
0.189694909,0.245213155,0.00350000011,2178.85201,315.996195
0.187205904,0.247706678,0.00350000011,2084.60766,316.168733
0.187904248,0.251278058,0.00211414417,2020.9634,317.070459
0.185296277,0.248971371,0.00350000011,2044.17598,316.330219
0.185622146,0.250304995,0.00150000001,2021.57743,316.956449
0.193033701,0.240255161,0.00150000001,2212.39802,316.337211
0.194611409,0.239288144,0.00150000001,2212.43087,316.229954
0.18748329,0.251511927,0.00163011432,2021.02464,317.110849
0.186828754,0.245574356,0.00350000011,2147.53553,316.008568
0.185848486,0.246450664,0.00150000001,2119.09527,316.588601
0.187905006,0.243866181,0.00150000001,2178.56637,316.502629
0.183035868,0.248548515,0.00150000001,2046.98522,316.753094
0.192627988,0.23876835,0.00350000011,2213.54388,315.888687
0.181755844,0.249418884,0.00350000011,2031.51552,316.341081
0.191441949,0.239129575,0.00150000001,2213.44111,316.224873
0.183957143,0.247008877,0.00150000001,2099.98585,316.635952
0.183934315,0.251583668,0.00150000001,2022.39176,317.100161
0.192458203,0.237782957,0.00216536738,2214.33294,315.941622
0.183018144,0.251559952,0.00150000001,2023.31744,317.092481
0.192225232,0.237684536,0.00233199346,2214.50219,315.91517
0.182926346,0.246924704,0.00350000011,2095.79842,316.125058
0.191435527,0.237953985,0.00350000011,2214.80523,315.827979
0.19198316,0.237595039,0.00316553543,2214.91489,315.855181
0.181293251,0.247729235,0.00350000011,2066.17292,316.190559
0.186753202,0.24255038,0.00150000001,2182.56693,316.429393
0.182691958,0.245777408,0.00150000001,2113.43203,316.570744
0.182402097,0.252589791,0.00150000001,2018.85929,317.197433
0.17951362,0.248224897,0.00150000001,2047.95295,316.770256
0.186939676,0.240033893,0.00150000001,2197.92992,316.249979
0.179597091,0.251222202,0.00150000001,2005.70275,317.015792
0.183681052,0.242663492,0.00350000011,2153.28245,315.974894
0.179776062,0.246604391,0.00150000001,2079.46719,316.649722
0.180932561,0.253015001,0.00150000001,2002.31363,317.212657
0.176638251,0.24894517,0.00350000011,2034.18746,316.298467
0.180006928,0.252174382,0.00350000011,2002.1696,316.657757
0.181688738,0.254100602,0.00350000011,2013.8936,317.082678
0.183546227,0.241875394,0.00350000011,2159.79821,315.964561
0.177814603,0.250972292,0.00350000011,2008.1663,316.428841
0.179230727,0.252305578,0.00350000011,1996.71802,316.637566
0.176803338,0.24851562,0.00150000001,2034.02152,316.812187
0.18753329,0.237786103,0.00208022556,2219.06475,315.879325
0.175868766,0.249565407,0.00150000001,2024.22734,316.877581
0.178822702,0.253152262,0.00150000001,1985.58706,317.202452
0.179558627,0.244490351,0.00350000011,2094.42972,316.119346
0.185021092,0.239152305,0.00166663679,2196.1163,316.039746
0.180342144,0.243659378,0.00150000001,2118.4288,316.453033
0.179414484,0.254060824,0.00150000001,1981.18244,317.300625
0.181417578,0.242369168,0.00350000011,2137.38075,316.040468
0.179924864,0.255711055,0.00250448116,1994.80014,317.431857
0.175198816,0.251399988,0.00350000011,2016.55142,316.430652
0.17636126,0.253301767,0.00150000001,2014.71125,317.157837
0.178216863,0.243109167,0.00350000011,2105.60231,316.196685
0.175083375,0.244673261,0.00296862427,2076.53265,316.379849
0.173118619,0.246978894,0.00350000011,2063.4995,316.335579
0.172349586,0.251706666,0.00350000011,2037.18586,316.416495
0.175023422,0.253966056,0.00350000011,2032.16135,316.650205
0.170314357,0.250089706,0.00350000011,2055.93561,316.377999
0.168972718,0.249280151,0.00350000011,2053.08915,316.424159
0.168713834,0.249592451,0.00150000001,2061.36974,316.751627
0.17652272,0.257601133,0.00223165565,2047.04359,317.534508
0.168937869,0.250851446,0.00350000011,2044.8632,316.385355
0.175225195,0.257110017,0.00350000011,2050.39692,317.141372
0.166686762,0.250031061,0.00350000011,2070.0296,316.505657
0.168750617,0.252153459,0.00350000011,2057.05301,316.398913
0.1746109,0.257969191,0.00150000001,2054.72052,317.532332
0.172970529,0.257135895,0.00150000001,2054.91412,317.406081
0.16561271,0.250801937,0.00350000011,2065.8956,316.502272
0.16995074,0.255689207,0.00350000011,2046.03612,316.612541
0.169339315,0.254897921,0.00150000001,2050.65485,317.095929
0.167533387,0.254262572,0.00350000011,2047.82802,316.434705
0.164398177,0.250782977,0.00350000011,2056.62696,316.570891
0.166005412,0.253740297,0.00150000001,2056.00909,316.906462
0.166000705,0.254805858,0.00150000001,2053.71077,316.965436
0.171425093,0.260259312,0.00150000001,2058.047,317.625668
0.169817504,0.259408418,0.00350000011,2057.82466,317.082889
0.164187379,0.254218359,0.00150000001,2055.03011,316.903025
0.162546372,0.252849213,0.00350000011,2050.21183,316.503468
0.167363808,0.258307695,0.00350000011,2056.83125,316.74148
0.165685264,0.256933575,0.00150000001,2052.08705,317.096327
0.164330754,0.255021461,0.00150000001,2043.36113,316.934106
0.162028611,0.251925904,0.00166577048,2051.48183,316.781826
0.163717182,0.254948539,0.00350000011,2052.07788,316.413473
0.165024448,0.256311002,0.00350000011,2057.80069,316.464678
0.163227908,0.256209937,0.00350000011,2052.85771,316.423945
0.167344017,0.260440314,0.00350000011,2058.33117,317.037059
0.16057119,0.253082457,0.00150000001,2046.78785,316.835494
0.162026271,0.256270503,0.00150000001,2043.82228,316.965901
0.165547684,0.259860755,0.00150000001,2058.45051,317.331952
0.167781082,0.262284134,0.00150000001,2058.43194,317.651583
0.16250979,0.258501102,0.00150000001,2047.49023,317.120554
0.158734212,0.254102559,0.00150000001,2037.60115,316.84535
0.166678464,0.263070167,0.00319720496,2059.12933,317.582133
0.16066478,0.258624813,0.00350000011,2042.89617,316.476632
0.166470158,0.263185892,0.00278398357,2058.86932,317.627272
0.165071699,0.262750352,0.00150000001,2058.75042,317.570573
0.157245858,0.254583001,0.00284651801,2011.89475,316.726359
0.158683992,0.256717859,0.00150000001,2027.8605,316.927912
0.15734992,0.255388823,0.00150000001,2017.64077,316.871779
0.16476365,0.263267938,0.00150000001,2058.67644,317.603321
0.157060719,0.254859095,0.00350000011,2008.83949,316.627021
0.1622676,0.261173142,0.00350000011,2053.35517,316.779832
0.159239008,0.25828937,0.00150000001,2028.52979,317.021775
0.158198848,0.258014863,0.00150000001,2031.02932,316.98716
0.156442402,0.255374675,0.00150000001,2000.32276,316.868642
0.160103848,0.2606554,0.00350000011,2051.39127,316.616667
0.163297026,0.26355988,0.00350000011,2057.50759,317.209288
0.160646248,0.260590885,0.00150000001,2052.31114,317.225432
0.156573086,0.257205449,0.00350000011,1997.64929,316.471242
0.162525141,0.263995181,0.00150000001,2057.79429,317.581421
0.161898533,0.264337782,0.00350000011,2059.3097,317.221903
0.154600064,0.256923868,0.00150000001,1932.34853,316.911978
0.155514131,0.258482802,0.00350000011,1999.30806,316.444737
0.155518116,0.25849344,0.00150000001,2003.74131,316.991855
0.155065499,0.258740659,0.00350000011,2000.28682,316.442979
0.155075427,0.259260194,0.00350000011,2011.28007,316.45615
0.156375775,0.26038917,0.00350000011,2024.75118,316.511879
0.159622238,0.26351617,0.00350000011,2053.9067,316.938314
0.158096899,0.262028872,0.00150000001,2047.35046,317.302171
0.153707782,0.257963916,0.00350000011,1940.57962,316.47911
0.154949548,0.259825743,0.00350000011,2012.99513,316.486851
0.156094244,0.262040946,0.00350000011,2045.43121,316.63661
0.16063544,0.266427408,0.00244696717,2058.64904,317.687056
0.152914895,0.258239378,0.00150000001,1936.02664,317.004459
0.160312507,0.266431667,0.00350000011,2058.33419,317.484318
0.150662335,0.25644048,0.00350000011,1877.94657,316.571201
0.155308407,0.262490823,0.00350000011,2041.5499,316.680457
0.155019745,0.262032087,0.00150000001,2037.99973,317.281467
0.157940475,0.265593017,0.00350000011,2058.61432,317.153612
0.159422707,0.266765946,0.00150000001,2059.15469,317.70878
0.154528788,0.262640335,0.00350000011,2044.02084,316.688588
0.152182184,0.260387152,0.00150000001,1998.80279,317.149734
0.152993091,0.261731269,0.00350000011,2028.89287,316.607354
0.156289209,0.264876819,0.00350000011,2056.39218,316.990291
0.159006758,0.267332219,0.00334966178,2059.5689,317.611752
0.152691129,0.261300881,0.00150000001,2017.08731,317.211662
0.148838148,0.255943877,0.00350000011,1881.4218,316.595998
0.152951998,0.262650968,0.00150000001,2037.71515,317.324664
0.156719729,0.266648605,0.00150000001,2059.48618,317.656621
0.15375043,0.264279265,0.00150000001,2048.72201,317.466265
0.150584206,0.261269076,0.00150000001,2001.71131,317.220604
0.153003836,0.263802701,0.00350000011,2044.21447,316.822257
0.151902179,0.262656661,0.00150000001,2032.25608,317.330667
0.156188317,0.267449073,0.00150000001,2060.08544,317.706843
0.146554447,0.255181403,0.00350000011,1880.7297,316.608964
0.155775122,0.268060399,0.00350000011,2060.20736,317.428657
0.145499007,0.256234201,0.00150000001,1888.04908,317.107137
0.146398212,0.254922831,0.00350000011,1880.95509,316.624003
0.149833168,0.262963931,0.00150000001,2025.23862,317.363788
0.146979958,0.259763582,0.00150000001,1955.29611,317.157729
0.146388786,0.254402432,0.00350000011,1882.74937,316.656845
0.143702501,0.256957164,0.00350000011,1889.58761,316.593544
0.146155635,0.25942099,0.00350000011,1946.18453,316.611911
0.147599083,0.261221673,0.00350000011,1987.42539,316.685801
0.149025373,0.262477385,0.00350000011,2009.37321,316.758073
0.14669873,0.260179139,0.00350000011,1965.07648,316.641072
0.155235449,0.268945943,0.00150000001,2060.68001,317.765934
0.151242895,0.265834184,0.00150000001,2048.46195,317.572694
0.149600709,0.264294705,0.00150000001,2029.15196,317.469562
0.144690012,0.259474468,0.00350000011,1943.1953,316.674627
0.144314599,0.254859611,0.00150000001,1872.61754,317.116879
0.15082249,0.26619344,0.00150000001,2048.46448,317.591514
0.149495274,0.265898948,0.00350000011,2037.39935,317.168627
0.153751276,0.269237806,0.00266687202,2062.28757,317.657695
0.14958519,0.265944453,0.00150000001,2038.89405,317.571693
0.144039824,0.254264501,0.00150000001,1870.09329,317.113239
0.147525236,0.264088405,0.00350000011,2013.34206,317.027555
0.15324748,0.269192937,0.00333327716,2062.96675,317.578438
0.150868225,0.268373688,0.00233377195,2063.91987,317.597088
0.146326814,0.263426796,0.00150000001,1996.37654,317.446511
0.144975776,0.262141333,0.00150000001,1978.10158,317.394995
0.143627955,0.253412203,0.00150000001,1868.80876,317.098148
0.145451439,0.251983238,0.00150000001,1872.94575,317.030855
0.142443795,0.254427114,0.00350000011,1879.06994,316.61714
0.143314988,0.260851415,0.00150000001,1941.95692,317.371409
0.140660628,0.255419799,0.00350000011,1875.73433,316.632443
0.141075717,0.259489851,0.00350000011,1920.00593,316.874032
0.138318727,0.257961156,0.00350000011,1915.51583,316.851517
0.140404879,0.26020125,0.00150000001,1923.69848,317.392849
0.137194129,0.257380676,0.00150000001,1913.66642,317.33869
0.139729154,0.260284651,0.00350000011,1925.42871,317.020299
0.138507701,0.259778919,0.00350000011,1928.27323,317.025343
0.141352821,0.251245593,0.00150000001,1890.55537,317.074012
0.139667214,0.252902455,0.00350000011,1893.03836,316.611533
0.138536864,0.253397433,0.00150000001,1890.75775,317.184709
0.139458652,0.261862006,0.00350000011,1947.35168,317.302557
0.135531229,0.254883958,0.00350000011,1900.40235,316.720367
0.134540503,0.259302917,0.00249750887,1940.14525,317.444885
0.134027901,0.258673679,0.00150000001,1933.80945,317.473667
0.134179602,0.255137853,0.00350000011,1923.10774,316.769103
0.135512483,0.253905164,0.00150000001,1896.02109,317.247548
0.138228183,0.250046331,0.00350000011,1912.07305,316.630477
0.132106131,0.25777669,0.00350000011,1924.01125,317.256841
0.139743266,0.248465843,0.00215299049,1914.86375,316.889793
0.133719147,0.253293893,0.00350000011,1911.17217,316.656333
0.136750701,0.250080119,0.00150000001,1911.34691,317.079536
0.135416387,0.252013529,0.00150000001,1908.00396,317.179567
0.133665917,0.25394503,0.00150000001,1914.22388,317.249988
0.13097475,0.255590235,0.00150000001,1920.77919,317.337404
0.13803378,0.248209831,0.00350000011,1915.11176,316.695444
0.136677211,0.249017523,0.00350000011,1913.49304,316.601934
0.130250145,0.255705815,0.00350000011,1921.98692,317.045778
0.132038575,0.25358409,0.00350000011,1920.53234,316.707253
0.13785658,0.247417678,0.00214105785,1915.57006,316.847985
0.130363042,0.254558627,0.00150000001,1929.35516,317.273734
0.129476208,0.25614304,0.00150000001,1930.45209,317.405973
0.131869642,0.252805347,0.00350000011,1911.07826,316.657724
0.130076448,0.254395565,0.00350000011,1923.2686,316.867301
0.131827424,0.252411823,0.00150000001,1906.71683,317.179939
0.131674312,0.252150524,0.00150000001,1911.09831,317.171282
0.130056837,0.254043546,0.00150000001,1920.38195,317.25172
0.128725165,0.255204276,0.00350000011,1914.65761,317.082331
0.131979416,0.251212369,0.00150000001,1904.32038,317.144881
0.133027131,0.249059371,0.00350000011,1910.97933,316.513194
0.133782857,0.24860644,0.00150000001,1908.73234,317.042296
0.129431274,0.252494431,0.00150000001,1919.88993,317.170313
0.127819036,0.254357432,0.00150000001,1922.4975,317.320818
0.126772767,0.254122391,0.00150000001,1919.57509,317.31726
0.13433515,0.246154822,0.00350000011,1914.80324,316.598074
0.1264704,0.253609343,0.00150000001,1910.12783,317.287507
0.125657005,0.254367651,0.00253110392,1915.33935,317.32487
0.125510538,0.253420027,0.00350000011,1907.28014,317.007144
0.130951767,0.247384202,0.00150000001,1914.50558,316.983475
0.127737,0.250230786,0.00150000001,1907.63648,317.087194
0.124297294,0.253439069,0.00350000011,1899.75198,317.107299
0.128914093,0.246744826,0.00350000011,1912.27104,316.396291
0.125972039,0.249728811,0.00150000001,1889.7831,317.052973
0.123517465,0.253179014,0.00182049693,1900.51164,317.304381
0.130678704,0.244641258,0.00350000011,1913.88109,316.452424
0.131665315,0.24397809,0.00179965496,1913.21117,316.668273
0.124050142,0.251055577,0.00150000001,1889.54803,317.154209
0.122885456,0.252654853,0.00150000001,1889.96639,317.273127
0.130663252,0.243594538,0.00350000011,1911.35745,316.481501
0.12153457,0.251383954,0.00350000011,1874.28533,316.887303
0.128650684,0.243514268,0.00150000001,1910.41343,316.721465
0.127942196,0.243121522,0.00350000011,1911.70173,316.336992
0.128475462,0.242205947,0.00246945783,1910.57118,316.455878
0.124652917,0.245389075,0.00150000001,1906.11343,316.825154
0.121731186,0.247192262,0.00150000001,1886.84176,316.893031
0.121020068,0.246919362,0.00350000011,1869.5368,316.304331
0.122196042,0.245328971,0.00350000011,1894.78306,316.213488
0.127343421,0.241577036,0.00163340142,1910.52709,316.473119
0.119049173,0.248786599,0.00150000001,1824.28334,316.971036
0.119205674,0.247482346,0.00350000011,1847.44622,316.360594
0.123863854,0.242935371,0.00350000011,1906.39533,316.182823
0.121946172,0.243953086,0.00150000001,1900.43313,316.728192
0.11961656,0.245654089,0.00150000001,1878.87709,316.794686
0.116454776,0.248529994,0.00350000011,1769.7306,316.478539
0.125270402,0.240425359,0.00206691097,1909.79033,316.298899
0.120311773,0.24434849,0.00350000011,1892.9088,316.145688
0.121390765,0.243365666,0.00150000001,1901.4227,316.691313
0.116948836,0.246726075,0.00350000011,1843.38856,316.274609
0.118552102,0.24476645,0.00150000001,1881.5433,316.742484
0.115131583,0.249802015,0.00150000001,1721.59403,317.100597
0.119263979,0.244044779,0.00350000011,1891.86177,316.120283
0.11880294,0.244311708,0.00150000001,1888.52272,316.722633
0.115704151,0.251389223,0.00202302503,1720.28916,317.252979
0.115027596,0.246761003,0.00350000011,1822.60789,316.268553
0.114541679,0.251158234,0.00350000011,1722.46682,316.923979
0.119275778,0.242508306,0.00150000001,1900.74867,316.616567
0.117715938,0.244021537,0.00350000011,1887.41181,316.105683
0.113311168,0.250293076,0.00150000001,1725.3762,317.152736
0.113754462,0.25108628,0.00150000001,1722.71148,317.240106
0.11748692,0.242960984,0.00350000011,1895.35934,316.053802
0.115170306,0.245212901,0.00150000001,1859.49901,316.74195
0.117220599,0.243115792,0.00350000011,1891.9166,316.060378
0.115883545,0.24388812,0.00350000011,1877.8738,316.093164
0.120426548,0.239173611,0.00150000001,1911.47165,316.296485
0.112284992,0.247409994,0.00150000001,1790.03699,316.859155
0.118678968,0.240824991,0.00350000011,1906.53684,315.980761
0.111938731,0.251057467,0.00150000001,1723.27234,317.225909
0.11275709,0.246037123,0.00350000011,1828.25806,316.20883
0.114227343,0.243926927,0.00350000011,1866.30136,316.095941
0.109538406,0.248951867,0.00150000001,1744.89209,316.978066
0.109233145,0.248950272,0.00150000001,1729.12237,316.984002
0.119097375,0.238122531,0.00350000011,1912.79713,315.855118
0.108871128,0.248341785,0.00350000011,1759.07222,316.385418
0.108333195,0.249478211,0.00150000001,1724.55286,317.032971
0.118037734,0.238467507,0.00350000011,1912.31422,315.849966
0.114483689,0.24107647,0.00350000011,1889.13492,315.983147
0.108666932,0.251319841,0.00350000011,1711.98126,316.706483
0.10841236,0.247565233,0.00150000001,1770.08424,316.891229
0.106827216,0.249934955,0.00150000001,1724.13227,317.057335
0.109205285,0.252062053,0.00150000001,1710.97208,317.301795
0.107679063,0.247418273,0.00350000011,1762.67684,316.342859
0.111030605,0.253985634,0.00324412865,1721.03737,317.39236
0.117748505,0.237262244,0.00266713973,1916.40955,315.795794
0.116719423,0.237398284,0.00166682003,1916.5453,315.915835
0.114754149,0.238877477,0.00350000011,1904.81532,315.872901
0.113824493,0.2400675,0.00350000011,1890.46202,315.947783
0.105401259,0.250247485,0.00150000001,1726.40861,317.091639
0.115754534,0.237695823,0.00166755699,1917.04499,315.945101
0.115311612,0.237894376,0.00333338963,1915.09368,315.812363
0.111226413,0.241338693,0.00350000011,1860.72435,316.054957
0.103775688,0.248562421,0.00350000011,1742.19813,316.443085
0.107580506,0.25365147,0.00350000011,1689.83219,317.000028
0.109865343,0.242120192,0.00150000001,1838.41374,316.453361
0.110146258,0.241590355,0.00350000011,1855.84715,316.095473
0.109258245,0.242109588,0.00150000001,1837.806,316.441451
0.110184961,0.241075475,0.00150000001,1865.58621,316.327461
0.105436717,0.25280182,0.00150000001,1710.86908,317.293309
0.108619716,0.255325022,0.00164074852,1697.07158,317.56708
0.101505787,0.249320321,0.00350000011,1741.23684,316.489454
0.101830284,0.248287846,0.00350000011,1757.58446,316.457281
0.107083221,0.255484403,0.00350000011,1697.32999,317.255234
0.105731821,0.244413784,0.00150000001,1792.59365,316.623257
0.104809702,0.243888136,0.00350000011,1791.7895,316.343922
0.103755421,0.244646533,0.00150000001,1786.56148,316.610619
0.0995711976,0.248007012,0.00350000011,1764.87277,316.498112
0.106142785,0.256701091,0.00258044219,1730.91564,317.573844
0.103132958,0.254560852,0.00150000001,1745.53938,317.388873
0.104503203,0.256227161,0.00350000011,1747.71421,317.190074
0.101745763,0.25319342,0.00150000001,1740.25832,317.271284
0.0990540584,0.251377624,0.00350000011,1755.6824,316.543494
0.103607131,0.255690512,0.00350000011,1752.00326,317.055207
0.0967968206,0.250582543,0.00350000011,1767.66068,316.546403
0.100468271,0.254373412,0.00350000011,1752.35426,316.749582
0.100850875,0.254308297,0.00150000001,1747.87148,317.326832
0.103736259,0.257172834,0.00150000001,1757.66587,317.595957
0.103908873,0.257942157,0.00203560193,1760.20564,317.640686
0.0991283245,0.254539062,0.00150000001,1755.33955,317.302748
0.09554505,0.253697177,0.00350000011,1743.11109,316.585185
0.0955404411,0.254739877,0.00350000011,1744.95087,316.620705
0.0956735904,0.255228376,0.00150000001,1756.22924,317.235094
0.10003666,0.260093387,0.00243390313,1762.72633,317.64805
0.0969736053,0.257667196,0.00150000001,1760.47085,317.441024
0.0957497645,0.256427021,0.00150000001,1760.11951,317.310663
0.0903774275,0.252589959,0.00150000001,1756.98135,316.954969
0.0947418221,0.258817693,0.00150000001,1759.34034,317.434687
0.0944531935,0.259795696,0.00150000001,1757.27146,317.488391
0.0881011221,0.253340587,0.00150000001,1752.23522,316.938238
0.0911036795,0.258220593,0.00350000011,1755.70652,316.660851
0.0939727058,0.261562349,0.00350000011,1758.76532,317.167154
0.0877806376,0.255417817,0.00150000001,1738.0805,317.00064
0.0889496838,0.256990273,0.00350000011,1747.70229,316.57525
0.0926266573,0.260771257,0.00350000011,1762.10624,316.964967
0.0882324791,0.256206075,0.00150000001,1735.3833,317.032509
0.0882298388,0.256728201,0.00150000001,1735.91359,317.057237
0.0861292935,0.254092196,0.00183343054,1728.79692,316.89034
0.0924188203,0.26207216,0.00150000001,1759.50142,317.552862
0.0857885523,0.256705192,0.00350000011,1732.31906,316.596248
0.0906227786,0.261515469,0.00150000001,1758.3227,317.444476
0.0848866354,0.256169033,0.00350000011,1716.06255,316.640942
0.0847553914,0.25485547,0.00316675007,1712.18458,316.802934
0.0885182791,0.259921634,0.00150000001,1741.20914,317.260327
0.0872751686,0.258753067,0.00150000001,1733.97373,317.161607
0.0901696531,0.261769574,0.00150000001,1757.48394,317.442217
0.0919634645,0.263887031,0.00350000011,1759.22804,317.340869
0.0906008295,0.263086189,0.00150000001,1759.9254,317.543369
0.0850434112,0.259054505,0.00350000011,1727.16431,316.595215
0.0913417807,0.264923878,0.00183265652,1760.15422,317.651685
0.0907274334,0.264919093,0.00150000001,1760.03278,317.641163
0.0898109068,0.265428538,0.00150000001,1760.19743,317.638366
0.0884539999,0.265144641,0.00350000011,1760.03558,317.230259
0.0838435551,0.261272157,0.00350000011,1739.3698,316.678553
0.085632579,0.262936568,0.00350000011,1752.00739,316.845245
0.0847900945,0.262433677,0.00150000001,1750.46178,317.358488
0.0810670814,0.255867962,0.00178226769,1564.45327,316.937657
0.0866386703,0.264098759,0.00150000001,1755.69415,317.496082
0.0810753816,0.255872576,0.00204285643,1561.56171,316.911072
0.0804460736,0.255522948,0.00267196774,1565.88573,316.880797
0.0871040226,0.265926955,0.00350000011,1759.96477,317.239493
0.0786617413,0.256962677,0.00150000001,1569.30743,317.081191
0.0796123377,0.259015493,0.00350000011,1646.90021,316.590772
0.0812526886,0.26037968,0.00350000011,1708.12165,316.625921
0.0853246526,0.265166493,0.00350000011,1759.01282,317.059037
0.0830075136,0.262608399,0.00150000001,1743.04759,317.363764
0.0785238357,0.258276139,0.00150000001,1622.96324,317.098655
0.079557297,0.25537664,0.00150000001,1567.39616,317.035514
0.0789511816,0.255385456,0.00350000011,1566.96466,316.755996
0.0845590723,0.264722475,0.00350000011,1756.56686,316.98729
0.0812169402,0.261589913,0.00150000001,1728.29949,317.284286
0.0817543058,0.262473796,0.00350000011,1738.98306,316.746806
0.0861940021,0.266940018,0.00350000011,1761.12531,317.313261
0.0824984478,0.262922894,0.00150000001,1743.97391,317.382643
0.0840208617,0.265317288,0.00350000011,1757.46313,317.031594
0.0860443782,0.267195376,0.00350000011,1761.34863,317.335629
0.0856800006,0.266923356,0.00150000001,1760.80532,317.615891
0.0862809236,0.267735458,0.00283297351,1761.25557,317.553002
0.0785811158,0.260639222,0.00350000011,1696.58271,316.642886
0.0829544254,0.265252827,0.00150000001,1756.40662,317.520563
0.0754769819,0.256219178,0.00150000001,1575.77955,317.123314
0.0776404595,0.253964281,0.00266667749,1567.7288,316.926435
0.0844684411,0.26708733,0.00350000011,1761.36616,317.234136
0.0753130121,0.255442882,0.00350000011,1570.56772,316.680201
0.0851212931,0.268211858,0.00150000001,1761.8932,317.632291
0.0828846296,0.266942003,0.00150000001,1760.52711,317.583824
0.079675113,0.263991984,0.00150000001,1741.52425,317.430445
0.0740096333,0.258723384,0.00150000001,1606.13962,317.216453
0.0762630362,0.253199044,0.00233326942,1566.93374,316.948776
0.0731682458,0.258678531,0.00150000001,1611.87524,317.228245
0.0784514795,0.263802022,0.00350000011,1732.28542,316.869611
0.0723894246,0.258449107,0.00150000001,1594.71042,317.246581
0.0717434148,0.257950562,0.00350000011,1592.05377,316.688835
0.0741887457,0.260424337,0.00350000011,1655.04281,316.724349
0.0759090529,0.262213734,0.00350000011,1697.6601,316.789188
0.0808076001,0.266904189,0.00350000011,1758.9689,317.131473
0.0797960647,0.266577878,0.00350000011,1755.48168,317.10842
0.0806160682,0.26779899,0.00350000011,1760.27857,317.218156
0.0823474336,0.268937552,0.00150000001,1763.48321,317.601848
0.0713482628,0.258161076,0.00150000001,1584.80527,317.269118
0.070519825,0.257435059,0.00150000001,1581.56667,317.264768
0.081678361,0.269236608,0.00276229478,1764.60242,317.463765
0.0812433412,0.269042856,0.00350000011,1764.81066,317.344613
0.0816649978,0.269234015,0.00181247857,1764.2916,317.543586
0.0694947736,0.257700549,0.00150000001,1587.90453,317.293456
0.0723879471,0.260979315,0.00350000011,1641.94544,316.849246
0.073629554,0.262525444,0.00350000011,1670.1126,316.926646
0.079820022,0.268833545,0.0027516662,1767.79796,317.417612
0.0742823333,0.263073601,0.00150000001,1683.76615,317.398875
0.0779339196,0.267854823,0.00266725976,1760.4228,317.394593
0.0798375514,0.268697144,0.00350000011,1766.93467,317.306361
0.0716396267,0.252871884,0.00150000001,1534.17032,317.126905
0.0730502346,0.251414153,0.00333334062,1543.4856,316.859131
0.0708795454,0.253151409,0.00350000011,1539.2917,316.689467
0.0758648719,0.266705352,0.00183362707,1733.95397,317.444736
0.0683061274,0.25821414,0.00150000001,1586.87165,317.344974
0.0722340241,0.252343156,0.00150000001,1536.22629,317.093605
0.0753847508,0.266438618,0.002833202,1731.97383,317.361961
0.0758471283,0.266695493,0.00316681728,1736.77108,317.343315
0.0756367235,0.266578601,0.00166682474,1733.88785,317.456977
0.0738714998,0.26490583,0.00150000001,1701.63109,317.436858
0.070440766,0.253402572,0.00150000001,1548.51535,317.15958
0.069063444,0.253161593,0.00350000011,1576.00315,316.6587
0.0659007839,0.258237072,0.00150000001,1612.80889,317.355453
0.0669066172,0.255422048,0.00150000001,1575.70358,317.284237
0.070134798,0.262308988,0.00350000011,1646.65272,317.091546
0.0691300204,0.262098428,0.00150000001,1643.47641,317.427494
0.0708377713,0.250531304,0.00350000011,1571.64745,316.769082
0.0645555312,0.256152415,0.00350000011,1592.86772,316.795691
0.0654162945,0.255356997,0.00150000001,1587.08419,317.297643
0.0693233897,0.250554068,0.00350000011,1590.15838,316.712871
0.0643809967,0.25539747,0.00350000011,1596.47986,316.754942
0.0639988816,0.25821568,0.00350000011,1624.66296,316.993846
0.0671627582,0.261870843,0.00182093814,1643.05638,317.442458
0.0698376143,0.249629364,0.00333334963,1590.57067,316.802081
0.0627543867,0.256674176,0.00350000011,1607.52219,316.90303
0.0653353203,0.260855604,0.00210754586,1625.50218,317.429572
0.0658992806,0.252956965,0.00150000001,1593.43183,317.196743
0.0630970828,0.25961214,0.00205999962,1626.99266,317.425585
0.0613983498,0.256262138,0.00150000001,1620.67649,317.348764
0.0671714908,0.248494294,0.00150000001,1606.72553,316.930682
0.058674331,0.256981696,0.00350000011,1624.34427,317.194343
0.0647459695,0.249049931,0.00350000011,1606.82525,316.590101
0.0621322863,0.25146755,0.00150000001,1603.54607,317.168387
0.0629576602,0.249081876,0.00150000001,1605.15781,317.029611
0.0640942863,0.246438631,0.00216456507,1609.91074,316.687846
0.0577982891,0.251793199,0.00350000011,1601.2716,316.649816
0.0554979588,0.255390394,0.00178426332,1611.54421,317.384297
0.0592090122,0.248628862,0.00150000001,1599.08997,317.011972
0.0615043795,0.245690181,0.00350000011,1608.99276,316.475832
0.0599860427,0.247549339,0.00150000001,1606.10981,316.941247
0.0617787731,0.245152234,0.00293899158,1609.04797,316.529686
0.0546011047,0.251169891,0.00150000001,1593.54587,317.123045
0.0611099474,0.244780661,0.00336627557,1607.93885,316.475813
0.0536276435,0.251293369,0.00350000011,1601.9115,316.69776
0.0518672009,0.252675309,0.00350000011,1586.96135,316.980897
0.0588977628,0.245799044,0.00150000001,1606.42328,316.798408
0.0603696152,0.24471622,0.00150000001,1609.28169,316.66272
0.0593070639,0.244485592,0.00150000001,1608.36081,316.655015
0.0589981667,0.244496303,0.00150000001,1608.5896,316.660019
0.0514674125,0.251400277,0.00150000001,1588.19829,317.162163
0.0530020305,0.249140105,0.00350000011,1593.15983,316.491234
0.0578010994,0.243646374,0.00350000011,1607.36393,316.278133
0.0571315411,0.244464245,0.00150000001,1605.45639,316.672996
0.0499021146,0.251933075,0.00350000011,1570.87977,316.983761
0.0536553362,0.247740138,0.00150000001,1598.79922,316.930561
0.0508633276,0.250370497,0.00150000001,1583.73314,317.100124
0.0496647997,0.251453304,0.00150000001,1565.51152,317.184869
0.0495078524,0.250669802,0.00150000001,1569.92253,317.118695
0.0522397844,0.247588432,0.00350000011,1596.30155,316.358669
0.0575080705,0.242949028,0.00150000001,1606.95977,316.466663
0.0494532072,0.249627263,0.00350000011,1571.64006,316.626457
0.0573668747,0.242701174,0.0020306748,1607.28705,316.319506
0.0563969809,0.242885081,0.00350000011,1607.02165,316.189924
0.0482851074,0.251383256,0.00228137032,1551.83359,317.15555
0.052362315,0.245788255,0.00350000011,1600.64439,316.22044
0.0531506249,0.245410435,0.00150000001,1599.21693,316.760081
0.0460437303,0.249403153,0.00350000011,1448.08034,316.679658
0.0455859035,0.250028975,0.00271992755,1080.68113,316.966862
0.0503486729,0.243704127,0.00350000011,1598.70041,316.044677
0.0497870304,0.244295659,0.00150000001,1593.9928,316.638661
0.0520982953,0.24120015,0.00150000001,1605.51023,316.276042
0.0446221467,0.247696967,0.00150000001,1506.56998,316.896447
0.0465600468,0.245111503,0.00350000011,1583.65806,316.122177
0.0520482178,0.239746366,0.00294813351,1606.60504,315.813145
0.0414016518,0.250593842,0.00350000011,1440.95085,316.834153
0.0425609823,0.251237133,0.00150000001,1438.51892,317.245754
0.0406869357,0.24838999,0.00350000011,1474.72472,316.479308
0.0496642711,0.239117036,0.00150000001,1608.22668,315.926569
0.0392124919,0.249579956,0.00350000011,1455.13648,316.631642
0.0488017179,0.239676266,0.00150000001,1607.94452,316.038015
0.0475642553,0.240665224,0.00350000011,1600.36272,315.741118
0.0493964003,0.238445606,0.00350000011,1608.55151,315.565844
0.0387470078,0.247931326,0.00350000011,1487.07112,316.425356
0.0402728852,0.246360617,0.00150000001,1527.17186,316.81293
0.0392609805,0.247159015,0.00350000011,1506.45243,316.343536
0.0394920028,0.251464144,0.00350000011,1450.35147,316.937474
0.0381035136,0.250290292,0.00150000001,1451.43765,317.188327
0.0457106778,0.240378667,0.00350000011,1603.78682,315.685537
0.0457892715,0.24015181,0.00150000001,1604.74229,316.108686
0.0375731067,0.25102394,0.00150000001,1450.6006,317.255537
0.0438849085,0.240765295,0.00350000011,1597.19395,315.723283
0.0369688534,0.247798196,0.00350000011,1489.48109,316.433459
0.0480506488,0.237619178,0.00182724089,1610.25299,315.47674
0.0363983569,0.250353089,0.00350000011,1452.83997,316.705248
0.0477965662,0.237534273,0.00166324693,1610.29357,315.483526
0.0365995021,0.247598499,0.00150000001,1492.24936,316.988541
0.0350772455,0.249236988,0.00150000001,1470.07264,317.148203
0.0457326405,0.237881976,0.00350000011,1610.83672,315.383421
0.0425206929,0.240906453,0.00150000001,1587.91137,316.204334
0.0392744622,0.243902853,0.00350000011,1545.7488,316.075533
0.042568797,0.240383823,0.00150000001,1589.32083,316.11814
0.0368999042,0.246359091,0.00150000001,1510.10556,316.884666
0.0353787723,0.247998749,0.00150000001,1489.36159,317.049859
0.0420998946,0.240597486,0.00150000001,1585.02616,316.15011
0.0439416848,0.237620481,0.00256155101,1616.96635,315.342273
0.0424095166,0.239451196,0.00350000011,1591.57184,315.601317
0.0373726374,0.253762282,0.00165336636,1445.77234,317.465549
0.0347727413,0.246656091,0.00350000011,1503.92061,316.407775
0.0327426125,0.248594078,0.00350000011,1485.56364,316.5866
0.0397311318,0.241678266,0.00150000001,1563.77097,316.31242
0.0370124161,0.253593531,0.00150000001,1445.54019,317.455519
0.0423534768,0.238648103,0.00350000011,1604.84342,315.509605
0.0344671933,0.246624334,0.00350000011,1502.51754,316.415854
0.0340426858,0.251469746,0.00150000001,1451.13148,317.312743
0.0320116134,0.248239017,0.00350000011,1488.84427,316.587562
0.0321497946,0.249882088,0.00350000011,1468.72172,316.677971
0.0357335851,0.244952593,0.00150000001,1519.53057,316.77073
0.0330784127,0.250612173,0.00150000001,1466.12846,317.28536
0.0347773614,0.245384645,0.00150000001,1516.92387,316.83306
0.0376684227,0.241613065,0.00350000011,1547.60059,315.967435
0.0354498326,0.254636284,0.00274065911,1443.01783,317.443167
0.030671511,0.248379824,0.00150000001,1499.93898,317.187279
0.0312578162,0.246545203,0.00350000011,1517.25287,316.532689
0.0365320373,0.24096287,0.00163288635,1554.37323,316.10907
0.0355599946,0.241404705,0.00320075162,1546.6679,316.074366
0.0300091871,0.251450629,0.00350000011,1472.03902,316.799901
0.0345984183,0.241841783,0.00239989583,1543.05495,316.200091
0.0299899629,0.251357067,0.00150000001,1475.99527,317.385398
0.0292489328,0.250612443,0.00150000001,1491.7284,317.355404
0.0336352886,0.242279571,0.00293855663,1532.74762,316.262362
0.0318108074,0.254135084,0.00350000011,1464.98152,317.037013
0.0326805286,0.242713553,0.00292158643,1532.82941,316.35098
0.0318075116,0.243945599,0.00350000011,1531.08464,316.417479
0.0287417321,0.246656708,0.00150000001,1534.40323,317.08545
0.0293148019,0.25180111,0.00150000001,1480.41558,317.417165
0.0300220184,0.245090041,0.00350000011,1533.24532,316.565085
0.0312120405,0.243381047,0.00215487135,1531.94316,316.531961
0.0302241375,0.245487898,0.00150000001,1529.93279,316.927227
0.0273561282,0.25099736,0.00150000001,1510.28676,317.414957
0.0266688938,0.247777016,0.00150000001,1556.48615,317.246425
0.025052358,0.249858066,0.00350000011,1559.1418,316.941378
0.0295753455,0.244125002,0.00206871612,1536.17211,316.686341
0.0274141612,0.246270965,0.00150000001,1550.27926,317.097705
0.0244573284,0.24979702,0.00350000011,1566.04314,316.984893
0.0247870695,0.248642126,0.00150000001,1572.73178,317.379682
0.0314082373,0.256473368,0.00319370027,1464.74036,317.41193
0.0308127662,0.25641454,0.00150000001,1458.91278,317.556735
0.0236970476,0.249978519,0.00350000011,1577.58666,317.043064
0.0281140142,0.254294808,0.00350000011,1470.06747,316.94782
0.0297875894,0.256070169,0.00150000001,1451.51007,317.56094
0.0291006632,0.255236936,0.00150000001,1451.88546,317.54914
0.0256500727,0.246241806,0.00350000011,1566.37394,316.924924
0.0235280384,0.246873778,0.00283529736,1580.80165,317.183565
0.0242352253,0.251309727,0.00150000001,1565.26605,317.521251
0.0237388884,0.247112025,0.00350000011,1585.02465,317.082845
0.0206982031,0.248969583,0.00350000011,1599.29881,317.359737
0.0261970699,0.254829217,0.00150000001,1483.74551,317.572165
0.0216344261,0.250615759,0.00150000001,1594.47058,317.606854
0.0201138607,0.248893253,0.00150000001,1606.1963,317.605236
0.0214420808,0.253073835,0.00350000011,1578.61687,317.194112
0.0240690962,0.256046705,0.00350000011,1511.32185,317.029556
0.0209487334,0.253159448,0.00350000011,1582.0929,317.24439
0.0243188746,0.256724936,0.00350000011,1483.83213,317.040057
0.0185452191,0.25160146,0.00150000001,1656.11531,317.751046
0.0196732658,0.253331145,0.00150000001,1594.48711,317.71778
0.0180884771,0.252261554,0.00261082292,1675.04672,317.7587
0.0181460331,0.254699241,0.00350000011,1629.58508,317.63197
0.321999997,0.0437133607,0.00271321035,10182.5369,305.812715
0.319575394,0.0436762085,0.00150000001,10175.5761,305.390668
0.32037685,0.0443530718,0.00150000001,10173.8368,305.52244
0.320476665,0.0433514201,0.00350000011,10174.0655,305.206212
0.318581403,0.0427075359,0.00150000001,10167.2358,305.30163
0.321999997,0.0461858395,0.00178020263,10180.9847,305.934617
0.321999997,0.0467076869,0.00177013667,10181.8011,305.946153
0.320366442,0.0460071327,0.00150000001,10176.9568,305.545326
0.320767016,0.0475928839,0.00150000001,10192.4662,305.630769
0.317548136,0.0446664583,0.00350000011,10161.4232,304.833189
0.316306533,0.0441433853,0.00350000011,10162.1544,304.786053
0.313191682,0.0432105202,0.00150000001,10164.871,305.23987
0.313825193,0.0436221488,0.00350000011,10160.1276,304.788992
0.317515698,0.0478776566,0.00150000001,10163.7629,305.276274
0.314911071,0.045978694,0.00350000011,10162.8914,304.773936
0.313085297,0.0446911763,0.00150000001,10157.5776,305.245765
0.321999997,0.0511911842,0.00216481997,10201.2809,306.144228
0.314066971,0.0465296279,0.00150000001,10163.8436,305.230498
0.32097191,0.0541830506,0.00150000001,10214.7453,306.052751
0.310159903,0.0440099861,0.00150000001,10164.1727,305.313054
0.31167305,0.0457186284,0.00350000011,10157.4633,304.930375
0.31442172,0.0491636511,0.00150000001,10158.0905,305.229724
0.310000002,0.0434888366,0.00163596457,10165.7513,305.299956
0.320033692,0.0546098097,0.00350000011,10209.4809,305.582955
0.321999997,0.0549123544,0.00286789444,10215.0953,306.340267
0.312896754,0.0483233786,0.00350000011,10151.3056,304.828089
0.315136151,0.0506957409,0.00350000011,10159.414,304.775521
0.316144742,0.0520681782,0.00150000001,10160.5717,305.280882
0.319719373,0.0557420988,0.00150000001,10215.2188,305.905596
0.317767899,0.0538448029,0.00350000011,10189.3165,305.085518
0.310000002,0.0468324597,0.00255585283,10155.6834,305.220469
0.311062899,0.0478065679,0.00350000011,10151.1252,304.968269
0.310000002,0.0475980217,0.00248203474,10152.6607,305.219223
0.313329462,0.0506595607,0.00350000011,10147.2599,304.801015
0.31729996,0.054627305,0.00350000011,10186.4919,305.070131
0.312866614,0.0529677446,0.00150000001,10128.3209,305.243812
0.315381092,0.0550955054,0.00350000011,10165.1004,304.876618
0.321071581,0.0599423948,0.00324608466,10235.6067,306.477284
0.310302986,0.0506561201,0.00350000011,10136.2631,305.000399
0.316918972,0.0575224584,0.00350000011,10201.1682,305.219608
0.311203356,0.0532243398,0.00150000001,10098.3199,305.227228
0.315371609,0.0578436086,0.00150000001,10177.4511,305.455462
0.316405745,0.0581237596,0.00350000011,10197.2155,305.188453
0.320460276,0.0607556391,0.00323653705,10260.2384,306.418617
0.313755058,0.0561472456,0.00350000011,10145.4688,304.806046
0.319002609,0.061578734,0.00150000001,10271.398,306.237354
0.317575427,0.0620597735,0.00350000011,10247.8972,305.803172
0.30891007,0.0545175719,0.00150000001,10042.7591,305.236191
0.309172144,0.0536795009,0.00297668887,10044.2647,305.073572
0.310089149,0.0561043131,0.00150000001,10078.0415,305.207028
0.311132205,0.0568929658,0.00350000011,10104.191,304.725781
0.310520549,0.0568943158,0.00150000001,10096.5344,305.175809
0.316439939,0.0633693492,0.00207268681,10213.1636,306.183398
0.307694569,0.0545003741,0.00216533372,10047.528,305.187524
0.308887052,0.0555680221,0.00350000011,10054.5712,304.848744
0.309737276,0.0576650045,0.00150000001,10079.4522,305.171173
0.307344852,0.0565964793,0.00150000001,10050.7156,305.204978
0.311004879,0.0604319096,0.00350000011,10124.5431,304.80723
0.313498232,0.0627605402,0.00350000011,10147.6932,305.308087
0.310014197,0.060924568,0.00150000001,10118.2887,305.223039
0.311712248,0.0617037251,0.00350000011,10136.4563,304.965353
0.306127422,0.05658314,0.00350000011,10048.9219,304.908173
0.309691999,0.0605118378,0.00350000011,10103.1233,304.728548
0.313628222,0.0649314036,0.00257275755,10172.1979,306.001215
0.30997018,0.0624836483,0.00150000001,10119.3994,305.346744
0.307757965,0.0617039746,0.00150000001,10096.8722,305.193512
0.303806803,0.0583908834,0.00150000001,10049.4908,305.184691
0.306335002,0.0607837103,0.00150000001,10080.8516,305.125208
0.306352836,0.0602368323,0.00350000011,10072.0163,304.650375
0.309531084,0.0642724518,0.00350000011,10121.6966,305.072402
0.305504012,0.0625072828,0.00350000011,10084.6676,304.680169
0.309945916,0.0666308671,0.00350000011,10148.2344,305.594674
0.30358397,0.0617579272,0.00350000011,10072.1552,304.638495
0.302395766,0.0607246245,0.00350000011,10058.9441,304.679829
0.308420847,0.0671320135,0.00350000011,10127.8447,305.497652
0.300607493,0.0586107393,0.00150000001,10061.6646,305.165305
0.306632076,0.0655533258,0.00350000011,10106.7392,304.985183
0.307915068,0.0674134445,0.00150000001,10133.7715,305.713323
0.308680694,0.067680034,0.00181787213,10126.2606,305.939135
0.301021533,0.0614963173,0.00150000001,10061.9164,305.098356
0.299972669,0.0606935544,0.00150000001,10059.5084,305.092255
0.298543489,0.0595843071,0.00289865094,10043.2364,304.992973
0.306729124,0.0684176958,0.00350000011,10133.9903,305.587422
0.298311653,0.0614628477,0.00150000001,10042.5742,305.064161
0.305818157,0.0684036506,0.00350000011,10141.0962,305.446317
0.304431826,0.0686556087,0.00150000001,10137.5425,305.644563
0.30188623,0.0666139133,0.00150000001,10112.9465,305.325402
0.297263831,0.0601756495,0.00350000011,9998.40102,304.753921
0.29847431,0.0637225792,0.00150000001,10076.6118,305.099271
0.296486261,0.0599107463,0.00150000001,10012.5256,305.084572
0.300814788,0.0668757031,0.00150000001,10123.1343,305.317886
0.299290793,0.0650459705,0.00150000001,10092.1262,305.17084
0.299060133,0.0646484176,0.00350000011,10092.4482,304.632082
0.303062112,0.0699424248,0.00150000001,10158.5621,305.771933
0.296158217,0.0588630343,0.00185087387,10013.3373,305.102831
0.298788613,0.0656873328,0.00350000011,10101.8287,304.684098
0.298022239,0.0652213105,0.00350000011,10093.8616,304.642233
0.295621113,0.058912743,0.00350000011,10015.2365,304.884098
0.293830186,0.0599989482,0.00350000011,10017.5077,304.655367
0.300284096,0.0683657269,0.00350000011,10146.0783,305.006992
0.29457235,0.0628003848,0.00150000001,10047.1432,305.030875
0.293761503,0.0594311689,0.00150000001,10020.8856,305.071701
0.300223395,0.0694992116,0.00150000001,10165.9308,305.586765
0.298476283,0.0679027998,0.00150000001,10142.9721,305.363945
0.295888642,0.0652540017,0.00150000001,10088.7779,305.11436
0.293223016,0.0621510302,0.00350000011,10043.6727,304.524414
0.298957389,0.0687662422,0.00150000001,10160.4265,305.457565
0.291950957,0.061998837,0.00350000011,10033.0623,304.523271
0.295946747,0.0673462321,0.00150000001,10129.0568,305.275735
0.295408169,0.0664603361,0.00150000001,10103.781,305.186414
0.296485521,0.0682332944,0.00150000001,10148.1554,305.3671
0.2956915,0.0674981157,0.00150000001,10126.0936,305.295574
0.293339344,0.0644517287,0.00350000011,10072.2942,304.566955
0.294147767,0.0669355913,0.00150000001,10105.9811,305.23281
0.288893649,0.0604809529,0.00350000011,10025.2518,304.518395
0.289662596,0.0581929247,0.00150000001,10028.3769,305.034169
0.294947737,0.0682127155,0.00350000011,10138.8806,304.933125
0.292288324,0.0666520282,0.00150000001,10093.0451,305.206368
0.291332456,0.056182055,0.0024625091,10024.2006,305.129807
0.290027688,0.0648792536,0.00150000001,10067.5595,305.096603
0.285723501,0.0602953241,0.00150000001,10034.7927,304.989621
0.292623658,0.0687166211,0.00150000001,10125.6079,305.398477
0.290226577,0.0555676792,0.00176614865,10029.6763,305.170985
0.287488523,0.0581455655,0.00350000011,10030.2353,304.574051
0.286033608,0.0626643393,0.00350000011,10024.3195,304.646287
0.289782362,0.0553208946,0.00203110658,10029.9584,305.162232
0.287825921,0.0566473221,0.00150000001,10030.0188,305.076098
0.293938986,0.0710228378,0.00150000001,10193.1041,305.683063
0.292477624,0.0705457669,0.00201500866,10147.4624,305.669477
0.283860749,0.0598052443,0.00150000001,10032.1051,305.001579
0.287660043,0.0659670686,0.00150000001,10059.0438,305.274249
0.286908879,0.0561400769,0.00150000001,10030.6726,305.075231
0.290392378,0.0690408967,0.00150000001,10105.6391,305.522914
0.288092218,0.0543819202,0.00229137332,10030.7781,305.153251
0.2842805,0.0585629002,0.00350000011,10027.4313,304.513703
0.289350807,0.0688086442,0.0017789796,10101.6521,305.59699
0.28814306,0.0677917059,0.00150000001,10088.8858,305.465048
0.287782224,0.0545567617,0.00150000001,10030.7276,305.173056
0.285313055,0.0569819606,0.00350000011,10029.7422,304.580832
0.284012657,0.0644597962,0.00150000001,10031.166,305.316798
0.282755573,0.0632481836,0.00350000011,10042.9319,304.909487
0.282158272,0.057550341,0.00150000001,10027.8313,304.995693
0.286046861,0.0539505792,0.00350000011,10029.1109,304.899191
0.280121217,0.059892781,0.00350000011,10024.2938,304.696219
0.283585801,0.0656058712,0.00323156537,10051.3435,305.44532
0.285763786,0.0530883489,0.00271166981,10027.95,305.128222
0.281096332,0.0642228252,0.00204823391,10040.258,305.546056
0.281754933,0.0645887151,0.00321720625,10042.3075,305.461025
0.279275264,0.0625189289,0.00350000011,10025.9068,305.170909
0.284583377,0.0533003823,0.00150000001,10025.7542,305.154912
0.285654707,0.0530277477,0.00333657921,10027.3646,305.071211
0.282199413,0.0549055493,0.00150000001,10024.0146,305.036958
0.283757383,0.0531911276,0.00350000011,10024.5114,304.830975
0.284506424,0.0523898147,0.00291549365,10024.8963,305.107848
0.281950513,0.0542583182,0.00350000011,10019.5049,304.63776
0.28120107,0.0545235691,0.00350000011,10023.8614,304.588396
0.279876111,0.0552957353,0.00350000011,10013.102,304.539272
0.27693041,0.0586233576,0.00350000011,10011.2993,304.778056
0.275002892,0.0604911559,0.00350000011,10010.0043,305.273286
0.282373982,0.0518980574,0.00350000011,10022.1372,304.892292
0.275478401,0.0578547444,0.00150000001,10011.3276,305.180533
0.277605429,0.0562805531,0.00350000011,10018.1754,304.565422
0.281357676,0.0509884457,0.00150000001,10020.0465,305.160764
0.273622679,0.0597233137,0.00350000011,10013.1062,305.274975
0.281491509,0.0507148655,0.00175970406,10019.6792,305.153407
0.274884625,0.0557942927,0.00350000011,10011.037,304.615852
0.272351768,0.0593647391,0.00277365179,10000.0718,305.52173
0.278478158,0.0513175318,0.00150000001,10015.9266,305.09597
0.280073674,0.0506201954,0.00350000011,10017.4102,304.876411
0.271842352,0.0588910312,0.00150000001,10009.4232,305.512527
0.277495673,0.0509164376,0.00350000011,10013.2539,304.692323
0.271014937,0.0568653904,0.00150000001,9998.59119,305.32586
0.277914341,0.049074067,0.00350000011,10012.8739,304.903141
0.278089073,0.0488246224,0.00294194374,10010.1975,305.039574
0.277595365,0.0485503369,0.00222431447,10013.3915,305.082518
0.277592016,0.0485484796,0.00320281056,10012.7739,305.009952
0.273664036,0.0501954648,0.00350000011,10005.9736,304.591516
0.268693317,0.0550767993,0.00350000011,9989.50661,304.851627
0.271561826,0.0519550587,0.00350000011,9994.61391,304.54077
0.267549949,0.055322109,0.00150000001,9983.50748,305.299387
0.26844437,0.0542965984,0.00150000001,9991.97201,305.178552
0.270884467,0.051752866,0.00150000001,9992.89404,305.079078
0.267637226,0.0553569855,0.00350000011,9982.11253,304.986595
0.267268602,0.0565407536,0.00335065206,9983.76899,305.381609
0.272273796,0.0494245226,0.00350000011,10004.6002,304.578277
0.274677612,0.047276562,0.00350000011,10006.4296,304.853547
0.271607708,0.048694481,0.00150000001,10001.8781,305.056203
0.274154726,0.046638871,0.00178340888,10004.6618,305.042021
0.266210723,0.0535161945,0.00150000001,9960.17593,305.20078
0.265783082,0.0538189865,0.00350000011,9969.03988,304.852384
0.265005553,0.05510965,0.00150000001,9962.19621,305.387004
0.267994348,0.0513977548,0.00350000011,9989.36988,304.540799
0.269086007,0.0498271209,0.00150000001,9996.64339,305.055129
0.270441596,0.0483807429,0.00350000011,9997.09582,304.572415
0.264398296,0.0535530393,0.00150000001,9946.63124,305.228013
0.265438613,0.0522772189,0.00350000011,9969.59939,304.68509
0.268424521,0.0482586436,0.00150000001,9997.0093,305.031342
0.263152662,0.0531024292,0.00350000011,9911.3812,304.888893
0.266257791,0.0496360207,0.00150000001,9980.18639,305.049386
0.261866567,0.0536878816,0.00226972607,9798.48798,305.308235
0.262138444,0.051738892,0.00150000001,9916.29356,305.124456
0.261238553,0.0528002307,0.00150000001,9841.22831,305.220967
0.26210282,0.0522911056,0.00350000011,9881.09161,304.791935
0.261690274,0.0526938772,0.00350000011,9858.12983,304.86932
0.264137122,0.0493287124,0.00350000011,9969.37817,304.502696
0.260938589,0.0512113813,0.00150000001,9899.94406,305.116408
0.264901952,0.0473891099,0.00350000011,9992.27165,304.464192
0.261718213,0.0503760516,0.00350000011,9943.36007,304.56666
0.26346381,0.0482511525,0.00150000001,9982.13984,305.004506
0.260507051,0.0544431703,0.00261591855,9811.34139,305.44604
0.262616053,0.0481536404,0.00350000011,9971.79166,304.46961
0.265916839,0.0437660716,0.00350000011,10004.5184,304.567032
0.261763484,0.0467595438,0.00150000001,9985.67724,304.974801
0.256396471,0.0521782195,0.00150000001,9866.34266,305.208303
0.262085737,0.0464114108,0.00350000011,9990.77916,304.444161
0.257735819,0.0551014582,0.00350000011,9815.30115,305.316983
0.259494784,0.0478200089,0.00150000001,9956.95345,305.004462
0.256989723,0.0502979647,0.00350000011,9897.52653,304.631734
0.256204757,0.0556166814,0.00150000001,9814.94716,305.638039
0.260816365,0.0453148003,0.00350000011,9989.19717,304.452274
0.261881643,0.0439394141,0.00150000001,10001.6282,304.90353
0.264264002,0.0420422827,0.00350000011,10008.1837,304.5561
0.260251909,0.0453459012,0.00350000011,9990.15072,304.455635
0.258273709,0.0462934456,0.00150000001,9963.65105,304.971088
0.251181829,0.0531023566,0.00150000001,9833.32202,305.350824
0.254416836,0.0498475363,0.00350000011,9884.50145,304.663448
0.252038096,0.052060223,0.00350000011,9837.41624,304.798648
0.258489292,0.0448186256,0.00350000011,9980.47449,304.503191
0.255343858,0.0573116093,0.00166669401,9814.98652,305.858929
0.258106021,0.0444682038,0.00150000001,9977.19268,304.916645
0.260370187,0.042495564,0.00350000011,10003.3578,304.49036
0.253309239,0.0498147837,0.00350000011,9874.31466,304.684542
0.252906931,0.0494330209,0.00350000011,9880.61393,304.687188
0.261867439,0.0407578601,0.00216330037,10016.0515,304.605197
0.254367298,0.047653483,0.00350000011,9912.43472,304.624174
0.253804832,0.0485809557,0.00350000011,9896.2936,304.648429
0.253077491,0.0489155858,0.00350000011,9885.77496,304.675687
0.252382571,0.0494666967,0.00350000011,9871.88377,304.702625
0.255162681,0.046529423,0.00350000011,9929.91946,304.597199
0.249415489,0.0518801119,0.00150000001,9831.60503,305.325847
0.25233484,0.0480419255,0.00150000001,9886.52593,305.068638
0.253507258,0.0583319468,0.00166668228,9797.56224,305.944641
0.253134181,0.0576737623,0.00350000011,9792.98076,305.573614
0.253713545,0.0462288595,0.00150000001,9915.10565,304.979189
0.248994286,0.0505748699,0.00150000001,9845.83136,305.235013
0.255917419,0.0444606779,0.00350000011,9964.79308,304.587464
0.256994493,0.0426670828,0.00244033255,9996.33334,304.676705
0.2509762,0.0482717781,0.00150000001,9867.09109,305.084113
0.249603316,0.0500731855,0.00150000001,9852.2878,305.206362
0.254618293,0.043987194,0.00243753546,9966.11945,304.76018
0.249008433,0.0495318699,0.00150000001,9859.40707,305.169666
0.247845737,0.0516877648,0.00350000011,9834.31869,304.838288
0.254403446,0.0441065543,0.00256835055,9970.09002,304.754269
0.255562186,0.043462814,0.00320348712,9971.82247,304.679651
0.245984334,0.0510292579,0.00150000001,9847.39818,305.254629
0.247820182,0.0484568073,0.00150000001,9867.4542,305.115909
0.247619949,0.0490855325,0.00350000011,9862.43588,304.847993
0.243911207,0.0532290206,0.00350000011,9848.70988,304.906781
0.244581456,0.0549088039,0.00150000001,9834.85379,305.477892
0.249830321,0.0603746868,0.00233341192,9833.56625,306.063443
0.246190327,0.057075866,0.00150000001,9836.88413,305.701076
0.244417684,0.0503468455,0.00350000011,9856.81451,304.976522
0.242813774,0.0512375449,0.00150000001,9858.93157,305.263722
0.248911824,0.060884963,0.00233340821,9848.95983,306.100129
0.247945139,0.0602107798,0.00150000001,9843.4349,306.018296
0.245856694,0.0580904195,0.00150000001,9846.24125,305.777674
0.243890468,0.049947098,0.00333695405,9854.99169,305.074653
0.242737254,0.050587773,0.00321420801,9863.94425,305.115198
0.241471268,0.0537182653,0.00350000011,9853.79804,304.957275
0.240486853,0.0518379964,0.00293884311,9868.94797,305.182907
0.240914398,0.0516004702,0.00163615394,9851.07209,305.268493
0.247993771,0.0613949943,0.00233339015,9855.89397,306.132966
0.247760041,0.0615248438,0.0028334787,9856.50026,306.113255
0.24321349,0.0563284342,0.00350000011,9832.55849,305.025446
0.243920513,0.0577930818,0.00350000011,9840.92402,305.1721
0.238620354,0.0528749387,0.00216547103,9863.20542,305.272216
0.23907807,0.0526206514,0.0016337791,9848.00982,305.312594
0.243108283,0.0581001908,0.00150000001,9850.37011,305.701269
0.23884936,0.0527477136,0.00176666643,9862.33696,305.296788
0.246090806,0.0622788006,0.00150000001,9857.90337,306.18618
0.243852079,0.0598875858,0.00350000011,9854.14838,305.404082
0.238447113,0.0531445023,0.00350000011,9850.65263,305.160669
0.240887013,0.0579144965,0.00150000001,9843.59951,305.59445
0.237986473,0.0534001003,0.00350000011,9853.67376,305.173367
0.240711136,0.0585845123,0.00150000001,9848.45082,305.650639
0.236764538,0.053905947,0.00321896191,9858.71297,305.254977
0.235500152,0.0546083836,0.00228667247,9852.49017,305.337592
0.239436785,0.0611699547,0.00150000001,9851.87281,305.841112
0.236663079,0.0577359062,0.00350000011,9850.14257,305.046819
0.236959314,0.0581819638,0.00350000011,9841.15453,305.055854
0.242116158,0.0643138333,0.00150000001,9858.21001,306.253454
0.237616918,0.0611570035,0.00150000001,9851.95844,305.746635
0.233558364,0.055687157,0.00216486422,9849.32375,305.372168
0.235714105,0.0594880051,0.00150000001,9841.24287,305.55654
0.23445678,0.0578144156,0.00350000011,9845.70105,305.087931
0.237575909,0.0615084573,0.00350000011,9847.89027,305.289453
0.235946694,0.0599218478,0.00350000011,9848.1573,305.1062
0.236528844,0.0624259198,0.00150000001,9855.04812,305.82803
0.232856301,0.0560771906,0.00336639517,9836.79164,305.317585
0.232093305,0.0582554334,0.00350000011,9833.05268,305.114472
0.233798091,0.061965863,0.00150000001,9846.57027,305.697881
0.233304637,0.0608331904,0.00350000011,9831.94858,305.1016
0.237655709,0.0671383609,0.00316690839,9855.05146,306.310814
0.229201758,0.0584538975,0.00350000011,9810.97827,305.233312
0.228906544,0.0586190618,0.00150000001,9802.73062,305.486498
0.227840978,0.0588634802,0.00183255264,9783.64515,305.430477
0.235583743,0.0682894531,0.00266611749,9854.54979,306.400994
0.22833379,0.0604932509,0.00350000011,9792.31851,305.123577
0.227006779,0.0593269227,0.00263264643,9752.85468,305.357388
0.233451794,0.0665431474,0.00150000001,9852.99197,306.171978
0.227155236,0.059937443,0.00350000011,9749.65612,305.19586
0.23459997,0.0681470288,0.00350000011,9853.63455,306.097819
0.230701423,0.0651493459,0.00150000001,9846.11215,305.932051
0.232805074,0.0680955825,0.00150000001,9853.72359,306.315177
0.232504519,0.0681283408,0.00350000011,9853.22347,305.925228
0.228083274,0.0646008607,0.00150000001,9834.92099,305.826453
0.225456291,0.0614925176,0.00150000001,9730.95646,305.57598
0.231916363,0.0681272492,0.00350000011,9853.86882,305.883453
0.225676831,0.0619712609,0.00350000011,9756.12891,305.114228
0.224867091,0.0615092316,0.00150000001,9740.08727,305.559436
0.223673588,0.0604982063,0.00150000001,9672.56532,305.566734
0.224028279,0.06017814,0.00350000011,9658.16895,305.216341
0.231435932,0.0688932636,0.00350000011,9854.25267,305.987101
0.226513055,0.0646470894,0.00350000011,9825.78755,305.236568
0.228050681,0.0660874159,0.00350000011,9843.24112,305.409269
0.230375921,0.0698907237,0.00150000001,9855.36838,306.433791
0.227278063,0.0668668742,0.00350000011,9843.56566,305.496942
0.223734463,0.0586276147,0.00230113263,9662.62103,305.506968
0.22600422,0.0664407532,0.00350000011,9838.94726,305.43009
0.226747379,0.0677825655,0.00150000001,9847.41521,306.169166
0.221750314,0.0594291343,0.00350000011,9665.46275,305.25993
0.220171123,0.0610025545,0.00150000001,9689.15,305.654915
0.226249137,0.0674848479,0.00350000011,9843.84299,305.573729
0.222806816,0.0643586467,0.00150000001,9797.06189,305.81615
0.222592288,0.0633695584,0.00350000011,9759.83727,305.172769
0.226743166,0.0683719776,0.00350000011,9849.37501,305.712741
0.224991518,0.0664188716,0.00350000011,9832.93514,305.432788
0.226982192,0.06911283,0.00150000001,9852.91416,306.310657
0.220398164,0.0597074123,0.00350000011,9661.92014,305.215839
0.229071369,0.0709601495,0.00350000011,9856.13871,306.213856
0.220286056,0.0626054201,0.00350000011,9733.52497,305.152693
0.22157564,0.0581208711,0.00350000011,9662.45623,305.366133
0.228649878,0.0709742505,0.00350000011,9856.21399,306.193595
0.227475309,0.0699780446,0.00350000011,9854.9936,305.980193
0.218203184,0.0604527541,0.00150000001,9672.66904,305.685461
0.223992238,0.0672960572,0.00350000011,9837.30915,305.55464
0.218165186,0.0605054708,0.00350000011,9676.35772,305.179205
0.228692363,0.0719448971,0.00150000001,9856.32187,306.599068
0.219404814,0.063641908,0.00150000001,9750.01385,305.784
0.21827015,0.0620467244,0.00350000011,9705.82328,305.200893
0.220529371,0.0647745021,0.00350000011,9786.82606,305.307108
0.219015169,0.0584183831,0.00350000011,9661.39211,305.278003
0.227773619,0.0724731315,0.00166715148,9856.94677,306.624978
0.220897546,0.0657695004,0.00150000001,9802.58527,305.958113
0.219440932,0.0571065763,0.00350000011,9660.31585,305.388302
0.22027295,0.0567045524,0.00283380869,9661.45236,305.549149
0.220025728,0.0565672062,0.00163511879,9660.68175,305.623775
0.21739184,0.0630018046,0.00350000011,9723.4111,305.282555
0.215986373,0.0618655714,0.00150000001,9691.29367,305.818737
0.219736112,0.066647679,0.00150000001,9800.17797,306.064466
0.217864499,0.0642958752,0.00350000011,9748.08519,305.376119
0.21748607,0.0573945862,0.00350000011,9634.00734,305.311123
0.214339502,0.0608461577,0.00150000001,9664.39185,305.823845
0.220113145,0.0665647325,0.00350000011,9799.60859,305.560568
0.214088269,0.0605408218,0.00350000011,9670.35869,305.269832
0.219531408,0.066581,0.00350000011,9790.54389,305.594791
0.224251108,0.0724797309,0.00166655655,9860.13351,306.558653
0.218651563,0.0558037831,0.00319972268,9647.60786,305.532559
0.217028081,0.0571405427,0.00350000011,9627.95917,305.313491
0.214108265,0.0620481785,0.00350000011,9695.07154,305.380504
0.214560407,0.059008716,0.00350000011,9646.73006,305.21972
0.213233753,0.0604827949,0.00350000011,9670.82447,305.294853
0.223371197,0.0717654308,0.00350000011,9859.31331,306.234286
0.217097377,0.0661048371,0.00150000001,9763.15756,306.084271
0.216937113,0.0663708796,0.00150000001,9767.35806,306.099695
0.216111118,0.056634734,0.00350000011,9628.4283,305.322058
0.215960135,0.0656220176,0.00350000011,9754.99462,305.639857
0.217443205,0.0553053803,0.00350000011,9637.14535,305.463869
0.213501309,0.058822886,0.00350000011,9661.64347,305.233904
0.216571057,0.0554636987,0.00150000001,9633.93743,305.686896
0.213424241,0.0577702178,0.00350000011,9663.10951,305.234113
0.211868591,0.0592486884,0.00350000011,9667.70133,305.286619
0.210721362,0.0613156572,0.00350000011,9692.68067,305.465073
0.21251399,0.0643948485,0.00350000011,9706.94011,305.715224
0.211464883,0.06311852,0.00350000011,9711.56497,305.6203
0.216131847,0.0544039409,0.00276930564,9646.39732,305.563281
0.213250347,0.056344095,0.00150000001,9670.27109,305.73623
0.214715247,0.0548317472,0.00350000011,9666.55176,305.380693
0.214169956,0.0547355507,0.00150000001,9673.44596,305.700809
0.209843089,0.0592292964,0.00350000011,9682.77324,305.348766
0.209246676,0.0592496323,0.00350000011,9686.26277,305.365756
0.208305748,0.0588035509,0.00150000001,9692.98776,305.875997
0.209926502,0.0646840299,0.00237267538,9714.78989,306.181075
0.20880346,0.063190782,0.00350000011,9717.85096,305.816696
0.208397821,0.0634875123,0.00150000001,9716.46347,306.149944
0.206891363,0.0629978467,0.00216571044,9709.79079,306.152795
0.20873473,0.0568056091,0.00350000011,9689.85656,305.269786
0.211967529,0.0533077648,0.00350000011,9698.94916,305.372559
0.209243391,0.0559954373,0.00350000011,9693.20893,305.242183
0.211959548,0.052781008,0.00350000011,9702.496,305.406323
0.20577837,0.0585633248,0.00150000001,9689.6531,305.866285
0.211698474,0.0519409574,0.00216205695,9705.33181,305.577637
0.20638778,0.0562530084,0.00150000001,9698.50581,305.793019
0.20673953,0.0557643847,0.00350000011,9689.11659,305.241526
0.206498869,0.0560308403,0.00150000001,9697.88693,305.790391
0.202597442,0.0606123321,0.00233392132,9725.31698,306.093063
0.202514716,0.0591823339,0.00350000011,9717.48928,305.661025
0.208631429,0.0526644061,0.00150000001,9704.99011,305.68385
0.208768711,0.0520448021,0.00350000011,9706.01747,305.303161
0.201235695,0.0598558055,0.00266683302,9724.88741,306.05702
0.203798485,0.0558097015,0.00350000011,9704.10655,305.227788
0.205144348,0.0545811545,0.00350000011,9700.85443,305.194804
0.204615505,0.0539994284,0.00150000001,9698.8821,305.723911
0.20304069,0.0555646519,0.00350000011,9699.94071,305.212744
0.201130363,0.0578979485,0.00350000011,9715.62835,305.538791
0.204116301,0.0544527412,0.00150000001,9698.29599,305.73213
0.206157618,0.0500751358,0.00150000001,9704.85219,305.598295
0.207369248,0.0495358277,0.00183135206,9705.982,305.515894
0.200766566,0.0558013386,0.00150000001,9706.11021,305.753737
0.20601864,0.0505107548,0.00350000011,9706.75631,305.244161
0.198560988,0.0581967004,0.00150000001,9702.81306,305.993969
0.201778805,0.053554092,0.00150000001,9700.53059,305.670462
0.198978082,0.05635315,0.00150000001,9695.40506,305.802862
0.206154825,0.0497253962,0.00350000011,9705.08647,305.289339
0.198822072,0.0560934697,0.00150000001,9705.23987,305.782948
0.205246567,0.0497387774,0.00350000011,9705.23264,305.237216
0.201684935,0.0531989187,0.00350000011,9694.43613,305.10724
0.200761134,0.0542730083,0.00350000011,9700.74608,305.162012
0.202859031,0.0513331997,0.00350000011,9703.19066,305.114532
0.197644893,0.0576876982,0.00150000001,9701.15125,305.978584
0.204327625,0.0492304474,0.00350000011,9703.85521,305.209621
0.201380786,0.0517116403,0.00150000001,9696.83201,305.614899
0.198490387,0.0545215092,0.00150000001,9693.11727,305.677442
0.196195362,0.0570556218,0.00266672148,9686.02707,305.918451
0.199944192,0.0510029398,0.00150000001,9694.38298,305.565084
0.201570736,0.0480471017,0.00150000001,9700.88092,305.48117
0.19839284,0.0500719017,0.00350000011,9687.40851,304.969491
0.199303093,0.0483385232,0.00150000001,9702.37564,305.48077
0.195593325,0.0517157687,0.00350000011,9685.02055,305.023071
0.195140675,0.0519718527,0.00350000011,9684.1217,305.05105
0.196126643,0.0498093017,0.00350000011,9689.72353,304.918349
0.19516452,0.0496125887,0.00150000001,9684.79593,305.458295
0.199632964,0.0452378935,0.00253716036,9700.47317,305.159354
0.19151987,0.0535863669,0.00150000001,9621.90765,305.695766
0.198222537,0.0467023507,0.00350000011,9701.73497,304.969463
0.195523307,0.0492949836,0.00350000011,9695.58977,304.88135
0.191515118,0.0530583669,0.00150000001,9618.37218,305.656454
0.192868011,0.051230464,0.00350000011,9669.8973,305.006615
0.193277046,0.0504120085,0.00350000011,9668.15697,304.947231
0.193962107,0.0492907604,0.00150000001,9681.7572,305.437135
0.190638547,0.052553974,0.00350000011,9578.54989,305.199747
0.191057743,0.0512053035,0.00150000001,9634.76177,305.509306
0.189503146,0.0538897858,0.00267201178,9495.16616,305.704107
0.193025542,0.0476624895,0.00150000001,9687.96407,305.356099
0.192096551,0.0481964619,0.00150000001,9681.41937,305.359367
0.188134553,0.0522687456,0.00350000011,9567.53768,305.114217
0.190594414,0.0493323793,0.00150000001,9657.91584,305.401254
0.189845246,0.04962625,0.00150000001,9644.88269,305.398959
0.19663937,0.0435747855,0.00320322786,9700.27147,304.954266
0.195601867,0.0438650911,0.00350000011,9700.50772,304.857975
0.194683121,0.044209174,0.00150000001,9700.68285,305.18734
0.191217272,0.0475185896,0.00350000011,9687.32703,304.759853
0.195251723,0.0428038698,0.00295013788,9700.6498,304.884036
0.19243329,0.0452817268,0.00350000011,9696.96702,304.74848
0.186584063,0.0507929251,0.00350000011,9600.47409,304.938939
0.18665727,0.0499736373,0.00350000011,9626.22236,304.8619
0.186971342,0.0492286853,0.00350000011,9635.39877,304.827573
0.184561775,0.0520884521,0.00350000011,9546.76089,305.10033
0.184089653,0.0537005988,0.00350000011,9520.25662,305.318389
0.184428926,0.0517276434,0.00150000001,9553.80101,305.552816
0.19373773,0.0419627644,0.00275599384,9702.32876,304.794733
0.186555156,0.0489060217,0.00150000001,9642.09071,305.342061
0.190493972,0.0448238334,0.00350000011,9695.41541,304.698562
0.185241869,0.0499581596,0.00150000001,9610.08652,305.401187
0.18496119,0.0564130939,0.00180012949,9512.55247,306.102242
0.187667727,0.0464937053,0.00150000001,9679.12783,305.249309
0.19269572,0.041566027,0.00350000011,9702.91202,304.690279
0.181988816,0.0542898721,0.00150000001,9514.93163,305.817424
0.185237344,0.0474006565,0.00350000011,9649.70957,304.772783
0.180676328,0.0515138403,0.00150000001,9556.9309,305.552287
0.186081445,0.0460152949,0.00350000011,9670.54738,304.726907
0.182400729,0.0566258205,0.00150000001,9505.64622,306.097915
0.183030709,0.048222191,0.00150000001,9622.0855,305.329493
0.17846201,0.0532511305,0.00150000001,9514.31682,305.728153
0.189539933,0.0413495302,0.00350000011,9704.66736,304.576308
0.182868912,0.0475497822,0.00350000011,9628.497,304.845081
0.184452614,0.0456713764,0.00350000011,9653.90067,304.764748
0.177668052,0.0520380085,0.00150000001,9527.69577,305.650041
0.180917637,0.048883225,0.00350000011,9590.52824,304.941612
0.177503079,0.0535575604,0.00350000011,9510.72008,305.199089
0.182457551,0.0578040041,0.00320475078,9501.98607,306.125301
0.187866043,0.0413147862,0.00150000001,9708.41968,304.806716
0.18461388,0.0440883071,0.00150000001,9664.66268,305.05103
0.181209408,0.0584974172,0.00272372951,9488.26502,306.211732
0.184962896,0.0433693021,0.00350000011,9677.99259,304.700883
0.182017742,0.0443208352,0.00216986262,9646.85969,304.925262
0.177862066,0.0494985788,0.00350000011,9559.50205,305.038142
0.180836411,0.0587046367,0.00336452832,9483.92946,306.160115
0.175244733,0.0515225399,0.00150000001,9544.55468,305.591944
0.182853649,0.0438564408,0.00322207729,9663.51433,304.81883
0.17866169,0.0469382034,0.00350000011,9600.20007,304.99169
0.1783815,0.0463409706,0.00182089826,9601.52223,305.138675
0.176677909,0.0476331743,0.00150000001,9585.94898,305.302827
0.174823959,0.0496980606,0.00150000001,9556.3235,305.450685
0.176171591,0.0479131077,0.00350000011,9583.46982,305.090354
0.173257672,0.0546678091,0.00350000011,9530.44357,305.246198
0.174521266,0.0496940894,0.00150000001,9561.28157,305.44407
0.171242512,0.0525536866,0.00350000011,9541.58339,305.187324
0.175921493,0.0579875816,0.00350000011,9541.82805,305.619713
0.174667426,0.048404343,0.00283330904,9569.26955,305.228959
0.173412557,0.0499688104,0.00350000011,9570.5134,305.174394
0.171688541,0.0554322164,0.00150000001,9535.09749,305.826491
0.173580847,0.0491814621,0.00350000011,9565.49967,305.207837
0.177237901,0.0603572306,0.00350000011,9543.94636,306.111598
0.168063301,0.052767128,0.00350000011,9552.62211,305.29733
0.17363151,0.0587284681,0.00350000011,9545.57959,305.605496
0.173880976,0.0608346968,0.00350000011,9550.45967,305.9335
0.165738314,0.0533649591,0.00166659788,9551.89269,305.567397
0.165292347,0.055347571,0.00350000011,9551.56311,305.289928
0.172920413,0.0629288425,0.00350000011,9553.10893,306.251629
0.164382461,0.0552964566,0.00150000001,9552.835,305.687403
0.167056486,0.0580006001,0.00350000011,9543.0457,305.281044
0.171705186,0.0629101523,0.00350000011,9552.36772,306.115291
0.164077926,0.0568894711,0.00150000001,9550.50533,305.762255
0.162729559,0.0550364921,0.00316633554,9558.27969,305.501607
0.167210267,0.0607448104,0.00350000011,9551.44629,305.487829
0.166353891,0.0602565569,0.00350000011,9540.34482,305.410215
0.16750306,0.0612716481,0.00350000011,9545.95995,305.56186
0.162034733,0.0568017034,0.00150000001,9554.83689,305.70762
0.163870868,0.0582118453,0.00350000011,9536.98307,305.266133
0.166485217,0.0616070395,0.00150000001,9546.33257,306.143127
0.162030772,0.0573443419,0.00150000001,9547.50695,305.727442
0.168540834,0.0637964462,0.00150000001,9550.32342,306.399561
0.167616038,0.0631081488,0.00350000011,9549.10912,305.808344
0.164009092,0.0600592526,0.00150000001,9543.51992,305.924419
0.169124854,0.0648588459,0.00150000001,9552.32157,306.506339
0.161013278,0.0573762003,0.00350000011,9542.90474,305.347011
0.166559898,0.0633516264,0.00350000011,9547.14006,305.763863
0.163163933,0.0601720646,0.00150000001,9540.16105,305.888604
0.161658032,0.0590066959,0.00150000001,9537.6398,305.787151
0.168514213,0.0653748644,0.00150000001,9550.78176,306.53357
0.16816356,0.0657451055,0.00321755207,9550.95349,306.451867
0.16730064,0.0653489047,0.00150000001,9550.84555,306.479382
0.160667615,0.0594683164,0.00350000011,9533.39199,305.28982
0.165937857,0.065590524,0.00150000001,9549.34413,306.446067
0.164431764,0.0639829209,0.00150000001,9547.52539,306.246426
0.160532801,0.0607387628,0.00150000001,9530.95411,305.834933
0.158885415,0.0594212221,0.00150000001,9516.7517,305.727544
0.158259669,0.0589043018,0.00350000011,9528.88773,305.355527
0.159177595,0.0599484346,0.00150000001,9541.29536,305.748146
0.166494739,0.0664991859,0.00350000011,9550.44788,306.320572
0.16053902,0.0617649538,0.00150000001,9533.91037,305.893379
0.157376577,0.0588767169,0.00150000001,9509.54404,305.710024
0.161805163,0.0632520498,0.00350000011,9544.72442,305.481671
0.156993097,0.0582234157,0.00266599407,9513.01453,305.553416
0.162066556,0.0643078262,0.00350000011,9545.09441,305.605848
0.158396486,0.0617664919,0.00150000001,9524.29618,305.834713
0.161865421,0.0652895262,0.00150000001,9548.44985,306.24429
0.156069834,0.0587363377,0.00266330574,9492.25969,305.558216
0.159549778,0.0640730836,0.00350000011,9533.30846,305.478775
0.160852974,0.0653350232,0.00350000011,9548.78135,305.665238
0.161121606,0.0668954616,0.00350000011,9546.70855,305.897399
0.159765441,0.0671288657,0.00350000011,9549.4413,305.841514
0.158705191,0.0661122857,0.00150000001,9542.08375,306.227927
0.152934893,0.0601674335,0.00150000001,9354.37427,305.788988
0.15529922,0.063908554,0.00350000011,9510.78972,305.381104
0.158431347,0.0673482489,0.00350000011,9546.83488,305.809464
0.151577403,0.0614920448,0.00150000001,9402.18309,305.82178
0.159534814,0.0702022816,0.00150000001,9550.29758,306.596846
0.151935231,0.0587391526,0.00233182801,9352.65196,305.691725
0.150215151,0.0612438314,0.00150000001,9376.52335,305.855219
0.150245483,0.0612673143,0.00350000011,9374.79111,305.370237
0.153989582,0.0652274767,0.00150000001,9525.50904,306.076967
0.159658686,0.0704700382,0.00286577072,9549.88225,306.554867
0.156734763,0.0683129695,0.00150000001,9547.59282,306.393381
0.151208426,0.0633646219,0.00350000011,9466.59282,305.365587
0.149322913,0.060232938,0.00350000011,9353.03192,305.422552
0.156247062,0.0686333531,0.00350000011,9547.80829,305.906835
0.15497829,0.0678905827,0.00150000001,9542.97049,306.335355
0.155490068,0.0681844857,0.00350000011,9545.00132,305.82963
0.155463439,0.0687652018,0.00350000011,9546.73563,305.903658
0.151145429,0.0650615049,0.00150000001,9501.30851,306.082084
0.148450481,0.0623592591,0.00350000011,9413.44941,305.357432
0.149292219,0.0581362885,0.00350000011,9352.3487,305.552779
0.14735909,0.0615672636,0.00350000011,9393.43924,305.380367
0.146576156,0.0601994151,0.00150000001,9355.10081,305.903618
0.146166106,0.0605038279,0.00350000011,9363.16048,305.410115
0.151153962,0.0668766296,0.00150000001,9522.38724,306.234212
0.148955901,0.0570839706,0.00317003875,9351.79162,305.689242
0.14711395,0.0630169747,0.00350000011,9435.84769,305.417156
0.150403059,0.0660548562,0.00350000011,9507.42442,305.58851
0.147407656,0.0639717798,0.00150000001,9457.63858,306.031924
0.14420277,0.0607308666,0.00150000001,9363.267,305.970162
0.153036017,0.0697042783,0.00350000011,9546.78577,305.998886
0.146141742,0.0584454497,0.00350000011,9346.45215,305.47219
0.147989678,0.0565471806,0.00180835375,9350.71389,305.781428
0.147657103,0.0563624136,0.00293013215,9350.1128,305.709596
0.147474943,0.064962997,0.00350000011,9478.22528,305.551668
0.152983529,0.0708893815,0.00350000011,9551.39632,306.159537
0.14546174,0.0584098409,0.00150000001,9334.73597,305.906354
0.15311032,0.0715623331,0.00150000001,9551.39426,306.584631
0.144986352,0.057637839,0.00150000001,9324.40798,305.903289
0.14269939,0.060196716,0.00350000011,9345.32445,305.470191
0.146669518,0.0558137556,0.00296649624,9342.31392,305.702589
0.14684307,0.0560838163,0.00350000011,9345.48441,305.630458
0.142739594,0.0621101608,0.00350000011,9385.737,305.573923
0.143784502,0.0630217688,0.00350000011,9409.886,305.586741
0.152761744,0.0726115851,0.00166645006,9554.83085,306.605365
0.153779059,0.0727358785,0.00166651308,9554.1852,306.628869
0.142034091,0.0614450729,0.00350000011,9376.66972,305.556059
0.143485158,0.0629832705,0.00350000011,9401.06253,305.603151
0.145658031,0.0552518199,0.00202953719,9328.61238,305.750438
0.144198206,0.056344054,0.00150000001,9317.18792,305.886839
0.149073128,0.0696877479,0.00350000011,9527.45317,306.091773
0.146158804,0.0673526037,0.00150000001,9484.77754,306.302942
0.140760194,0.0619534375,0.00150000001,9377.12221,306.156322
0.144638398,0.0555526815,0.00150000001,9322.2417,305.853531
0.141267187,0.0625485206,0.00350000011,9383.2917,305.689239
0.147643848,0.0700825583,0.00233339678,9525.14731,306.425656
0.140263814,0.0620753341,0.00350000011,9378.63823,305.696688
0.146632044,0.0686573053,0.00350000011,9497.8287,306.083393
0.148479859,0.0702055862,0.00350000011,9535.56287,306.203621
0.142475197,0.0647953991,0.00150000001,9421.84282,306.236685
0.139216781,0.0598649244,0.00150000001,9371.00512,306.099736
0.142016923,0.064537361,0.00350000011,9422.32013,305.829014
0.142641504,0.0655751782,0.00150000001,9431.95348,306.266925
0.141484614,0.0574242056,0.00150000001,9360.16735,305.942265
0.144890327,0.0685528235,0.00266671648,9490.18063,306.363337
0.137851313,0.0601440427,0.00150000001,9379.77891,306.138352
0.14296287,0.0666166984,0.00350000011,9466.53616,306.032596
0.13803632,0.0619732232,0.00150000001,9390.24438,306.204415
0.137400764,0.0604138819,0.00150000001,9388.39654,306.155018
0.141850656,0.0555779236,0.00350000011,9365.47081,305.495119
0.143410083,0.0540029613,0.00180064381,9356.90648,305.748918
0.137817494,0.059108762,0.00150000001,9373.69925,306.095978
0.143128152,0.0674006717,0.00150000001,9461.09191,306.385299
0.139653706,0.0569252387,0.00150000001,9368.37469,305.960526
0.14066655,0.0653283631,0.00350000011,9422.61772,306.024367
0.141218785,0.0665130773,0.00166667624,9442.15295,306.396105
0.13883266,0.064321245,0.00150000001,9415.49462,306.304385
0.135738752,0.060701798,0.00150000001,9395.62044,306.19915
0.142700465,0.0537855706,0.00350000011,9378.30691,305.603287
0.134859605,0.0612579668,0.00350000011,9387.74495,305.883209
0.141260769,0.053550034,0.00350000011,9387.29941,305.552848
0.135818197,0.0633333899,0.00350000011,9404.02396,306.150351
0.13435782,0.059424845,0.00350000011,9390.79091,305.695042
0.140413617,0.0523382576,0.00166713144,9392.31308,305.73214
0.131488724,0.0602422414,0.00150000001,9398.00402,306.247366
0.13723351,0.0538192096,0.00350000011,9389.62589,305.418459
0.131615552,0.0589336922,0.00150000001,9384.00435,306.134824
0.131038297,0.0605110281,0.00150000001,9409.93534,306.271371
0.13205197,0.0581498757,0.00150000001,9394.01746,306.071297
0.131456498,0.0591852027,0.00350000011,9396.34216,305.82314
0.13813159,0.0517582259,0.00350000011,9394.96454,305.503279
0.132336284,0.0575923006,0.00350000011,9387.28829,305.607402
0.129349518,0.0592266986,0.00150000001,9401.94368,306.208491
0.130962388,0.0573531734,0.00350000011,9401.80005,305.615925
0.129779631,0.0579127943,0.00150000001,9394.33731,306.090647
0.128822482,0.0596262425,0.00166673877,9400.51262,306.27821
0.13399619,0.0530612056,0.00150000001,9390.20707,305.859511
0.136540069,0.0501862841,0.0021691775,9396.92663,305.590335
0.136751098,0.0504771302,0.00350000011,9396.11553,305.49404
0.136204416,0.0501731984,0.00150000001,9396.58189,305.680402
0.130017288,0.0557974981,0.00350000011,9398.39658,305.484075
0.129290133,0.0560935384,0.00150000001,9396.23049,305.972727
0.134634708,0.0505183402,0.00350000011,9396.32768,305.382048
0.129124477,0.0553128905,0.00150000001,9385.08214,305.936408
0.1273093,0.0568828512,0.00350000011,9401.24545,305.696014
0.129115808,0.0547904606,0.00150000001,9383.84821,305.911422
0.131411549,0.0523125311,0.00150000001,9389.9382,305.827962
0.131779041,0.051899308,0.00350000011,9391.65026,305.307645
0.125928932,0.05611675,0.00350000011,9392.27343,305.669614
0.133178201,0.0483185808,0.00285461177,9395.28978,305.418557
0.131626947,0.0481494298,0.00150000001,9394.4285,305.555562
0.126480148,0.0530142078,0.00350000011,9383.01027,305.300607
0.130425575,0.0486904864,0.00150000001,9394.39166,305.599498
0.127576288,0.0500340254,0.00150000001,9387.83659,305.686744
0.1300405,0.0474419929,0.00350000011,9393.10387,305.207063
0.12187218,0.055764964,0.00266308299,9367.32295,306.029935
0.128086919,0.0482533357,0.00350000011,9392.48233,305.138622
0.129777988,0.0466033434,0.00150000001,9392.67978,305.414625
0.128077908,0.0477330189,0.00350000011,9394.12874,305.127066
0.127972594,0.0471562385,0.00150000001,9393.15888,305.47819
0.12633474,0.0484777717,0.00150000001,9383.70736,305.583541
0.122254984,0.0530409768,0.00150000001,9365.68813,305.83639
0.124723772,0.0502295402,0.00350000011,9385.72005,305.120696
0.126761836,0.0471712658,0.00150000001,9391.61657,305.486085
0.128402244,0.0458384843,0.00150000001,9392.70547,305.339858
0.120886835,0.0527941314,0.00150000001,9353.77751,305.808789
0.121909659,0.050968883,0.00150000001,9364.09778,305.696507
0.122881889,0.0498279429,0.00350000011,9378.55937,305.075532
0.123069645,0.0494693057,0.00150000001,9383.54198,305.606574
0.118614628,0.0525469507,0.00150000001,9287.62501,305.790594
0.125967318,0.0443125344,0.00206212929,9391.68707,305.062964
0.117252794,0.0533296628,0.00150000001,9197.38277,305.878288
0.12585291,0.0442489767,0.00335642007,9390.8754,304.983013
0.124742791,0.0443242175,0.00150000001,9391.00659,305.188931
0.121195516,0.048312469,0.00150000001,9378.09158,305.521989
0.11781462,0.0537167426,0.00208674326,9189.85171,305.909107
0.120892395,0.0479708534,0.00150000001,9377.23226,305.496073
0.11786272,0.0512203456,0.00150000001,9313.38141,305.679828
0.11765435,0.0538057816,0.00242637795,9177.53982,305.882439
0.117043411,0.0517200816,0.00350000011,9267.12617,305.242134
0.123103649,0.0451412483,0.00150000001,9391.18267,305.289955
0.11634678,0.0538352003,0.00150000001,9198.30264,305.943636
0.11941699,0.048449409,0.00350000011,9372.4908,304.937646
0.115893819,0.054087284,0.00150000001,9196.67639,305.973258
0.121082459,0.0470810983,0.00350000011,9382.84073,304.89697
0.122496695,0.0446322624,0.00150000001,9391.17335,305.232897
0.121322315,0.0451854331,0.00150000001,9389.37746,305.287583
0.119576517,0.0467751709,0.00150000001,9380.63657,305.391885
0.124228952,0.0433467761,0.00318689058,9392.46789,304.870288
0.123364237,0.0430397317,0.00150000001,9390.7989,305.010793
0.12000296,0.0458715425,0.00350000011,9386.79617,304.812921
0.114935448,0.0546161762,0.00350000011,9198.19799,305.755394
0.114708776,0.0503891782,0.00150000001,9294.8795,305.581162
0.122635064,0.0424612816,0.00335677459,9392.31579,304.741472
0.113543792,0.0506320158,0.00350000011,9299.89739,305.070672
0.119497661,0.044575793,0.00350000011,9390.33011,304.737037
0.116702688,0.0467312902,0.00150000001,9369.84238,305.358554
0.111848713,0.0539071444,0.00150000001,9202.79565,305.942757
0.112437906,0.0553352044,0.00150000001,9199.18928,306.104212
0.110495529,0.0540292833,0.00150000001,9200.53593,305.933293
0.114663859,0.0478544406,0.00350000011,9348.46945,304.872203
0.109977441,0.0522228067,0.00350000011,9220.92801,305.213248
0.108940959,0.0528285303,0.00150000001,9209.29728,305.810195
0.110112969,0.0540284057,0.00350000011,9188.81814,305.44879
0.111009714,0.0550752493,0.00350000011,9203.37643,305.656001
0.116008073,0.0453614356,0.00150000001,9374.45387,305.240162
0.120407862,0.0412611942,0.0020304247,9394.48455,304.623789
0.109204115,0.0519762079,0.00350000011,9212.19424,305.196928
0.116040415,0.0447968796,0.00150000001,9378.28927,305.189503
0.11462302,0.046110536,0.00150000001,9362.83739,305.289436
0.111977683,0.0569594848,0.00217557233,9198.86306,306.257578
0.119791577,0.0411995936,0.00350000011,9394.83879,304.528002
0.110091909,0.0555860419,0.00350000011,9180.49506,305.700882
0.11758135,0.0420777066,0.00150000001,9393.51412,304.869988
0.109336529,0.0505291528,0.00150000001,9248.58489,305.625853
0.119108959,0.040861139,0.00322077355,9395.52564,304.465879
0.11632467,0.043136716,0.00150000001,9386.88379,304.999099
0.108224297,0.0504622205,0.00150000001,9248.72058,305.629769
0.106842955,0.0542849827,0.00350000011,9188.77943,305.392308
0.107762366,0.0500619444,0.00350000011,9257.78474,305.094818
0.106583511,0.0548958057,0.00150000001,9185.31481,305.977512
0.110091721,0.0580072418,0.00243225521,9173.60444,306.304772
0.11434263,0.0431138186,0.00350000011,9375.86507,304.619552
0.10638088,0.0508180326,0.00350000011,9231.6352,305.158126
0.108101052,0.0563619986,0.00350000011,9144.45964,305.735046
0.109605957,0.0579316067,0.00350000011,9166.46465,306.083014
0.115333769,0.0413818528,0.0020546978,9399.76218,304.562547
0.110218505,0.0463978667,0.00150000001,9313.90501,305.270606
0.107039069,0.0568108583,0.00150000001,9149.13361,306.184725
0.109329645,0.0469506626,0.00350000011,9298.60289,304.926177
0.10611275,0.0492553664,0.00350000011,9244.85041,305.100262
0.104641835,0.0550198749,0.00350000011,9202.98467,305.431994
0.107541001,0.047488213,0.00150000001,9280.91303,305.355747
0.105556859,0.0562820265,0.00150000001,9198.04671,306.086955
0.102773146,0.0516411701,0.00150000001,9229.95608,305.691175
0.11043903,0.0440867853,0.00321792538,9344.29729,304.796076
0.102543034,0.0544855988,0.00150000001,9213.25005,305.914716
0.103879937,0.0565172067,0.00150000001,9218.77324,306.077518
0.106709645,0.0586948924,0.00350000011,9196.49148,306.015255
0.104615269,0.0481868825,0.00350000011,9266.87166,305.116582
0.103116134,0.0490344204,0.00150000001,9258.8834,305.457206
0.102039503,0.0552296094,0.00150000001,9216.039,305.959706
0.102169591,0.0554863618,0.00150000001,9215.95768,305.981634
0.0994413883,0.0531272667,0.00150000001,9252.69056,305.725957
0.100011677,0.0541735186,0.00150000001,9227.68345,305.827419
0.10053696,0.0509733514,0.00350000011,9259.23252,305.260816
0.105323708,0.0594626394,0.00350000011,9231.53465,306.042502
0.0994200814,0.0541627662,0.00150000001,9247.53705,305.796513
0.100292127,0.0550179129,0.00350000011,9221.00721,305.381909
0.0998318822,0.0554574659,0.00150000001,9224.93386,305.924474
0.103601615,0.0593728986,0.00150000001,9236.88396,306.309928
0.0976031238,0.0519646388,0.00350000011,9241.30161,305.36818
0.09812272,0.0512767007,0.00150000001,9255.80453,305.581421
0.0989114067,0.050662432,0.00350000011,9252.00667,305.346256
0.0961928175,0.0537189028,0.00350000011,9243.68051,305.390948
0.0976345711,0.0557119564,0.00150000001,9241.43994,305.860143
0.099233829,0.0571035943,0.00150000001,9230.63949,306.027891
0.0963541327,0.0542672561,0.00350000011,9245.82047,305.381885
0.101769918,0.0596376798,0.00350000011,9240.34156,305.847532
0.0959575606,0.0521320464,0.00321910936,9250.94127,305.475254
0.0959962191,0.0554236111,0.00150000001,9241.60643,305.800826
0.102894421,0.0620057426,0.00287992452,9243.7931,306.448044
0.0948268508,0.0549711599,0.00350000011,9241.76157,305.387158
0.0989932796,0.0597135801,0.00350000011,9239.66504,305.705371
0.0934267464,0.053538055,0.00336667058,9251.97442,305.520344
0.0985059572,0.0599775391,0.00350000011,9239.66385,305.705296
0.0926979729,0.0542910042,0.00150000001,9245.35262,305.70212
0.0961076308,0.058366133,0.00350000011,9233.98004,305.475064
0.0923324326,0.0541460055,0.00242757822,9256.2502,305.584592
0.100935245,0.063094173,0.00244979439,9243.39738,306.504539
0.100979454,0.0630696141,0.00297029163,9243.18892,306.465486
0.0932678153,0.0569486193,0.00150000001,9243.39658,305.820446
0.098544814,0.061632977,0.00150000001,9241.43801,306.335308
0.0984654287,0.0616553513,0.00350000011,9241.37698,305.903946
0.100102544,0.0635567847,0.00321959655,9242.72778,306.445243
0.0932471507,0.0585501315,0.00150000001,9233.99773,305.906341
0.0950240381,0.0603129154,0.00350000011,9230.46251,305.559913
0.096635744,0.0616503035,0.00350000011,9238.52987,305.785201
0.0979636107,0.0635246979,0.00350000011,9242.03273,306.134556
0.0916795828,0.0578000175,0.00350000011,9232.1387,305.399063
0.0902541792,0.0553005915,0.00177827085,9244.98005,305.664684
0.092177958,0.058783855,0.00150000001,9242.22834,305.882022
0.0957081999,0.0621692042,0.00350000011,9241.356,305.783184
0.0975010365,0.0637832483,0.00350000011,9241.79018,306.137412
0.0945768217,0.0620721927,0.00150000001,9236.2277,306.215474
0.0944843827,0.0621387305,0.00350000011,9237.75842,305.701073
0.0961353122,0.0634990706,0.00350000011,9240.79338,305.987018
0.0909503652,0.0592689861,0.00150000001,9223.72676,305.893265
0.0954680932,0.0642171981,0.00150000001,9240.75049,306.4133
0.0969833383,0.0652896781,0.00179333242,9241.94585,306.560161
0.0912079037,0.0606493555,0.00350000011,9229.79326,305.439741
0.0935439827,0.0626404013,0.00350000011,9237.24104,305.699171
0.087645881,0.0576155208,0.00150000001,9218.20641,305.791949
0.0949919427,0.0655274614,0.00150000001,9240.18285,306.493821
0.0894371071,0.0600752245,0.00350000011,9235.33583,305.406586
0.0944271819,0.0653189514,0.00350000011,9240.51338,306.113045
0.0912357954,0.0624409377,0.00350000011,9231.1134,305.554043
0.0946971314,0.06655979,0.00204280954,9240.40757,306.549898
0.0939206371,0.0657758467,0.00150000001,9240.56275,306.470804
0.087509047,0.0597549451,0.00350000011,9225.3358,305.41332
0.091096191,0.0631936564,0.00350000011,9235.91941,305.615142
0.0936070474,0.0662976569,0.00150000001,9240.56708,306.495595
0.0899708876,0.0635867742,0.00150000001,9231.12527,306.151672
0.0895027618,0.0644003337,0.00150000001,9240.07775,306.185417
0.0911595462,0.0662691084,0.00150000001,9240.33914,306.396745
0.0912239807,0.0665895604,0.00350000011,9237.40507,306.037055
0.0840815468,0.0604606724,0.00350000011,9165.97554,305.459864
0.0838525903,0.0588570294,0.00183305869,9166.2791,305.73544
0.0857642679,0.0628285871,0.00150000001,9214.91149,305.98571
0.0915897131,0.0681126994,0.00150000001,9239.41887,306.53841
0.0832151453,0.0604251538,0.00150000001,9130.44375,305.852644
0.0866323119,0.064594505,0.00150000001,9226.84326,306.127564
0.0889598556,0.0668192037,0.00350000011,9240.32711,305.911893
0.0903320705,0.0689848259,0.00244974661,9239.51035,306.511574
0.0830659933,0.0622459141,0.00150000001,9183.50384,305.919686
0.0858522483,0.0650508548,0.00150000001,9229.24638,306.146241
0.0840359463,0.0630731455,0.00350000011,9196.46622,305.445913
0.0817136277,0.0619816443,0.00150000001,9141.06879,305.918105
0.08891567,0.0683847453,0.00350000011,9239.94709,306.116645
0.0843636633,0.0650945291,0.00350000011,9224.27229,305.558089
0.0809249936,0.0622720786,0.00350000011,9140.59286,305.43062
0.0800273043,0.0607035928,0.00350000011,9071.89416,305.478925
0.088294732,0.0688967685,0.00350000011,9239.374,306.147804
0.0809684651,0.0633019673,0.00150000001,9173.5789,305.995368
0.0803251116,0.0591290009,0.00150000001,9049.53677,305.850874
0.0790159983,0.0620144634,0.00150000001,9116.7296,305.940272
0.0850504489,0.0679024305,0.00150000001,9235.98329,306.358152
0.0838116137,0.0668909871,0.00350000011,9232.64504,305.705273
0.0873687923,0.0699335751,0.00350000011,9240.5543,306.231975
0.0800545342,0.0632598316,0.00150000001,9175.69901,305.98897
0.0858168701,0.068631219,0.00150000001,9239.99225,306.414508
0.0870996036,0.0704411366,0.00150000001,9240.62348,306.531694
0.0873662655,0.0704588733,0.00350000011,9240.19021,306.3237
0.0790403862,0.0636040404,0.00350000011,9169.79793,305.453196
0.0845313791,0.0688223843,0.00350000011,9237.80196,305.939681
0.0781551322,0.0631063846,0.00150000001,9147.97859,306.009137
0.0845176094,0.0691149787,0.00350000011,9238.79969,305.973125
0.0759523229,0.0610415065,0.00350000011,9065.53009,305.453292
0.0767461388,0.0617925093,0.00150000001,9082.74435,305.991959
0.084709549,0.0704226588,0.00350000011,9241.62025,306.135624
0.0767599658,0.062848278,0.00150000001,9121.65322,306.026259
0.084846281,0.0713587622,0.00150000001,9241.50031,306.532899
0.0846562735,0.0710234738,0.00350000011,9241.38943,306.208245
0.0781250518,0.0650250023,0.00150000001,9189.26655,306.128632
0.0772224796,0.063734337,0.00350000011,9151.52706,305.488819
0.0799130732,0.0673482986,0.00150000001,9221.39153,306.288578
0.0843782368,0.0722504593,0.00278512851,9242.12665,306.460951
0.0736680724,0.0613111759,0.00350000011,9075.25877,305.489962
0.0762882111,0.0645390716,0.00150000001,9170.76007,306.118923
0.0766320894,0.0652418169,0.00350000011,9178.02082,305.597144
0.0751682789,0.0634959926,0.00350000011,9139.34804,305.526001
0.0745127219,0.0630058514,0.00350000011,9117.52065,305.522012
0.0739854618,0.0618160022,0.00350000011,9076.66252,305.494896
0.0782293586,0.0675002967,0.00350000011,9211.71514,305.775415
0.0726572684,0.0599848708,0.00350000011,9057.15485,305.484148
0.0795577098,0.0690666658,0.00350000011,9229.25381,305.913716
0.0755856977,0.0563227459,0.00316628971,9047.02867,305.72026
0.0731980818,0.0584453121,0.00150000001,9031.03862,305.983953
0.0722973849,0.062223681,0.00150000001,9094.73987,306.099214
0.078577753,0.0691728653,0.00350000011,9226.45077,305.944739
0.0738478876,0.0652978176,0.00150000001,9144.35851,306.207939
0.081546531,0.0724185701,0.00150000001,9244.15021,306.508195
0.0783261165,0.0692864904,0.00350000011,9223.94082,305.964816
0.0713175665,0.062193942,0.00350000011,9085.92506,305.59839
0.0783783592,0.0702875282,0.00150000001,9230.10122,306.415893
0.0759148999,0.0678424532,0.00350000011,9196.89848,305.895672
0.0716626552,0.0574299318,0.00150000001,9010.38713,305.983486
0.0778302483,0.0704216366,0.00350000011,9228.62863,306.099491
0.0764424496,0.0696616921,0.00350000011,9214.83019,306.07331
0.0715965464,0.0650727718,0.00150000001,9126.96203,306.263193
0.0706207112,0.0640145825,0.00350000011,9107.66379,305.775373
0.0740504489,0.0691973366,0.00183347021,9201.06487,306.337493
0.074792963,0.0694384333,0.00350000011,9201.23065,306.157431
0.0677173946,0.0584274227,0.00150000001,9045.84181,306.090298
0.0665204412,0.0596987164,0.00150000001,9055.45316,306.173871
0.0656625903,0.060744964,0.00150000001,9066.12953,306.219509
0.0744972195,0.0694455427,0.00316691654,9198.22951,306.260419
0.0660489824,0.0598668992,0.00350000011,9063.00514,305.659805
0.0689257543,0.0564199754,0.00150000001,9056.67175,305.99253
0.0679845913,0.0640951595,0.00150000001,9106.76482,306.297746
0.0658767703,0.0590799859,0.00350000011,9065.27314,305.615074
0.0654550092,0.0589490117,0.00150000001,9065.66336,306.158784
0.0697498252,0.066634301,0.00350000011,9141.25417,306.142298
0.0669959991,0.0640662484,0.00350000011,9102.95365,305.985319
0.0654701331,0.0625213764,0.00350000011,9103.95623,305.899774
0.0690472459,0.0551086735,0.00150000001,9069.21782,305.938871
0.0690753533,0.0664333938,0.00175927338,9120.43252,306.351067
0.0707950221,0.0538346844,0.00350000011,9058.65374,305.606983
0.0662435421,0.0569458623,0.00150000001,9068.4218,306.059472
0.0645659352,0.0625392583,0.00350000011,9101.85487,305.966498
0.0678262629,0.0657394537,0.00336427329,9112.92798,306.247114
0.0681187072,0.0540751417,0.00150000001,9083.6275,305.895841
0.07007901,0.0532634728,0.00263671523,9076.07939,305.673207
0.0660182673,0.0647350137,0.00336644585,9114.75214,306.240967
0.0646485687,0.0581113233,0.00350000011,9063.33335,305.591879
0.062981516,0.0623549841,0.00150000001,9089.86686,306.316069
0.0628111798,0.062953299,0.00254442733,9096.19465,306.299322
0.0681126206,0.0539049627,0.00350000011,9082.4011,305.516697
0.0658982671,0.0559290743,0.00150000001,9076.89122,306.018457
0.061846786,0.06206973,0.00350000011,9100.93209,306.100535
0.0658820395,0.0554100726,0.00150000001,9080.44032,305.991856
0.0611254631,0.0602857796,0.00150000001,9097.66761,306.23892
0.0639321717,0.056705078,0.00150000001,9077.47351,306.086335
0.0650164758,0.0552703357,0.00350000011,9078.9493,305.465715
0.0658430622,0.0538501462,0.00150000001,9086.51181,305.912658
0.0601809393,0.0587281396,0.00150000001,9088.00024,306.181642
0.0644669793,0.05361209,0.00150000001,9087.14179,305.914678
0.0588593262,0.0605842287,0.00150000001,9101.32489,306.303359
0.0658187946,0.0522838327,0.00150000001,9089.05691,305.818702
0.0664092796,0.0512247358,0.00203009875,9089.70648,305.625929
0.0583878757,0.0603210268,0.00350000011,9091.54574,306.089947
0.0617512806,0.0554160768,0.00150000001,9076.98109,306.042763
0.0604308908,0.0555914734,0.00350000011,9076.84388,305.508138
0.0650067511,0.0504455529,0.00205796082,9089.62217,305.575606
0.0587763844,0.0548841641,0.00350000011,9073.09118,305.485635
0.06309027,0.050246374,0.00150000001,9089.08171,305.694251
0.0621906108,0.0506245264,0.00350000011,9088.18936,305.360687
0.0595498974,0.0533249833,0.00150000001,9079.59879,305.94459
0.0579750868,0.0541728965,0.00150000001,9083.92276,305.990992
0.0578297829,0.053732476,0.00150000001,9078.06167,305.970695
0.0559120154,0.0559883339,0.00350000011,9093.04725,305.640281
0.0598623946,0.0511417734,0.00350000011,9084.66439,305.316803
0.0542053931,0.0563981848,0.00150000001,9079.30661,306.142488
0.0533163186,0.0569897892,0.00350000011,9089.22669,305.926278
0.0537183593,0.0556292677,0.00150000001,9082.83306,306.099707
0.0535961874,0.0559415115,0.00350000011,9077.01682,305.751643
0.0584170552,0.0503619349,0.00150000001,9085.06138,305.760446
0.0570180819,0.0517698388,0.00150000001,9080.03019,305.855213
0.0557868793,0.0531561915,0.00350000011,9074.65492,305.392122
0.0546353956,0.0535861987,0.00350000011,9078.32164,305.446707
0.0593505506,0.0485415831,0.00150000001,9086.1332,305.579812
0.0531426852,0.0546368924,0.00350000011,9068.71551,305.602603
0.0530503332,0.0541232065,0.00150000001,9072.22429,306.016554
0.051781808,0.0549174424,0.00350000011,9071.51533,305.689838
0.055454012,0.0503402502,0.00150000001,9082.23466,305.761206
0.0517774604,0.0538670133,0.00350000011,9070.82444,305.548901
0.058600978,0.0468867896,0.00333325857,9086.01495,305.197871
0.0501306754,0.055221444,0.00150000001,9050.85337,306.112855
0.0492198325,0.0547118026,0.00150000001,9039.81538,306.07688
0.0492150415,0.0552263157,0.00350000011,9042.12857,305.899084
0.0524820805,0.0504325884,0.00150000001,9070.06428,305.758639
0.0519496237,0.0502479023,0.00150000001,9072.90598,305.746981
0.0492076128,0.053140978,0.00150000001,9042.6891,305.966901
0.0542305829,0.0474136848,0.00150000001,9082.07755,305.520079
0.0504581364,0.0510616837,0.00150000001,9067.45607,305.811191
0.0523373629,0.0492605185,0.00350000011,9077.53381,305.126167
0.0495172648,0.0520955604,0.00150000001,9043.31483,305.892168
0.0499297974,0.0513122659,0.00350000011,9052.99632,305.299577
0.0555382263,0.0455320992,0.00350000011,9084.79607,305.012821
0.0542081522,0.0463526321,0.00350000011,9082.95029,305.002254
0.0506982786,0.0481896571,0.00150000001,9074.94578,305.600127
0.0468388103,0.0515788243,0.00350000011,9017.11576,305.363565
0.0521093542,0.0466582948,0.00150000001,9082.80529,305.45382
0.0527251689,0.0448477805,0.00150000001,9083.71601,305.210705
0.0534278626,0.0440128372,0.00216618086,9084.02206,304.909012
0.0501604388,0.0470232728,0.00150000001,9078.38562,305.494411
0.0454405804,0.0535950344,0.00163161543,8803.2283,305.988097
0.0454980455,0.0518055868,0.00350000011,8973.41511,305.403394
0.0503749843,0.0466362689,0.00350000011,9081.83552,304.934646
0.0514888307,0.0448264657,0.00350000011,9082.3217,304.838249
0.0514897103,0.0443252609,0.00150000001,9083.32359,305.152849
0.0432614706,0.0519139306,0.00350000011,8953.52789,305.409889
0.0437415047,0.0535300524,0.00350000011,8912.93424,305.707393
0.0428377034,0.0516131254,0.00350000011,8967.11852,305.363183
0.0495424961,0.044346133,0.00150000001,9084.03978,305.183498
0.0419393929,0.0533633809,0.00150000001,8918.91124,306.001277
0.0472463704,0.0460580047,0.00350000011,9073.8,304.854513
0.045394371,0.0478922617,0.00350000011,9057.72472,304.988504
0.0435881291,0.0544370574,0.00333414447,8915.89405,305.991055
0.046760296,0.0466171984,0.00150000001,9071.29648,305.456991
0.043187407,0.0495430907,0.00350000011,9022.09088,305.13642
0.0465040777,0.0452929252,0.00150000001,9077.69937,305.315069
0.0403085616,0.0516186294,0.00150000001,8951.35369,305.847014
0.045245467,0.0465382908,0.00350000011,9066.68494,304.882668
0.0484602867,0.0412836458,0.00283313508,9086.2951,304.4584
0.0477431824,0.0410146882,0.00233380795,9088.05437,304.438645
0.0450193005,0.0442177612,0.00150000001,9078.9617,305.175952
0.0429143172,0.0461696383,0.00350000011,9060.03045,304.859937
0.0477443703,0.0410172264,0.0016669285,9086.75703,304.520324
0.0372522149,0.0506313439,0.00150000001,8974.30488,305.783234
0.0436689905,0.0444764708,0.00350000011,9072.27276,304.724782
0.0355149507,0.0523674882,0.00350000011,8950.10661,305.406649
0.0454332776,0.0418907774,0.00150000001,9085.55146,304.803135
0.037094183,0.0493087183,0.00350000011,8998.04806,305.149225
0.0379009416,0.0486535802,0.00150000001,9002.31042,305.619919
0.0355060665,0.0506597199,0.00350000011,8981.07642,305.266479
0.0344231713,0.0512220229,0.00150000001,8971.78137,305.87497
0.0437336037,0.0413785844,0.00150000001,9090.99703,304.671815
0.0340059473,0.0516988342,0.00150000001,8963.39347,305.91758
0.036089229,0.0484672015,0.00150000001,9000.69722,305.612584
0.0352898564,0.0496310236,0.00350000011,8988.20627,305.205152
0.0352150357,0.0488519663,0.00350000011,8993.9463,305.162225
0.0399350121,0.0435785145,0.00150000001,9053.28654,304.999963
0.0347357093,0.0558068229,0.00150000001,8921.38055,306.220749
0.0418486044,0.0420462462,0.00333330044,9077.35996,304.531803
0.0377467376,0.0457404458,0.00150000001,9028.69567,305.295626
0.0327426435,0.0499878833,0.00150000001,8984.45962,305.78584
0.0314848707,0.0529605999,0.00150000001,8955.84237,306.04422
0.0352284154,0.0569003091,0.00350000011,8912.90066,305.965262
0.0339569368,0.0559951245,0.00150000001,8927.2106,306.233887
0.0362105997,0.0577904796,0.00180762934,8914.71821,306.360433
0.0355831899,0.0460580582,0.00150000001,9011.67807,305.321624
0.0370406891,0.0453932149,0.00350000011,9026.35058,304.915547
0.0336207441,0.0484449847,0.00350000011,8990.703,305.181803
0.0351044366,0.0462753271,0.00150000001,9008.57474,305.350683
0.0335639722,0.0479701496,0.00150000001,8997.60367,305.560376
0.0317836012,0.0550077594,0.00150000001,8938.87824,306.178094
0.0346429866,0.0469784387,0.00350000011,9004.10394,305.07556
0.0342259594,0.057861158,0.00150000001,8927.71846,306.354766
0.0288094266,0.0516653946,0.00350000011,9002.11457,305.465086
0.0305221948,0.0495155753,0.00150000001,9004.21254,305.743035
0.0318950036,0.0477378996,0.00350000011,9004.5107,305.206621
0.0282673659,0.050874244,0.00150000001,9008.72009,305.890591
0.0284819907,0.0535174361,0.00350000011,8975.45653,305.543628
0.0330888201,0.0460279665,0.00323741763,9010.62191,305.111281
0.0268838774,0.0525374141,0.00350000011,9017.26414,305.559177
0.0283690287,0.0498342831,0.00150000001,9015.62558,305.78753
0.0332192381,0.0588163602,0.00350000011,8947.03578,306.138354
0.0293642934,0.056092862,0.00150000001,8948.8869,306.255873
0.0328679426,0.0593098703,0.00316699198,8952.33128,306.291493
0.0298941809,0.0483131958,0.00350000011,9011.04769,305.319892
0.0299859583,0.0574729051,0.00150000001,8940.79705,306.315548
0.0274456388,0.0499276612,0.00350000011,9025.48635,305.473488
0.0308777485,0.0593853614,0.00350000011,8938.32698,306.039754
0.0273979679,0.0564280508,0.00150000001,8965.95855,306.281612
0.0265886088,0.049315754,0.00350000011,9037.96195,305.510513
0.029537171,0.05902905,0.00150000001,8931.63943,306.388074
0.025731547,0.049372181,0.00240289281,9038.16566,305.645123
0.0232918418,0.0527744763,0.00150000001,9057.86591,306.12759
0.0289270463,0.0589770485,0.00350000011,8930.24691,305.876804
0.0281798655,0.0586671715,0.00350000011,8935.52819,305.831412
0.0255254817,0.056937836,0.00150000001,8993.80063,306.300794
0.0281162494,0.0597646295,0.00150000001,8921.22847,306.421479
0.0272355933,0.0591753273,0.00350000011,8939.91523,305.839539
0.0234304051,0.0544755278,0.00350000011,9051.42542,305.757617
0.0229931469,0.0551514994,0.00150000001,9049.50657,306.271025
0.0233572083,0.0559572172,0.00150000001,9042.08869,306.298186
0.0294091563,0.0611093043,0.00350000011,8884.85309,306.102734
0.026322823,0.0591651435,0.00350000011,8951.78023,305.821718
0.0246886115,0.0574450199,0.00350000011,8995.29759,305.767596
0.0299999993,0.0613678688,0.00278274208,8879.4562,306.348217
0.0289503044,0.061877629,0.00350000011,8888.35269,306.122057
0.0232109576,0.0567307467,0.00350000011,9027.29916,305.81461
0.0232509755,0.0569541576,0.00150000001,9031.03086,306.340247
0.0208006825,0.0545403005,0.00150000001,9079.31923,306.289386
0.0289424281,0.0634334592,0.00350000011,8888.60116,306.223882
0.0289403501,0.0640233417,0.00150000001,8888.66912,306.600437
0.0186206785,0.0541098154,0.00216679654,9138.37729,306.274803
0.0267013023,0.0621168021,0.00350000011,8915.19011,305.985357
0.0187521155,0.0538623278,0.00333342328,9115.13895,306.202329
0.0198457733,0.0555165999,0.00350000011,9086.54863,306.047531
0.0257872873,0.0626868385,0.00150000001,8920.79185,306.519087
0.0299999993,0.0644913141,0.00272470852,8888.61898,306.529978
0.0188711275,0.0559281648,0.00350000011,9121.65569,306.146502
0.0299999993,0.0651526782,0.00252365456,8888.87134,306.572868
0.0260926335,0.0631703151,0.00350000011,8913.49575,306.013712
0.0200174015,0.05699279,0.00350000011,9060.38354,306.056369
0.019241142,0.0572827834,0.00150000001,9072.5343,306.41941
0.0253394629,0.0639612149,0.00350000011,8912.96726,306.016177
0.0239285075,0.0628582988,0.00350000011,8945.49374,305.97727
0.0226638743,0.0616064515,0.00350000011,8964.85447,305.986046
0.023939262,0.063437707,0.00150000001,8930.99489,306.516946
0.0179999992,0.0571590201,0.00283335966,9134.34692,306.421923
0.0289431045,0.0681156142,0.00350000011,8889.87797,306.409595
0.0199745618,0.059020005,0.00350000011,9026.00634,306.08398
0.0256651672,0.0655237072,0.00350000011,8904.7789,306.080468
0.024878017,0.0652952217,0.00150000001,8911.72965,306.569979
0.0269949467,0.0673399762,0.00350000011,8892.17425,306.205183
0.0217719247,0.0626879417,0.00150000001,8953.77993,306.518845
0.0231571625,0.0639984749,0.00150000001,8939.49588,306.536173
0.0210205201,0.0624251152,0.00150000001,8951.40859,306.504964
0.0262241682,0.0676848219,0.00150000001,8894.94706,306.649514
0.028939932,0.0703223847,0.00150000001,8890.98975,306.767421
0.027895176,0.0699505705,0.00350000011,8890.64659,306.330848
0.0224087952,0.0653322607,0.00150000001,8931.02444,306.573527
0.0293956097,0.0715213256,0.00350000011,8892.20826,306.522837
0.0296964355,0.0716411515,0.00150000001,8891.93961,306.801759
0.0271531068,0.0707385944,0.00350000011,8894.20506,306.27599
0.0256474409,0.0697613488,0.00150000001,8896.90778,306.660981
0.0190609757,0.0642626872,0.00150000001,8966.00316,306.598155
0.0230819942,0.0687420836,0.00150000001,8905.79235,306.637323
0.0280250855,0.0734608467,0.00150000001,8894.61961,306.769249
0.0271403082,0.0723120116,0.00350000011,8892.71229,306.28132
0.0280335515,0.0739842337,0.00150000001,8895.72411,306.775562
0.0242787769,0.0709334582,0.00150000001,8896.15102,306.640573
0.027124213,0.073995985,0.00150000001,8895.4723,306.750848
0.0257887969,0.0725712928,0.00350000011,8892.56328,306.210344
0.0227831657,0.0697512242,0.00350000011,8902.53825,306.183286
0.0241252559,0.0719862399,0.00150000001,8894.81284,306.677029
0.0243299273,0.0719678971,0.00350000011,8894.47668,306.189766
0.018605191,0.0666013639,0.00350000011,8937.4394,306.493737
0.0298493574,0.0765077427,0.00350000011,8896.09104,306.64157
0.0181515668,0.0668862891,0.00150000001,8941.65456,306.781464
0.0224151428,0.0716940701,0.00150000001,8907.40188,306.669467
0.0267855155,0.0757207733,0.00150000001,8898.90456,306.747669
0.0251604538,0.073631865,0.00350000011,8897.78632,306.213563
0.0179999992,0.0679271036,0.00233332534,8954.07177,306.829165
0.0240039892,0.0741172416,0.00150000001,8894.89347,306.707164
0.0239562936,0.074461671,0.00350000011,8896.53605,306.217031
0.0181513657,0.0684402326,0.00350000011,8927.5795,306.674474
0.0226347385,0.0738414402,0.00150000001,8898.66617,306.700528
0.021761935,0.0731590274,0.00350000011,8898.31576,306.290517
0.0190597306,0.0710904463,0.00150000001,8917.85715,306.840309
0.0208636925,0.0736822977,0.00350000011,8902.44753,306.381832
0.0290557894,0.082316882,0.00350000011,8880.25701,306.512336
0.0183026737,0.0718518344,0.00350000011,8924.76473,306.742259
0.0279566626,0.0818105679,0.00150000001,8886.38312,306.826571
0.0294088359,0.0828266581,0.00150000001,8873.78128,306.851073
0.0299999993,0.0812718146,0.00176544137,8890.54003,306.826532
0.0245866131,0.0786900508,0.00350000011,8901.8342,306.239299
0.0235650026,0.0781420384,0.00350000011,8898.3471,306.250016
0.0267797584,0.0822111703,0.00150000001,8886.61836,306.817325
0.0259145299,0.0812826661,0.00350000011,8887.32097,306.298968
0.0247079508,0.0803262152,0.00150000001,8893.05316,306.801264
0.0299999993,0.0846359337,0.00164203062,8842.16933,306.822623
0.0220911998,0.0796405717,0.00350000011,8907.53946,306.351966
0.0251353176,0.0828462579,0.00350000011,8887.80529,306.322064
0.0185973584,0.0772190456,0.00150000001,8906.86136,307.117564
0.0186075107,0.0776280735,0.00350000011,8906.66906,306.906201
0.0181499842,0.0785021977,0.00150000001,8916.43238,307.280538
0.0208937745,0.0810895443,0.00150000001,8912.27491,307.025111
0.0201298762,0.0813727701,0.00150000001,8913.19453,307.116362
0.020127286,0.0824373394,0.00150000001,8915.7592,307.167681
0.0236927236,0.0871016068,0.00150000001,8902.08899,307.053185
0.0210221542,0.0854566986,0.00350000011,8922.67795,306.819743
0.0208694776,0.0862468359,0.00350000011,8930.44842,306.902161
0.0179999992,0.0828893676,0.00295463057,8933.30212,307.545475
0.0201136132,0.0861238342,0.00150000001,8933.0147,307.401593
0.0199653126,0.0874246481,0.00150000001,8946.25389,307.528437
0.0179999992,0.0858983942,0.00163388765,8942.09892,307.832891
0.0200852435,0.0892387294,0.00350000011,8949.66464,307.365342
0.0182940475,0.0885449586,0.00350000011,8947.91069,307.745776
0.126685156,0.176579547,0.00150000001,4396.36168,312.850121
0.12742698,0.176297247,0.00150000001,4395.16123,312.806384
0.128360298,0.176815102,0.00350000011,4396.30354,312.640261
0.12790856,0.180210268,0.00150000001,4395.98068,313.134641
0.126694948,0.181790465,0.00150000001,4392.34118,313.192683
0.123212823,0.180969797,0.00150000001,4375.17422,313.136143
0.124824018,0.182375924,0.00150000001,4385.49964,313.215899
0.130380641,0.179147529,0.00350000011,4398.66495,312.716371
0.130261243,0.180454071,0.00350000011,4397.33175,312.711597
0.123599313,0.183760333,0.00350000011,4385.2532,312.79539
0.131893664,0.178604949,0.00319838023,4399.84336,312.844719
0.126942623,0.184806166,0.00350000011,4389.54632,312.816938
0.130637524,0.182279525,0.00150000001,4400.43673,313.25922
0.128555198,0.183732161,0.00150000001,4394.51667,313.290999
0.125272986,0.187270001,0.00150000001,4396.89304,313.527071
0.131693768,0.181459104,0.00150000001,4396.39235,313.216546
0.126384141,0.186351657,0.00350000011,4396.94885,313.00864
0.124739522,0.187147815,0.00350000011,4389.68354,313.219021
0.128145038,0.184810637,0.00350000011,4390.38035,312.81127
0.132996493,0.180428954,0.00350000011,4400.04419,312.818673
0.128546865,0.185604894,0.00150000001,4383.45666,313.370687
0.126555623,0.187129019,0.00350000011,4385.20946,313.102583
0.122157729,0.185538909,0.00150000001,4367.29617,313.43352
0.133459936,0.180686637,0.00350000011,4399.96003,312.835493
0.126615006,0.18801416,0.00150000001,4388.53504,313.569764
0.125723238,0.188558291,0.00150000001,4400.17966,313.634021
0.123549796,0.18769697,0.00216975206,4379.43439,313.611102
0.134411362,0.180874127,0.00150000001,4400.45452,313.170602
0.13258631,0.182262102,0.00350000011,4402.23446,312.78599
0.129317221,0.187413033,0.00150000001,4414.05104,313.455282
0.127176814,0.189711979,0.00296861886,4407.22981,313.639528
0.131575019,0.186004175,0.00150000001,4399.16501,313.392571
0.131468989,0.185813402,0.00350000011,4406.30549,312.843147
0.12842363,0.189536839,0.00150000001,4414.13974,313.631461
0.134299574,0.184322127,0.00150000001,4400.85808,313.355893
0.129483169,0.189777006,0.00150000001,4394.1222,313.622261
0.135374279,0.184333322,0.00350000011,4400.38805,312.855655
0.137926448,0.182652697,0.00150000001,4402.94551,313.24863
0.137179687,0.183272866,0.00350000011,4401.23466,312.921384
0.138225353,0.18212255,0.0020078592,4402.96805,313.134241
0.135375476,0.185626008,0.00150000001,4389.96743,313.409221
0.129502702,0.190830524,0.00150000001,4411.48855,313.711673
0.132347634,0.188631904,0.00350000011,4412.58481,313.035639
0.13870424,0.18325486,0.00350000011,4402.99667,312.982108
0.130417481,0.191338729,0.00150000001,4408.36151,313.732812
0.137502223,0.185038209,0.00150000001,4395.8266,313.361358
0.138722542,0.184303217,0.00350000011,4400.59197,312.943926
0.139158224,0.182987314,0.00350000011,4403.81385,313.016786
0.13252598,0.19076877,0.00150000001,4422.47303,313.611502
0.138123523,0.184832232,0.00350000011,4398.10486,312.911161
0.139465101,0.182984572,0.00350000011,4402.335,313.038339
0.133877965,0.18912953,0.00350000011,4390.17286,313.053316
0.133431624,0.190219,0.00150000001,4412.79655,313.579603
0.138741367,0.185347632,0.00350000011,4396.71213,312.915291
0.131948072,0.19149676,0.00350000011,4403.64762,313.430872
0.137523081,0.187171952,0.00150000001,4383.44279,313.454924
0.13814355,0.185871542,0.00350000011,4394.48355,312.896854
0.133462854,0.191475779,0.00350000011,4405.27597,313.330704
0.132249855,0.192356581,0.00150000001,4413.85761,313.75184
0.136417898,0.188897757,0.00350000011,4388.39388,312.994029
0.13742077,0.187660255,0.00350000011,4378.00256,312.922725
0.136173629,0.190148274,0.00150000001,4398.56565,313.581341
0.140922251,0.183620829,0.00336465031,4397.05406,313.101865
0.136328389,0.190411157,0.00150000001,4390.31524,313.598432
0.135722615,0.190959642,0.00150000001,4387.57945,313.625623
0.137241801,0.18985246,0.00150000001,4379.05428,313.575819
0.142216653,0.185210546,0.00150000001,4369.29051,313.325808
0.14219264,0.184326607,0.00271910599,4378.4431,313.159546
0.135279857,0.192296223,0.00150000001,4413.40908,313.691042
0.139975065,0.187641511,0.00150000001,4372.20053,313.430098
0.133787728,0.193037867,0.00350000011,4414.54726,313.553137
0.139553147,0.190055634,0.00150000001,4370.58704,313.533729
0.143284186,0.184933015,0.00258049501,4363.23715,313.176722
0.143616428,0.186329929,0.00350000011,4349.30652,313.029035
0.141736393,0.190011683,0.00150000001,4368.56414,313.46906
0.140664418,0.190436101,0.00350000011,4363.48934,312.955112
0.137884438,0.193247972,0.00350000011,4415.50671,313.272898
0.143789398,0.187636491,0.00350000011,4350.86342,312.972571
0.139109295,0.194069505,0.00150000001,4399.80052,313.704428
0.146011392,0.186448135,0.00276621892,4365.74869,313.193486
0.138367616,0.195929096,0.00199496818,4419.00881,313.838345
0.137554718,0.195477482,0.00336494321,4418.47439,313.737556
0.140191707,0.195039453,0.00350000011,4412.36978,313.350454
0.147375352,0.187205884,0.00256544186,4367.27548,313.2134
0.139533334,0.196576717,0.00243953649,4439.68297,313.806671
0.145495658,0.190474046,0.00350000011,4366.26057,312.900357
0.138919778,0.196235852,0.00337431417,4424.00715,313.726622
0.142784743,0.194602253,0.00150000001,4412.44992,313.667179
0.147012157,0.190456142,0.00350000011,4375.37307,312.911434
0.147940121,0.190933477,0.00150000001,4359.18683,313.368276
0.144821966,0.19413838,0.00150000001,4425.40084,313.571007
0.144359378,0.194857688,0.00150000001,4440.4476,313.616119
0.141425727,0.197455346,0.00150000001,4448.60471,313.844755
0.14990028,0.18948731,0.00150000001,4366.42737,313.301199
0.14598207,0.19320167,0.00350000011,4415.23649,312.906642
0.141880538,0.197880716,0.00212658834,4457.65368,313.834254
0.147848054,0.192464417,0.00150000001,4399.11905,313.412215
0.14623173,0.194176936,0.00150000001,4439.22325,313.519855
0.151193112,0.189326866,0.00248002042,4363.39895,313.16515
0.146664378,0.194205556,0.00350000011,4446.90229,312.940088
0.148818645,0.193036546,0.00350000011,4419.34468,312.859642
0.151610501,0.189558748,0.00164860283,4367.2598,313.208563
0.149780288,0.193088853,0.00150000001,4422.63982,313.392105
0.150132674,0.193298493,0.00350000011,4432.07382,312.839548
0.152437176,0.19222178,0.00150000001,4407.78601,313.278006
0.144863034,0.199537665,0.00282965085,4486.14276,313.803294
0.149365387,0.195457655,0.00350000011,4483.96784,312.94357
0.150940848,0.193805746,0.00350000011,4455.1545,312.854543
0.153775513,0.190761531,0.00252038065,4210.11983,313.019206
0.148663749,0.196011732,0.00150000001,4485.83112,313.593551
0.148289972,0.196888999,0.00150000001,4495.38224,313.660285
0.146456182,0.198693289,0.00150000001,4483.92753,313.807304
0.145109681,0.199674691,0.0032299305,4498.46349,313.759762
0.147922544,0.197262356,0.00350000011,4498.30412,313.170228
0.154621493,0.192465984,0.00150000001,4455.83785,313.26506
0.146825599,0.20062797,0.00225003272,4522.33339,313.867054
0.154740204,0.190475021,0.00225832888,4398.29658,313.080188
0.147224091,0.200849359,0.00271919808,4519.38612,313.863995
0.148699528,0.200404793,0.00150000001,4521.22255,313.901466
0.151937966,0.197131072,0.00350000011,4518.87288,313.06353
0.155082738,0.193661572,0.00350000011,4486.22131,312.847236
0.157022957,0.190418807,0.00150000001,4487.75183,313.209147
0.156314315,0.194646437,0.00150000001,4515.41806,313.437967
0.148944003,0.201804868,0.00177909308,4531.62643,313.954574
0.153017062,0.199828547,0.00150000001,4539.40577,313.880654
0.157482539,0.194772259,0.00350000011,4519.91696,312.904275
0.153284152,0.199628279,0.00350000011,4538.89612,313.345358
0.158023751,0.189333961,0.00350000011,4509.19964,312.902681
0.151811853,0.201385779,0.00350000011,4542.39325,313.5831
0.156074225,0.197343051,0.00350000011,4533.69658,313.105301
0.160065406,0.193483029,0.00350000011,4529.1444,312.847141
0.160899935,0.193954689,0.00150000001,4534.72286,313.448811
0.152749494,0.203611231,0.00233203933,4554.08005,314.013334
0.154683156,0.201434351,0.00150000001,4546.3949,314.01049
0.158548449,0.197769817,0.00150000001,4539.42684,313.749791
0.162371671,0.1932439,0.00350000011,4536.84184,312.881318
0.163221089,0.19275271,0.00350000011,4540.65335,312.871515
0.163587313,0.191056697,0.00150000001,4541.5731,313.301008
0.160813299,0.195968109,0.00150000001,4542.04092,313.626971
0.163730864,0.19152182,0.00350000011,4538.45383,312.816962
0.156740757,0.201150362,0.00150000001,4546.43054,314.009452
0.162701729,0.194474283,0.00350000011,4536.14609,313.01342
0.157532938,0.200987729,0.00150000001,4545.97448,314.007527
0.16140544,0.197029148,0.00150000001,4545.97141,313.7466
0.165941497,0.191324878,0.00150000001,4537.54339,313.414402
0.164337006,0.190486317,0.00350000011,4529.71574,312.766044
0.16373526,0.188929671,0.00350000011,4545.54711,312.733574
0.156316429,0.203273356,0.00163485396,4547.43092,314.129794
0.156937236,0.20191665,0.00350000011,4546.78081,313.753027
0.155772291,0.203476751,0.00271942454,4547.76037,314.066753
0.158612913,0.201707791,0.00150000001,4546.1695,314.078488
0.167202659,0.191294737,0.00150000001,4539.86131,313.4578
0.158039312,0.201759727,0.00350000011,4546.24768,313.79673
0.162432069,0.186201767,0.0022864007,4551.39672,313.016717
0.16050888,0.200311394,0.00350000011,4545.10553,313.729484
0.157924437,0.20224294,0.00350000011,4546.53094,313.885676
0.162209746,0.200052781,0.00246739185,4545.29273,314.023826
0.16675733,0.189378873,0.00150000001,4543.07746,313.296245
0.161496129,0.200449238,0.00282432108,4546.03457,314.003307
0.162282315,0.198844467,0.00350000011,4544.24856,313.610231
0.166030787,0.195515174,0.00350000011,4544.90703,313.361178
0.168123116,0.193984104,0.00150000001,4545.31292,313.727975
0.16586385,0.187765102,0.00150000001,4534.28301,313.181911
0.17042873,0.192177344,0.00150000001,4544.02017,313.660918
0.167352398,0.188427708,0.00350000011,4544.20021,312.729111
0.170142889,0.193744344,0.00350000011,4545.48639,313.410766
0.170479746,0.190042724,0.00150000001,4538.70204,313.494612
0.165142291,0.185561334,0.00350000011,4554.81644,312.804514
0.168547216,0.196358553,0.00150000001,4545.53395,313.972663
0.171478639,0.192991882,0.00150000001,4546.25494,313.768826
0.166829221,0.197486409,0.00336387195,4545.0181,313.896502
0.169108776,0.196219987,0.00225912263,4545.6624,313.976312
0.170543643,0.194554602,0.00150000001,4546.22714,313.88157
0.169197476,0.188559061,0.00350000011,4542.592,312.78679
0.167844548,0.187164224,0.00350000011,4538.59918,312.702524
0.166770515,0.185696694,0.00150000001,4547.93235,313.110491
0.166397088,0.183998974,0.00243690425,4551.11303,312.947709
0.173261604,0.189109576,0.00150000001,4531.95353,313.491638
0.167299319,0.183497736,0.00218043163,4544.52919,312.94187
0.170739965,0.186404135,0.00350000011,4525.0104,312.705765
0.174154112,0.189114695,0.00350000011,4530.27106,313.007014
0.168101255,0.183052215,0.00271295362,4541.53223,312.889024
0.176512019,0.191240734,0.00150000001,4524.19333,313.77458
0.168693712,0.182723068,0.00217955949,4566.93341,312.899394
0.170410446,0.183673643,0.00150000001,4554.84554,313.040464
0.172786366,0.186912468,0.00350000011,4520.50166,312.760878
0.174763097,0.188599902,0.00350000011,4521.03876,312.97536
0.17152859,0.184601518,0.00350000011,4535.78409,312.65372
0.17566999,0.18912189,0.00350000011,4517.99917,313.089322
0.172583229,0.185392499,0.00350000011,4516.38855,312.679143
0.174483695,0.186348105,0.00150000001,4513.84688,313.30614
0.169818785,0.18209803,0.00336687639,4553.79597,312.813064
0.178734514,0.190872358,0.00233323215,4499.51698,313.781505
0.172159599,0.183048875,0.00350000011,4543.14238,312.628499
0.175277152,0.185556987,0.00150000001,4512.22034,313.259278
0.171715948,0.182257169,0.00350000011,4545.09688,312.657502
0.173524793,0.183329964,0.00350000011,4534.88995,312.607497
0.172001448,0.180885446,0.00210235894,4551.6164,312.826457
0.178870641,0.187318869,0.00350000011,4489.62732,312.992532
0.178492692,0.185497467,0.00150000001,4505.26632,313.259555
0.179667496,0.186050053,0.00150000001,4510.66638,313.322455
0.176585159,0.182863504,0.00350000011,4533.88254,312.568244
0.176737405,0.18260127,0.00350000011,4537.03627,312.557247
0.179320874,0.184220088,0.00150000001,4523.46875,313.144218
0.180729618,0.185811028,0.00150000001,4509.45557,313.323783
0.180238696,0.183747308,0.00150000001,4539.60821,313.092333
0.182974626,0.18764958,0.00350000011,4512.50782,313.279294
0.175253082,0.179426012,0.00350000011,4572.28625,312.57978
0.179681003,0.183714783,0.00350000011,4525.01192,312.572625
0.179330925,0.181829968,0.00350000011,4561.2678,312.459954
0.180494283,0.181464021,0.00150000001,4566.43392,312.935021
0.176988003,0.178288353,0.00150000001,4589.29521,312.7305
0.185254388,0.186382195,0.00150000001,4512.86859,313.450798
0.181575661,0.182533905,0.00350000011,4554.82644,312.472952
0.182888853,0.183737841,0.00350000011,4534.25356,312.591326
0.185269205,0.186374975,0.00350000011,4512.86276,313.149926
0.178156005,0.178679168,0.00350000011,4587.8027,312.445286
0.185572128,0.186380023,0.00350000011,4512.8297,313.168392
0.17763681,0.177754685,0.00334246252,4590.38248,312.528345
0.185860062,0.186913714,0.00316622383,4512.84472,313.436133
0.181632736,0.18001696,0.00350000011,4597.11499,312.345795
0.184859363,0.183480337,0.00350000011,4537.98029,312.590849
0.187096076,0.185879957,0.00350000011,4512.74699,313.138953
0.187006724,0.186276687,0.00166682652,4512.80152,313.448705
0.1870642,0.182879658,0.00150000001,4561.31816,313.021753
0.187593563,0.182998865,0.00350000011,4556.56231,312.551948
0.189093806,0.185117194,0.00227480176,4504.92209,313.223316
0.187894982,0.183005264,0.00350000011,4567.66496,312.552027
0.182228051,0.176579047,0.00150000001,4633.18923,312.620011
0.187935057,0.181308643,0.00150000001,4615.82908,312.88803
0.187191585,0.180610732,0.00350000011,4635.87027,312.297731
0.183580616,0.175309668,0.00150000001,4658.61582,312.515733
0.186592155,0.178524946,0.00350000011,4655.69136,312.212746
0.188687569,0.180573556,0.00350000011,4642.53859,312.306189
0.187253148,0.178482437,0.00150000001,4659.57285,312.753973
0.190956994,0.182367393,0.00150000001,4612.04983,312.963942
0.19050742,0.184895654,0.00320410779,4541.3179,313.051113
0.184608374,0.176118581,0.00350000011,4655.84933,312.199649
0.190312946,0.181974836,0.00350000011,4626.67162,312.444699
0.186597707,0.177625203,0.00350000011,4664.06932,312.190465
0.184187964,0.174804943,0.00150000001,4658.94224,312.478068
0.188420652,0.178969852,0.00350000011,4659.33635,312.225114
0.193023183,0.183514935,0.00350000011,4631.46582,312.605292
0.188432559,0.178064851,0.00350000011,4667.66785,312.193518
0.184472502,0.174298342,0.00350000011,4673.79995,312.176161
0.187173639,0.176112303,0.00350000011,4675.51014,312.157596
0.190056324,0.179036728,0.00150000001,4666.58596,312.802857
0.18963255,0.178233757,0.00150000001,4675.19105,312.76072
0.193604333,0.185417724,0.00150000001,4647.75144,313.22927
0.187029114,0.174880492,0.00150000001,4679.46583,312.551359
0.190546527,0.178001475,0.00150000001,4676.83558,312.765646
0.192277579,0.179660714,0.00150000001,4671.42644,312.854107
0.192331109,0.179730229,0.00350000011,4674.17655,312.282981
0.186386624,0.173473815,0.00150000001,4688.76302,312.390353
0.193053282,0.186136098,0.00350000011,4643.40629,313.082943
0.196091167,0.182895332,0.00350000011,4684.47782,312.480792
0.190999579,0.177191585,0.00350000011,4683.49232,312.187782
0.189983083,0.175705525,0.00350000011,4686.87136,312.150317
0.194167512,0.179058659,0.00150000001,4680.73899,312.848491
0.195750276,0.180638927,0.00350000011,4688.19235,312.353861
0.190714998,0.175869341,0.00350000011,4688.20438,312.163562
0.192811682,0.176717419,0.00150000001,4688.32359,312.740684
0.194920563,0.187347398,0.00162954213,4673.05478,313.408727
0.189177682,0.173469079,0.00350000011,4693.15705,312.080519
0.194566142,0.177857177,0.00150000001,4688.33958,312.80892
0.197929724,0.181310545,0.00150000001,4678.72822,312.970493
0.197189186,0.18629974,0.00350000011,4681.55091,312.836712
0.199468676,0.184549125,0.00150000001,4676.09037,313.090505
0.190957838,0.173947346,0.00150000001,4693.9293,312.519212
0.199927345,0.184797684,0.00150000001,4687.32621,313.09599
0.189660584,0.171765695,0.00242375331,4699.32427,312.079784
0.199490448,0.185577089,0.00150000001,4680.37829,313.144008
0.191937815,0.173960683,0.00350000011,4694.40335,312.149205
0.196007246,0.178202851,0.00350000011,4690.01926,312.328794
0.199784465,0.181841154,0.00350000011,4686.61882,312.469218
0.191112709,0.172655504,0.00150000001,4695.72561,312.378882
0.196725046,0.188349891,0.00166658079,4690.01317,313.468355
0.195575867,0.177405745,0.00350000011,4690.3938,312.310748
0.193544822,0.174475999,0.00150000001,4693.62001,312.576556
0.198164566,0.187347263,0.00350000011,4698.03727,312.94435
0.191462825,0.17226498,0.00350000011,4695.89638,312.089866
0.202525992,0.18406104,0.00350000011,4686.70394,312.575412
0.200457052,0.179465653,0.00150000001,4694.52321,312.942422
0.196291026,0.175075008,0.00150000001,4692.14848,312.625603
0.202763208,0.181262146,0.00150000001,4693.60311,313.037227
0.197340056,0.17530897,0.00350000011,4692.42012,312.397291
0.205747051,0.183359841,0.00350000011,4694.30215,312.626872
0.202247993,0.187629602,0.00150000001,4691.55058,313.24085
0.203565102,0.186405987,0.00350000011,4695.28859,312.668379
0.199500915,0.176338125,0.00150000001,4692.33819,312.726445
0.201798186,0.178135417,0.00150000001,4693.73351,312.865573
0.202911693,0.187336605,0.00350000011,4697.70487,312.73465
0.206356332,0.182357858,0.00350000011,4694.22435,312.654981
0.201898957,0.17749678,0.00222548015,4693.55096,312.721736
0.20316067,0.188147983,0.00150000001,4685.5886,313.252903
0.20649716,0.184829281,0.00150000001,4694.91985,313.183238
0.203826579,0.179750144,0.00350000011,4695.4948,312.631534
0.202427185,0.189043068,0.00350000011,4704.0396,312.938196
0.205398697,0.18029789,0.00350000011,4696.03297,312.692502
0.204653074,0.179026845,0.00216146534,4695.54694,312.834287
0.206545586,0.180943693,0.00150000001,4696.80162,313.032328
0.203969002,0.1786468,0.00335572222,4694.99477,312.732451
0.20263759,0.190799077,0.00350000011,4713.54944,313.202913
0.209418282,0.183937094,0.00350000011,4694.16859,312.717097
0.20868828,0.181961476,0.00150000001,4697.00649,313.071144
0.204018869,0.189116777,0.00350000011,4691.38932,312.867677
0.206097809,0.187507981,0.00350000011,4687.76965,312.713542
0.209296265,0.181953006,0.00150000001,4697.38633,313.064083
0.204512351,0.189396978,0.00350000011,4703.45793,312.881494
0.202481301,0.191547813,0.00216608423,4708.52049,313.558205
0.208776444,0.181317605,0.00321962595,4697.12262,312.884611
0.210816015,0.182450697,0.00179706032,4697.10466,313.021493
0.209881743,0.185254274,0.00350000011,4692.07367,312.687046
0.211385905,0.183114843,0.00350000011,4695.38738,312.855052
0.203862935,0.192315384,0.00283335305,4723.88111,313.545124
0.207619831,0.189852698,0.00350000011,4689.7547,312.824818
0.204541872,0.192692571,0.00166662451,4702.55814,313.624268
0.206279928,0.191743018,0.00350000011,4703.77033,313.097085
0.211424021,0.186816618,0.00350000011,4681.83172,312.680482
0.213088049,0.185453976,0.00350000011,4679.82396,312.780526
0.213463916,0.185305757,0.00150000001,4672.94045,313.148751
0.213598636,0.183996594,0.00176476836,4685.34348,313.052208
0.205472067,0.193209344,0.00333298194,4701.95499,313.531964
0.210237778,0.188909017,0.00150000001,4671.79776,313.293621
0.211103289,0.187903924,0.00150000001,4671.37918,313.234321
0.213749118,0.184253587,0.00150000001,4682.04513,313.107154
0.205931341,0.1934645,0.00333320084,4705.56799,313.540917
0.214279195,0.184374692,0.00323466853,4673.77004,312.957191
0.21335211,0.187130415,0.00150000001,4661.88516,313.185194
0.211889391,0.188137858,0.00350000011,4663.52818,312.682122
0.214467008,0.186745632,0.00350000011,4644.061,312.759098
0.206905842,0.193832889,0.00150000001,4698.77985,313.629845
0.207077349,0.194101169,0.0031665437,4705.57156,313.579398
0.208454037,0.194865998,0.00318115506,4711.634,313.58023
0.215387809,0.188311869,0.00350000011,4642.25995,312.705487
0.217626438,0.186234267,0.00227962098,4648.1396,313.026636
0.215383845,0.189962376,0.00150000001,4661.37629,313.196596
0.212365609,0.192662202,0.00350000011,4681.18466,312.890896
0.217954105,0.186416309,0.00321678067,4652.96189,312.968786
0.21328105,0.193169771,0.00350000011,4687.84613,312.888609
0.210117965,0.19561633,0.00350000011,4713.18839,313.451114
0.218646603,0.186801028,0.00282808945,4657.22516,312.994425
0.21324095,0.193743373,0.00150000001,4692.27707,313.451953
0.216169843,0.190712637,0.00150000001,4665.59824,313.203034
0.213285414,0.194231786,0.00350000011,4699.47106,312.993272
0.211476645,0.196372145,0.00150000001,4722.98056,313.668669
0.216785474,0.191214023,0.00150000001,4671.01835,313.18863
0.211487481,0.196377393,0.00350000011,4730.30551,313.459973
0.215778301,0.192983366,0.00150000001,4693.99957,313.310477
0.218411589,0.189933606,0.00150000001,4657.70653,313.160551
0.215054711,0.194254684,0.00150000001,4710.01351,313.42102
0.216230572,0.193236475,0.00150000001,4707.27095,313.30208
0.214654664,0.194464289,0.00350000011,4704.40197,312.934519
0.217171818,0.194751139,0.00150000001,4738.5304,313.354962
0.215555966,0.196569719,0.00150000001,4728.75499,313.537266
0.22230633,0.188834208,0.00179636785,4662.41058,313.018987
0.214675005,0.197627146,0.00350000011,4746.16111,313.344593
0.217381544,0.19548864,0.00350000011,4740.43763,312.881798
0.223871575,0.190921543,0.00150000001,4659.10625,313.050811
0.222325899,0.192841568,0.00350000011,4725.68471,312.552815
0.218765012,0.197292351,0.00350000011,4777.17061,313.039191
0.217415461,0.199152087,0.00150000001,4782.79171,313.676673
0.220962452,0.196003555,0.00150000001,4781.71661,313.355538
0.223206575,0.194444662,0.00350000011,4767.13835,312.586613
0.225887775,0.190823899,0.00318004453,4469.26578,312.736569
0.225414903,0.193572167,0.00350000011,4777.57516,312.530779
0.222915986,0.197069607,0.00150000001,4811.9127,313.448976
0.226741395,0.193236218,0.00150000001,4770.87673,313.054369
0.223544384,0.197935086,0.00150000001,4820.44379,313.538827
0.222709652,0.199681854,0.00350000011,4827.75798,313.220569
0.226293374,0.195783477,0.00350000011,4809.295,312.67785
0.22796199,0.193865167,0.00350000011,4802.72488,312.550843
0.227913235,0.194250059,0.00150000001,4801.54722,313.143586
0.222010789,0.201680244,0.00350000011,4836.55248,313.541991
0.229724757,0.189681631,0.00150000001,4805.716,312.911028
0.23175203,0.192002718,0.00350000011,4830.24547,312.532256
0.230324125,0.189694251,0.00150000001,4806.37576,312.91843
0.226313242,0.19957147,0.00150000001,4838.38885,313.724311
0.227728384,0.198597437,0.00350000011,4838.18153,313.051794
0.231008755,0.195449713,0.00350000011,4831.08652,312.75109
0.234060486,0.1917775,0.00350000011,4827.34112,312.546497
0.227116596,0.200087145,0.00150000001,4841.87065,313.786197
0.23524802,0.191331453,0.00350000011,4826.50464,312.557616
0.225415967,0.202987008,0.00150000001,4845.56623,314.007668
0.224571254,0.203567796,0.00179727983,4848.82236,313.999897
0.232851429,0.195978614,0.00350000011,4838.29501,312.890766
0.232744369,0.18782899,0.00350000011,4830.97864,312.621713
0.230603362,0.199062359,0.00150000001,4841.29934,313.730385
0.235588646,0.19384272,0.00350000011,4839.1808,312.781515
0.228988715,0.201503778,0.00150000001,4843.78736,313.943438
0.229653814,0.200478378,0.00350000011,4843.61198,313.432923
0.236061231,0.189871619,0.00350000011,4839.66025,312.518596
0.227935922,0.202855916,0.00150000001,4845.13574,314.038521
0.234245208,0.187635303,0.00150000001,4845.72486,312.908387
0.236954797,0.190456963,0.00350000011,4830.57193,312.562326
0.228386775,0.203251251,0.00226220185,4845.56173,314.039106
0.233332846,0.198119214,0.00150000001,4843.19736,313.705379
0.235011686,0.196326707,0.00150000001,4842.58062,313.575432
0.233324098,0.198643081,0.00150000001,4843.0759,313.762111
0.238905009,0.192853936,0.00150000001,4840.28859,313.405887
0.237399871,0.190079749,0.00350000011,4834.07596,312.55478
0.237512305,0.188981676,0.00350000011,4838.67627,312.521131
0.231841436,0.20136851,0.00239430419,4842.99548,313.960949
0.239677705,0.190911826,0.00150000001,4842.46959,313.245737
0.23478879,0.198345461,0.00350000011,4841.56747,313.424171
0.239621912,0.193916655,0.00150000001,4844.06925,313.531286
0.235562076,0.186287935,0.00350000011,4841.96269,312.613363
0.232536953,0.200982111,0.00177118929,4842.82072,313.971665
0.233208785,0.200608872,0.00163021245,4842.84369,313.966951
0.235545076,0.19861789,0.00350000011,4842.51338,313.541752
0.234232982,0.200039876,0.00335392884,4842.6594,313.823907
0.236620643,0.197847178,0.00350000011,4842.16323,313.492335
0.238068671,0.187738853,0.00350000011,4844.22907,312.503744
0.2415041,0.190435248,0.00150000001,4837.30276,313.280942
0.24018715,0.194996403,0.00350000011,4843.89742,313.279484
0.24185529,0.193025759,0.00350000011,4843.65326,313.084705
0.237365816,0.198299412,0.00271562202,4842.21394,313.842076
0.242007283,0.190416506,0.00150000001,4838.77068,313.294772
0.242424325,0.193539725,0.00350000011,4844.46234,313.207575
0.238333297,0.186698418,0.00350000011,4835.23442,312.488551
0.240416901,0.195894408,0.00150000001,4843.73227,313.753172
0.236966191,0.185151541,0.00150000001,4840.04127,312.847678
0.24161465,0.189303925,0.00150000001,4834.28882,313.173307
0.243842565,0.192468037,0.00350000011,4844.02463,313.123062
0.239123748,0.197322781,0.00164097073,4842.80948,313.863393
0.24067151,0.188304381,0.00150000001,4840.53703,313.043506
0.240038651,0.196814503,0.00164697422,4843.6811,313.849708
0.237339262,0.184586655,0.00251726033,4858.95481,312.71479
0.242761584,0.195301761,0.00247262298,4845.48072,313.759458
0.241743749,0.188343861,0.00150000001,4834.71581,313.085543
0.243006441,0.195165729,0.00253055329,4846.38763,313.745255
0.237835907,0.184483949,0.00350000011,4839.31511,312.628685
0.240950394,0.187606784,0.00350000011,4834.76498,312.496215
0.245818086,0.192229329,0.00350000011,4843.76674,313.219692
0.245190712,0.193085098,0.00150000001,4845.19394,313.625577
0.243925963,0.189634572,0.00350000011,4836.28255,312.7401
0.245977191,0.191253646,0.00150000001,4839.70523,313.471557
0.245695774,0.190920862,0.00350000011,4838.65351,312.986943
0.242717647,0.187742465,0.00150000001,4833.11138,313.072061
0.246682403,0.19312353,0.00178626268,4843.28106,313.690009
0.246560057,0.193019412,0.00350000011,4844.33359,313.454661
0.245426777,0.189877138,0.00350000011,4836.51497,312.817818
0.246908348,0.192998001,0.00293345727,4844.24307,313.620061
0.245241697,0.188840367,0.00150000001,4831.06732,313.235038
0.239953161,0.183991398,0.00350000011,4839.6177,312.525652
0.247840085,0.192480374,0.0016642439,4834.65579,313.659424
0.243338534,0.186101957,0.00150000001,4834.29973,312.942781
0.243354027,0.184528855,0.00150000001,4841.96066,312.820467
0.250620345,0.190935781,0.00241922164,4800.75046,313.527086
0.242674765,0.181622489,0.00246671931,4841.75991,312.606685
0.242837188,0.181532253,0.00164710091,4843.85119,312.660799
0.251446633,0.189784492,0.00150000001,4802.67814,313.440286
0.247697867,0.185145197,0.00150000001,4817.30314,312.954083
0.250130696,0.187414242,0.00150000001,4807.56538,313.144231
0.248174996,0.185163663,0.00150000001,4817.0579,312.954155
0.252385463,0.189955159,0.00290721478,4807.67343,313.43722
0.251473786,0.187695226,0.00150000001,4809.20704,313.203782
0.246318339,0.183024227,0.00350000011,4832.06669,312.310258
0.25260257,0.189834547,0.00335629358,4810.62415,313.369063
0.245923614,0.181716969,0.00150000001,4857.95561,312.649301
0.251489802,0.186650274,0.00150000001,4811.53026,313.081074
0.246084033,0.180939042,0.00150000001,4852.63054,312.619727
0.251941384,0.186397786,0.00150000001,4816.88719,313.055979
0.248997416,0.184088983,0.00350000011,4827.95662,312.335377
0.246994464,0.180434265,0.00150000001,4861.47945,312.605461
0.24694087,0.179252427,0.00233377459,4874.42329,312.461221
0.247750482,0.179667828,0.00350000011,4865.97669,312.290151
0.246929974,0.179258484,0.00333320913,4867.97412,312.415408
0.247915342,0.178884214,0.00350000011,4869.41939,312.33239
0.251793281,0.181563837,0.00150000001,4858.17366,312.701073
0.248828655,0.178896514,0.00150000001,4878.32218,312.521598
0.253049448,0.183212006,0.00350000011,4842.51968,312.226339
0.249725224,0.179438164,0.00350000011,4861.06599,312.205395
0.256853665,0.186262307,0.00150000001,4816.52865,313.077394
0.25547603,0.184782535,0.00350000011,4812.634,312.434041
0.249744535,0.178387622,0.00150000001,4880.32729,312.49587
0.252429841,0.181037656,0.00350000011,4861.31648,312.133213
0.251395154,0.179202049,0.00350000011,4877.89614,312.143714
0.254605541,0.182739509,0.00350000011,4856.11858,312.163298
0.257443813,0.185243336,0.00150000001,4814.00617,312.939121
0.258188375,0.186558304,0.00150000001,4816.0555,313.105704
0.252294122,0.179735511,0.00350000011,4873.12002,312.120971
0.257745529,0.185073448,0.00350000011,4816.16316,312.567861
0.256403307,0.183227979,0.00350000011,4845.55656,312.227322
0.258952772,0.18630666,0.002043783,4809.67998,313.07278
0.253650155,0.180006682,0.00350000011,4883.1215,312.084299
0.257306702,0.183763742,0.00350000011,4823.09657,312.321999
0.257302704,0.183427255,0.00150000001,4837.77319,312.739135
0.251578383,0.177369749,0.00150000001,4908.93954,312.422136
0.255513511,0.181013948,0.00150000001,4888.32682,312.610358
0.251513359,0.176712162,0.00266592906,4911.77729,312.277054
0.259953331,0.185577772,0.00150000001,4809.85251,312.954319
0.255595551,0.180262931,0.00350000011,4897.08736,312.03446
0.256877319,0.180881739,0.00350000011,4908.78624,312.030611
0.258232117,0.182216525,0.00350000011,4874.29145,312.118743
0.258340023,0.180171982,0.00150000001,4919.88873,312.566826
0.256430906,0.177938093,0.00150000001,4930.61739,312.488424
0.260547122,0.181992101,0.00150000001,4890.31677,312.610835
0.261843586,0.184347187,0.00350000011,4780.75586,312.46502
0.260540205,0.180821004,0.00150000001,4930.87605,312.559496
0.255253743,0.174806477,0.00350000011,4958.43021,312.060935
0.2552563,0.174805708,0.00150000001,4956.99121,312.273789
0.263075662,0.184862155,0.00150000001,4870.11225,312.780653
0.260191544,0.178845882,0.00150000001,4950.2483,312.522291
0.260460522,0.178091793,0.00150000001,4958.04619,312.499606
0.256617625,0.174573041,0.00150000001,4970.84762,312.280175
0.262755238,0.180617993,0.00350000011,4944.06152,311.99829
0.264395734,0.181413953,0.00150000001,4947.22748,312.542465
0.265311466,0.182441884,0.00150000001,4951.74145,312.574251
0.264516281,0.181663593,0.00350000011,4946.30117,312.030535
0.266607523,0.183211789,0.00350000011,4962.5342,312.108863
0.258996596,0.175722076,0.00150000001,4966.16195,312.399568
0.261241604,0.17760373,0.00350000011,4967.43842,311.918929
0.266818332,0.181866084,0.00150000001,4959.76309,312.556149
0.259762151,0.175255469,0.00350000011,4976.15471,311.914103
0.261010579,0.176269846,0.00350000011,4973.59237,311.90549
0.267652257,0.18396874,0.00350000011,4950.32111,312.156252
0.26103882,0.175730967,0.00150000001,4977.35108,312.406418
0.264590137,0.178952793,0.00150000001,4969.61844,312.505591
0.259378382,0.173262509,0.00150000001,4993.40291,312.228462
0.266277707,0.186643301,0.00150000001,4954.72264,312.887183
0.26005543,0.173690275,0.00150000001,4985.2644,312.273281
0.269570068,0.184509442,0.00150000001,4972.82457,312.62423
0.270760884,0.184007742,0.00150000001,4977.40809,312.573366
0.25978535,0.17218183,0.00333300752,5001.65219,311.920504
0.267585375,0.187716738,0.00255655114,4965.71012,312.934937
0.270755692,0.182488891,0.00350000011,4974.09391,312.031706
0.267459626,0.178740298,0.00150000001,4978.94491,312.481696
0.262245038,0.173326641,0.00150000001,4988.63355,312.264949
0.268847258,0.187551179,0.00350000011,4964.59821,312.628094
0.269908486,0.186589791,0.00150000001,4974.31522,312.741269
0.26367965,0.174410527,0.00350000011,4987.87609,311.925491
0.271514021,0.184916872,0.00350000011,4976.53233,312.132065
0.26276551,0.173151587,0.00150000001,4988.92933,312.253033
0.269232954,0.179203592,0.00350000011,4978.63507,312.001609
0.27106149,0.180740039,0.00150000001,4981.65374,312.523988
0.27394191,0.183407204,0.00150000001,4978.77284,312.557632
0.270735791,0.180730688,0.00350000011,4974.49795,312.014291
0.270084298,0.187893925,0.00150000001,4979.22218,312.856862
0.273489353,0.184466188,0.00150000001,4978.38647,312.582291
0.274225382,0.183861739,0.00150000001,4987.65801,312.561997
0.265020302,0.173346048,0.00350000011,4989.81022,311.975587
0.271630939,0.178655042,0.00150000001,4983.96345,312.496303
0.272380479,0.179413666,0.00350000011,4983.26801,312.088283
0.273876561,0.180931807,0.00350000011,4986.06198,312.08541
0.267900139,0.174164102,0.00166667513,4984.75066,312.252658
0.272416392,0.188502163,0.00350000011,4987.7295,312.475805
0.272861949,0.18823473,0.00350000011,4989.44968,312.392112
0.272819594,0.178624687,0.00150000001,4985.25496,312.503079
0.276865092,0.182924656,0.00350000011,4992.08675,312.097101
0.269277424,0.174929261,0.00166543457,4984.27034,312.301716
0.273709867,0.188359694,0.00150000001,4996.73443,312.751938
0.272825086,0.178109499,0.00350000011,4984.98051,312.16733
0.277317815,0.184217363,0.00350000011,4991.76561,312.07831
0.270085697,0.175378298,0.00249993796,4982.35018,312.265034
0.271633079,0.189965467,0.00181690546,4984.37617,313.064886
0.273789822,0.177436146,0.00266707383,4983.58094,312.369189
0.277345254,0.185743082,0.00350000011,4995.18132,312.070483
0.277509986,0.186240113,0.00150000001,4986.72055,312.585478
0.274684684,0.177933292,0.00333347036,4986.53013,312.344162
0.27557312,0.178426871,0.00333339024,4986.93704,312.364075
0.276720504,0.187834049,0.00150000001,4989.13787,312.648701
0.279297432,0.185289454,0.00150000001,4995.19257,312.565991
0.277345463,0.179411504,0.00333329509,4990.75903,312.400725
0.278767047,0.181065511,0.00350000011,4994.96954,312.28293
0.279521079,0.181830821,0.00350000011,4997.25282,312.261376
0.27957573,0.180650547,0.00333328145,4994.0574,312.439724
0.27835732,0.188525078,0.00150000001,4989.60877,312.64829
0.280344797,0.186175368,0.00150000001,4992.43196,312.565764
0.280139717,0.186580073,0.00350000011,4995.99428,312.0639
0.282346005,0.182189582,0.00273164436,5000.18527,312.521652
0.280453019,0.186563716,0.00350000011,5004.79066,312.06678
0.283146337,0.182634212,0.00226869477,5003.98099,312.556764
0.283648214,0.183520155,0.00150000001,5004.72566,312.610182
0.282914292,0.18436294,0.00350000011,5002.31436,312.228134
0.278690368,0.189192895,0.00150000001,4986.59007,312.655216
0.280289694,0.188760635,0.00150000001,4998.42759,312.627194
0.283412761,0.186364238,0.00150000001,5008.77357,312.566816
0.28468291,0.184798714,0.00150000001,5007.00725,312.603653
0.285401727,0.185080231,0.00150000001,5007.79048,312.605848
0.280441263,0.190414257,0.00150000001,5001.17998,312.67481
0.285510606,0.185874798,0.00150000001,5009.04969,312.590074
0.28278358,0.188938169,0.00150000001,5002.86876,312.572082
0.280670454,0.191488255,0.00150000001,5015.18377,312.713399
0.284625708,0.187329883,0.00350000011,5008.12526,312.112899
0.286513323,0.18592229,0.00350000011,5010.3225,312.27423
0.278430157,0.193741621,0.00203447137,5006.36486,313.092546
0.280030913,0.193416404,0.00150000001,5022.14017,312.896047
0.281054245,0.192212097,0.00150000001,5006.06903,312.76482
0.284507167,0.188987676,0.00150000001,5010.23608,312.560517
0.287312972,0.184949007,0.00333436097,5011.14115,312.502296
0.288171984,0.18767441,0.00150000001,5010.18382,312.582681
0.281936804,0.193620433,0.00350000011,5012.1752,312.471429
0.283295299,0.192709341,0.00350000011,5017.78981,312.274677
0.284455069,0.192377147,0.00150000001,5010.97123,312.680441
0.285661067,0.190500352,0.00150000001,5003.55144,312.564065
0.28143868,0.195413022,0.00293782506,5015.33821,313.033962
0.289207962,0.18843364,0.00350000011,5013.32306,312.17515
0.284914137,0.193361385,0.00350000011,5018.14866,312.246985
0.290113672,0.186850742,0.00350000011,5011.57829,312.390438
0.290569136,0.188149548,0.00350000011,5010.29501,312.269222
0.28363162,0.19663132,0.00163051592,5021.84354,313.107467
0.285497019,0.194920641,0.00350000011,5011.99826,312.359637
0.28433551,0.19702237,0.00279885551,5027.83243,313.065635
0.288403053,0.194307444,0.00150000001,5035.53807,312.647803
0.288826612,0.195705193,0.00350000011,5034.22933,312.291514
0.289317354,0.1958354,0.00150000001,5033.98359,312.729499
0.287531338,0.198624648,0.00350000011,5060.95267,312.865489
0.292764753,0.194347404,0.00150000001,5032.73317,312.601912
0.296039578,0.191185601,0.00150000001,5001.54461,312.559055
0.296021057,0.190132931,0.00350000011,4995.37895,312.333528
0.289053608,0.198951047,0.00150000001,5068.48965,313.002569
0.291913938,0.196208877,0.00350000011,5047.67638,312.228183
0.292925056,0.195743929,0.00350000011,5061.28525,312.147821
0.291150586,0.197530479,0.00350000011,5063.26712,312.406239
0.289215955,0.199387783,0.00350000011,5074.51308,312.856146
0.289492191,0.199887198,0.00242117672,5079.48042,313.119994
0.29634942,0.193755734,0.00350000011,5033.92439,312.080331
0.295150379,0.195817647,0.00150000001,5060.40714,312.686698
0.296674315,0.194905874,0.00150000001,5044.61218,312.65573
0.293375866,0.19966336,0.00150000001,5104.16232,313.014259
0.294911714,0.198057991,0.00150000001,5094.28286,312.845928
0.300575164,0.191709366,0.00150000001,5026.62495,312.617189
0.297248793,0.195754447,0.00350000011,5064.20251,312.153551
0.294946532,0.197965726,0.00350000011,5095.05822,312.323661
0.301477633,0.192251039,0.00150000001,5028.93087,312.62596
0.299618455,0.189987103,0.00333267751,5039.95537,312.422193
0.29984826,0.189859431,0.00283199561,5033.7908,312.478209
0.300070654,0.189735887,0.00166637584,5035.85413,312.569807
0.303158081,0.192024615,0.00150000001,5031.00272,312.626077
0.298002765,0.198041088,0.00350000011,5100.39344,312.347635
0.295017133,0.200646284,0.00350000011,5134.87761,312.727379
0.3019935,0.189360464,0.00350000011,5006.52731,312.34501
0.303767959,0.191473387,0.00350000011,5027.75738,312.135319
0.301387932,0.195745105,0.00350000011,5068.25078,312.214966
0.303182504,0.194359829,0.00150000001,5059.16213,312.71396
0.299544001,0.198029376,0.00350000011,5104.06875,312.370417
0.295823209,0.201366534,0.00350000011,5149.11006,312.844708
0.294848712,0.202863038,0.00266725351,5183.70884,313.294396
0.306146847,0.191793088,0.00150000001,5041.54121,312.653722
0.296055001,0.201819963,0.00350000011,5159.39397,312.928434
0.295995052,0.2023924,0.00350000011,5168.50458,313.026068
0.295308958,0.203106634,0.00266640315,5194.53084,313.335917
0.305559815,0.19381393,0.00150000001,5052.91162,312.728789
0.307200443,0.191971892,0.00150000001,5049.65716,312.694069
0.30241655,0.196613464,0.00350000011,5073.26892,312.302551
0.296683654,0.202954414,0.00150000001,5183.30964,313.41996
0.305055116,0.194579156,0.00150000001,5060.4316,312.764738
0.29697065,0.202540212,0.00350000011,5170.10581,313.072936
0.300793217,0.199367516,0.00350000011,5124.3694,312.586392
0.298994975,0.201006161,0.00350000011,5155.36502,312.812519
0.305944921,0.194186673,0.00350000011,5059.61353,312.222133
0.298445682,0.202258476,0.00150000001,5173.22475,313.369186
0.308293144,0.192002841,0.00150000001,5064.44251,312.733279
0.304608595,0.188080351,0.00350000011,5010.00171,312.35448
0.304227264,0.187426654,0.00266683751,5009.3763,312.560347
0.304580777,0.196495085,0.00350000011,5076.93505,312.378668
0.305034495,0.19671105,0.00150000001,5082.22507,312.917552
0.299157798,0.202802452,0.00350000011,5169.96539,313.200737
0.305338918,0.196256408,0.00350000011,5078.55641,312.392928
0.304111752,0.198286184,0.00150000001,5099.22348,313.040118
0.302932732,0.199620184,0.00350000011,5117.79073,312.739819
0.301226717,0.201103348,0.00150000001,5148.05637,313.271581
0.302214452,0.200430237,0.00350000011,5130.9526,312.852289
0.299785242,0.203473723,0.00225881705,5171.11394,313.615011
0.305900061,0.197295468,0.00350000011,5083.61325,312.576725
0.303387196,0.199882882,0.00350000011,5117.14391,312.834085
0.306677453,0.196517335,0.00350000011,5083.0837,312.525011
0.30816956,0.18858109,0.00350000011,5024.27364,312.168774
0.309067374,0.189360331,0.00350000011,5048.8304,312.142724
0.304300267,0.199892672,0.00350000011,5112.00473,312.904902
0.303367967,0.201460099,0.00350000011,5142.22454,313.244636
0.308997535,0.188771096,0.00350000011,5043.50334,312.146565
0.312495867,0.192006772,0.00350000011,5119.91053,312.431567
0.307542084,0.186267007,0.00350000011,5008.37069,312.345593
0.310548765,0.189361957,0.00350000011,5072.41224,312.146626
0.304887964,0.200787105,0.00165880281,5117.30085,313.484269
0.310008688,0.188107519,0.00150000001,5052.98831,312.677347
0.310017897,0.196549509,0.00350000011,5111.88399,312.846181
0.310797367,0.195770566,0.00350000011,5101.08774,312.813338
0.312655102,0.194213434,0.00350000011,5122.86886,312.760712
0.311270894,0.187900079,0.00150000001,5070.35005,312.698435
0.314237015,0.19059854,0.00150000001,5148.23114,312.977102
0.31038963,0.197730623,0.00274159874,5110.92251,313.428603
0.30942046,0.1980957,0.00150000001,5101.15892,313.370761
0.312274013,0.187900149,0.00150000001,5090.63447,312.724069
0.316504818,0.192446014,0.00150000001,5183.00633,313.337129
0.311060502,0.185347699,0.00150000001,5054.48337,312.624724
0.316487249,0.191014218,0.00150000001,5171.75694,313.240121
0.316181237,0.191073807,0.00350000011,5175.2961,312.739167
0.317321229,0.192505707,0.00350000011,5206.44156,313.152334
0.315239848,0.195036064,0.00216687262,5182.07821,313.584098
0.316623271,0.194267491,0.00183446805,5199.21802,313.679863
0.311208832,0.185094876,0.00150000001,5066.13387,312.616714
0.312500872,0.186543561,0.00150000001,5086.70056,312.672893
0.316307318,0.194272843,0.00350000011,5200.97007,313.361044
0.309999125,0.184065924,0.00317923153,5039.84903,312.371791
0.313210895,0.186727428,0.00350000011,5108.07975,312.124453
0.309999125,0.183906348,0.00338488874,5055.82182,312.349006
0.314790353,0.186703829,0.00150000001,5134.75774,312.766531
0.316259931,0.187901594,0.00150000001,5157.5473,312.966407
0.319969302,0.192237377,0.00166682346,5227.07164,313.908561
0.311044853,0.182514037,0.00350000011,5105.30285,312.217069
0.313457864,0.184501571,0.00350000011,5112.42071,312.10124
0.313536198,0.184303042,0.00150000001,5109.08162,312.649331
0.310000002,0.182311623,0.00296551898,5103.35955,312.442943
0.312537517,0.182021854,0.00350000011,5119.28626,312.130182
0.315531653,0.184424136,0.00350000011,5140.42713,312.154127
0.317051331,0.186532335,0.00350000011,5155.45294,312.403641
0.317840798,0.186673149,0.00350000011,5175.0111,312.516064
0.316832869,0.184316222,0.00350000011,5149.74161,312.268186
0.310000002,0.178720224,0.00217545291,5131.80203,312.517274
0.320484666,0.186362959,0.00150000001,5191.28739,313.458373
0.314360331,0.18054099,0.00350000011,5131.32946,312.088415
0.317604297,0.183460111,0.00350000011,5158.95354,312.334409
0.321699577,0.186850557,0.00150000001,5190.00236,313.72177
0.310603906,0.176179757,0.00350000011,5140.85858,312.279912
0.321999997,0.187105047,0.00266675651,5189.73537,313.821952
0.310000002,0.176886957,0.00179573734,5139.0172,312.5335
0.310000002,0.176678489,0.00293788586,5139.0404,312.457653
0.321999997,0.185797291,0.00316670967,5189.60616,313.664162
0.315837324,0.178986792,0.00150000001,5141.50543,312.626332
0.321999997,0.184490031,0.00266677909,5188.47088,313.623469
0.314755891,0.176613519,0.00150000001,5143.00647,312.553402
0.315197295,0.17641994,0.00350000011,5141.29362,312.03038
0.312594259,0.173458984,0.00150000001,5143.53659,312.478576
0.316307845,0.176094007,0.00150000001,5144.7364,312.563869
0.320935906,0.180826147,0.00150000001,5176.35869,313.155177
0.311520199,0.170046229,0.00150000001,5131.98484,312.44085
0.318168631,0.176624572,0.00150000001,5147.92228,312.652463
0.315090127,0.174055512,0.00350000011,5142.0823,311.971121
0.310000002,0.170251001,0.00216708929,5135.02326,312.42227
0.314348824,0.172747871,0.00350000011,5141.5302,311.942411
0.314756934,0.172413881,0.00150000001,5144.41276,312.438893
0.320935339,0.178727538,0.00150000001,5168.32321,313.037407
0.311672999,0.16873585,0.00150000001,5132.11485,312.411703
0.310151491,0.169099688,0.00350000011,5131.83684,312.236324
0.315221242,0.171102391,0.00150000001,5139.49788,312.397052
0.316337738,0.172243534,0.00350000011,5140.01165,311.948945
0.321999997,0.178453324,0.00316666738,5169.62168,313.157379
0.313029018,0.167779405,0.00350000011,5136.79389,311.883272
0.313825497,0.168212584,0.00150000001,5139.90877,312.341393
0.315924437,0.169876708,0.00350000011,5144.4631,311.876541
0.314755316,0.168211335,0.00150000001,5143.06506,312.33242
0.320032979,0.173466459,0.00350000011,5153.52549,312.316572
0.314662213,0.16753698,0.00350000011,5137.59827,311.798913
0.32003275,0.172941647,0.00350000011,5152.71263,312.299453
0.318941259,0.171112886,0.00150000001,5137.26033,312.525727
0.31481212,0.167282867,0.00350000011,5143.97547,311.785683
0.314748586,0.166629765,0.00150000001,5145.14831,312.297468
0.321999997,0.17405385,0.00215090155,5150.22227,312.974519
0.31688378,0.169066274,0.00350000011,5142.79692,311.895814
0.321999997,0.173810395,0.00204368012,5156.29477,312.9681
0.311216458,0.162529298,0.00350000011,5131.82169,311.858656
0.312983207,0.164046656,0.00350000011,5141.39328,311.752221
0.319094595,0.169800504,0.00150000001,5146.42097,312.492063
0.312094212,0.16259735,0.00350000011,5139.63793,311.762763
0.310000002,0.162523259,0.00163423617,5131.29447,312.207502
0.310000002,0.161761309,0.00256904068,5130.86591,312.106205
0.316321298,0.165537039,0.00150000001,5153.30076,312.292671
0.318963098,0.167954497,0.00350000011,5141.62537,312.013372
0.314785037,0.163830823,0.00350000011,5148.66464,311.689711
0.312926003,0.16107648,0.00150000001,5144.93066,312.143071
0.312543944,0.160872497,0.00350000011,5145.60008,311.650249
0.318490186,0.166116688,0.00150000001,5157.61146,312.375476
0.315376914,0.163191446,0.00150000001,5153.78402,312.205212
0.31545108,0.162598525,0.00350000011,5166.53232,311.642856
0.319872173,0.166900379,0.00350000011,5150.58157,312.086872
0.31349986,0.159798552,0.00350000011,5164.4504,311.550976
0.320329334,0.16716321,0.00350000011,5159.65007,312.161814
0.321392228,0.167440842,0.00150000001,5158.65368,312.598686
0.318219816,0.164005916,0.00150000001,5168.94867,312.318044
0.311763822,0.158382547,0.00150000001,5163.44014,312.035398
0.313711517,0.159384045,0.00350000011,5168.72389,311.528229
0.31354754,0.157894485,0.00350000011,5181.31471,311.470325
0.317064129,0.16084162,0.00150000001,5188.23369,312.177817
0.320334513,0.164026543,0.00150000001,5178.37427,312.404808
0.318985583,0.162179357,0.00150000001,5178.24265,312.289419
0.308684281,0.157936244,0.00350000011,5187.30575,311.733982
0.318009219,0.161088861,0.00350000011,5190.90755,311.733436
0.312183515,0.15531252,0.00150000001,5192.59481,311.932366
0.314279404,0.157354104,0.00350000011,5203.31128,311.446773
0.312427117,0.154820514,0.00150000001,5203.46971,311.915908
0.307594219,0.157769938,0.0028482942,5192.10004,311.930505
0.315371964,0.15784777,0.00350000011,5210.47879,311.484703
0.306916212,0.157461761,0.00274179114,5195.58233,311.933686
0.308977594,0.154749782,0.00350000011,5189.85032,311.348095
0.31665719,0.15755535,0.00150000001,5229.96031,312.074943
0.307452376,0.154882679,0.00150000001,5182.37293,311.869999
0.321999997,0.162963201,0.00333320002,5207.11557,312.449057
0.315962443,0.155810258,0.00150000001,5247.8138,312.014205
0.308784738,0.153169338,0.00150000001,5188.52482,311.782012
0.318486222,0.157850888,0.00150000001,5254.67191,312.159392
0.316482243,0.155757719,0.00150000001,5257.90948,312.030202
0.309865019,0.151422151,0.00150000001,5213.49245,311.698774
0.313005781,0.152419467,0.00350000011,5245.99201,311.269267
0.305799954,0.154795936,0.00350000011,5172.50123,311.462419
0.307309882,0.153342365,0.00350000011,5178.00587,311.249014
0.308893935,0.152015945,0.00350000011,5192.92129,311.152486
0.31496417,0.153632121,0.00350000011,5261.8601,311.390819
0.315448487,0.15328436,0.00150000001,5276.59592,311.930546
0.315360307,0.152380436,0.00150000001,5286.71842,311.892867
0.317734938,0.155179899,0.00350000011,5290.25017,311.595434
0.312395864,0.149598437,0.00350000011,5267.39423,311.186697
0.308792508,0.149932333,0.00150000001,5222.26401,311.571054
0.317941689,0.154405538,0.00350000011,5303.7529,311.615237
0.30377578,0.154208665,0.00350000011,5149.77475,311.455019
0.309414293,0.148572772,0.00350000011,5236.13839,311.007457
0.309908053,0.147470974,0.00350000011,5258.54973,310.993631
0.319615567,0.155149355,0.00350000011,5310.94229,311.804002
0.318960048,0.154301044,0.00150000001,5313.74069,312.120802
0.30540474,0.151161329,0.00150000001,5180.88507,311.59854
0.316877269,0.151636208,0.00350000011,5309.61935,311.535738
0.307608936,0.148750899,0.00350000011,5217.93423,310.943037
0.311311613,0.146278158,0.0031667119,5263.66844,311.135791
0.317081935,0.150802138,0.00150000001,5313.78246,311.920433
0.305534115,0.150255627,0.00150000001,5198.73656,311.527847
0.321999997,0.156409049,0.00316665126,5348.42337,312.294327
0.302710023,0.152723641,0.00150000001,5154.27186,311.711186
0.318673619,0.150828999,0.00150000001,5323.28618,312.01161
0.321874455,0.153821837,0.00216660567,5395.23014,312.302445
0.303401055,0.150531753,0.00150000001,5192.10625,311.517
0.301884057,0.152016783,0.00150000001,5171.11666,311.640786
0.300086633,0.153526645,0.00350000011,5163.40948,311.495033
0.318490882,0.15021871,0.00350000011,5325.08076,311.744489
0.304160808,0.149330789,0.00350000011,5216.56246,310.887147
0.307038872,0.146164737,0.00350000011,5250.02885,310.792183
0.319154078,0.149904472,0.0026659687,5328.08869,311.92164
0.317805385,0.149556172,0.00350000011,5321.33994,311.68029
0.307959297,0.144754381,0.00216663784,5251.12012,310.88011
0.300037224,0.151685067,0.00150000001,5164.05511,311.617408
0.300641521,0.15031843,0.00150000001,5185.02753,311.480361
0.307239858,0.144427365,0.00166666001,5251.57975,310.870619
0.301850701,0.149003371,0.00350000011,5213.6893,310.84143
0.30474912,0.146116191,0.00350000011,5242.02376,310.694979
0.297894045,0.152695582,0.00350000011,5161.60724,311.41349
0.306227738,0.144133611,0.00350000011,5258.06169,310.669013
0.296912297,0.152248788,0.00150000001,5148.31278,311.655696
0.297207761,0.151720513,0.00350000011,5145.70029,311.240855
0.303633354,0.144113768,0.00150000001,5263.83691,310.858531
0.302245834,0.145287476,0.00150000001,5265.58996,311.019761
0.295837848,0.152088979,0.00150000001,5146.29604,311.630544
0.295539865,0.152121358,0.00150000001,5145.80081,311.629474
0.302078916,0.143734049,0.00150000001,5276.18848,310.801491
0.30341507,0.142688822,0.00233335575,5283.81779,310.45574
0.299663529,0.145801589,0.00350000011,5282.56358,310.530713
0.296294382,0.148889246,0.00150000001,5234.16371,311.334307
0.301244149,0.143027416,0.00150000001,5289.90665,310.689563
0.296971977,0.147663609,0.00150000001,5266.24858,311.237939
0.299164995,0.145061915,0.00350000011,5291.67833,310.460951
0.293642107,0.150609431,0.00150000001,5226.0481,311.455901
0.300579279,0.142565985,0.00350000011,5294.4116,310.279558
0.298870098,0.144308315,0.00350000011,5302.18411,310.38952
0.296248693,0.147295199,0.00350000011,5284.44476,310.634826
0.301498418,0.141817619,0.00333324833,5297.25729,310.243323
0.295857383,0.145644266,0.00350000011,5303.99607,310.481348
0.294620697,0.147098061,0.00350000011,5295.69161,310.614596
0.298036985,0.142821137,0.00150000001,5309.62645,310.683382
0.29482474,0.146007267,0.00150000001,5303.41048,311.09719
0.292686528,0.152593463,0.00333619849,5235.58157,311.498944
0.29173963,0.148748613,0.00350000011,5289.12528,310.773793
0.297411919,0.14258445,0.00350000011,5317.52638,310.198614
0.29625413,0.144104656,0.00350000011,5315.67714,310.338326
0.28914833,0.150619031,0.00150000001,5305.36237,311.433867
0.291652616,0.147827195,0.00350000011,5300.89177,310.683757
0.295622718,0.143276864,0.00350000011,5320.87694,310.253923
0.288983367,0.151387722,0.00150000001,5303.79675,311.486351
0.289094294,0.14897601,0.00350000011,5308.09542,310.783972
0.290606039,0.153749289,0.00216707516,5311.39523,311.677729
0.292494111,0.144460523,0.00150000001,5324.42079,310.936958
0.287797686,0.14861843,0.00150000001,5322.69211,311.307062
0.289919488,0.154130702,0.00166669788,5291.92431,311.726929
0.296016348,0.139354823,0.00283207229,5335.16941,309.77653
0.28772637,0.153969484,0.00150000001,5325.42974,311.67584
0.293105312,0.141850418,0.00350000011,5331.88459,310.118928
0.290246211,0.14485745,0.00350000011,5324.63158,310.442964
0.291225751,0.14340557,0.00150000001,5327.42126,310.799052
0.287460681,0.146755538,0.00150000001,5322.04131,311.162945
0.285359035,0.152047276,0.00150000001,5321.04732,311.546684
0.283877281,0.151366834,0.00150000001,5321.61584,311.514433
0.288216491,0.145689224,0.00350000011,5328.07265,310.537229
0.283660322,0.150394457,0.00350000011,5329.4817,310.876909
0.292077659,0.141220126,0.00150000001,5331.52813,310.451155
0.283673449,0.150948537,0.00150000001,5323.65449,311.491638
0.283335023,0.151340603,0.00150000001,5318.05461,311.515618
0.29326966,0.139201443,0.00150000001,5333.34444,310.009591
0.293237128,0.139057741,0.0016666314,5333.25582,309.876032
0.292008321,0.139345383,0.00260551098,5333.09444,309.851343
0.283214434,0.148501686,0.00350000011,5326.67321,310.786079
0.280854644,0.150859665,0.00350000011,5329.2684,310.917668
0.288590972,0.142333368,0.00150000001,5330.55561,310.620757
0.280965896,0.15006194,0.00150000001,5330.40967,311.421929
0.284802905,0.155231711,0.00350000011,5323.55865,311.366897
0.284606899,0.146126998,0.00350000011,5330.57087,310.643518
0.28252711,0.147779016,0.00150000001,5331.23815,311.246922
0.285791806,0.156423863,0.00166668049,5325.68197,311.849757
0.2821573,0.147153654,0.00350000011,5328.4,310.757795
0.288613755,0.141128608,0.00334489879,5331.96602,310.182512
0.285620299,0.142791633,0.00216010592,5330.308,310.508541
0.283051267,0.155404644,0.00150000001,5336.328,311.723562
0.284791451,0.156806594,0.00150000001,5330.36946,311.855563
0.280764173,0.147927714,0.00350000011,5329.77723,310.821761
0.281523426,0.146444837,0.00150000001,5330.28351,311.115024
0.280932477,0.147135623,0.00350000011,5330.27239,310.799654
0.279370048,0.148696085,0.00350000011,5329.3974,310.882624
0.279615802,0.154661012,0.00150000001,5316.64646,311.674796
0.282190753,0.157297714,0.00150000001,5332.30644,311.837313
0.276044413,0.150177446,0.00150000001,5329.37305,311.392839
0.27722908,0.148662011,0.00350000011,5330.08063,310.957638
0.276436097,0.148202549,0.00150000001,5330.70531,311.229347
0.281875437,0.158599625,0.00183303871,5333.6185,311.900319
0.274335233,0.150267933,0.00150000001,5327.87349,311.378595
0.275864455,0.152520991,0.00350000011,5322.48166,311.023603
0.281720225,0.158343776,0.00350000011,5335.57217,311.662273
0.273042891,0.149779086,0.00256526857,5328.95567,311.190153
0.27329194,0.151144918,0.00350000011,5324.66888,311.077693
0.273268311,0.15157089,0.00150000001,5324.20397,311.450269
0.279509523,0.157575577,0.00350000011,5328.34014,311.404752
0.277973887,0.156904534,0.00350000011,5311.63856,311.277333
0.273709946,0.152901906,0.00150000001,5320.98035,311.527
0.275322145,0.154619211,0.00350000011,5311.88283,311.084867
0.27805651,0.158557685,0.00350000011,5325.29974,311.451626
0.274607173,0.155043961,0.00150000001,5306.0252,311.63021
0.277026925,0.157976024,0.00150000001,5318.1688,311.765167
0.271134433,0.152054513,0.00150000001,5311.81684,311.446083
0.270075836,0.151427445,0.00296329715,5307.11824,311.243575
0.275968439,0.158312783,0.00350000011,5313.4621,311.323922
0.271023506,0.153731224,0.00350000011,5301.74185,311.100211
0.276717582,0.159453608,0.00350000011,5328.57107,311.477502
0.274910556,0.158063818,0.00350000011,5300.7977,311.270453
0.276751091,0.160607031,0.00350000011,5331.95869,311.618936
0.271779902,0.157761815,0.00150000001,5276.87866,311.683426
0.275979821,0.161874957,0.0024817686,5336.06901,311.888449
0.271048784,0.156627261,0.00350000011,5277.41695,311.098494
0.26783195,0.152674049,0.00166230359,5255.5663,311.365816
0.272638143,0.158756619,0.00150000001,5304.8805,311.731893
0.275987832,0.161870514,0.00320129748,5345.50261,311.823543
0.2695362,0.156727447,0.00150000001,5256.72409,311.593962
0.271726499,0.159242742,0.00150000001,5297.15662,311.73868
0.271824349,0.160751476,0.00350000011,5319.55283,311.352245
0.265539954,0.153947389,0.00238661081,5267.09595,311.346353
0.270250496,0.159762552,0.00150000001,5297.14156,311.694997
0.265360869,0.154046876,0.00202357275,5272.1981,311.37058
0.272148873,0.161586561,0.00150000001,5327.61446,311.833371
0.271798144,0.161789436,0.00350000011,5325.45274,311.438211
0.273831893,0.16306826,0.0016394598,5340.24782,311.94245
0.266990914,0.156908569,0.00350000011,5264.14966,311.09223
0.27268482,0.162842339,0.00350000011,5350.75212,311.596708
0.264460874,0.154546874,0.00216263805,5284.63428,311.373944
0.26477311,0.154546273,0.00350000011,5282.60095,311.253321
0.263532039,0.15506289,0.00283317858,5287.26758,311.338991
0.264085781,0.156655535,0.00150000001,5287.7151,311.50969
0.267984007,0.162028619,0.00150000001,5349.12739,311.71587
0.264948576,0.158735327,0.00150000001,5295.97325,311.535621
0.26318611,0.157153684,0.00350000011,5288.70409,311.145335
0.265842029,0.159728385,0.00350000011,5300.24239,311.065224
0.26906148,0.162797961,0.00350000011,5352.57047,311.380023
0.271020501,0.164630142,0.00285315344,5356.42422,311.864149
0.268570209,0.162552959,0.00150000001,5350.52161,311.773715
0.267666896,0.163053116,0.00150000001,5369.38102,311.758058
0.268000331,0.163048244,0.00350000011,5358.95059,311.334461
0.264188294,0.159482053,0.00350000011,5316.97349,311.04314
0.267987267,0.163565197,0.00350000011,5363.26388,311.387814
0.261498489,0.157404352,0.00150000001,5287.47375,311.486659
0.267196747,0.164336804,0.00150000001,5384.82431,311.817423
0.267506375,0.164859087,0.00350000011,5385.66076,311.485894
0.264529408,0.16218996,0.00150000001,5391.31658,311.617584
0.25997503,0.157903557,0.00150000001,5285.69589,311.470573
0.263545926,0.161528449,0.00350000011,5368.44423,311.058143
0.267776825,0.166432187,0.00283396897,5398.79204,311.858312
0.25937732,0.157371074,0.00322037698,5282.09983,311.274792
0.267020287,0.166679256,0.00150000001,5413.51817,311.917122
0.26520598,0.166645847,0.00150000001,5423.84968,311.893322
0.260519473,0.161613097,0.00350000011,5408.90478,311.0302
0.260108522,0.161776777,0.00150000001,5415.5487,311.586777
0.26164195,0.164436693,0.00350000011,5443.73534,311.224629
0.261365624,0.165116554,0.00150000001,5453.20792,311.801717
0.263890041,0.168591514,0.00233323491,5464.85724,311.902435
0.262002423,0.1664305,0.00150000001,5457.56165,311.884437
0.263040127,0.167638685,0.00350000011,5458.09199,311.57584
0.254218413,0.158973354,0.00150000001,5462.89539,311.515
0.254049542,0.157677937,0.00350000011,5453.68649,311.089165
0.257756832,0.163927645,0.00350000011,5464.52309,311.164706
0.258495545,0.16527279,0.00150000001,5469.20231,311.835894
0.262069342,0.169603006,0.00166681202,5480.3241,311.981324
0.256153825,0.163928037,0.00150000001,5471.54571,311.764257
0.251974104,0.159745598,0.00150000001,5475.8259,311.569532
0.25194383,0.159800106,0.00350000011,5477.26988,311.042375
0.251336899,0.158218242,0.00150000001,5473.21086,311.506197
0.255176055,0.163323818,0.00350000011,5470.81457,311.156972
0.258990456,0.167070004,0.00350000011,5478.46112,311.443312
0.258642196,0.16743297,0.00150000001,5480.92332,311.967001
0.256172773,0.164838703,0.00150000001,5476.16732,311.831239
0.25224914,0.160822734,0.00350000011,5471.28859,311.075303
0.251552294,0.161006342,0.00150000001,5482.63255,311.631128
0.250183082,0.159760629,0.00150000001,5487.80318,311.595977
0.249211465,0.158248788,0.00350000011,5484.79505,311.022469
0.260230505,0.170563725,0.00233332015,5495.96576,311.95412
0.253791895,0.16470009,0.00150000001,5481.62106,311.860336
0.251869499,0.162496699,0.00150000001,5477.76593,311.735245
0.249205545,0.15773675,0.00150000001,5487.30417,311.51123
0.258354202,0.169236342,0.00350000011,5488.06966,311.679929
0.255761716,0.16685313,0.00350000011,5484.33059,311.475295
0.250542473,0.162264254,0.00150000001,5484.08502,311.761909
0.247730352,0.158220999,0.00350000011,5482.75544,311.026754
0.252075876,0.164242474,0.00350000011,5483.37329,311.341935
0.248686576,0.161671575,0.00350000011,5478.26197,311.242981
0.257237659,0.17015695,0.00350000011,5490.39428,311.806567
0.249609591,0.154859495,0.00150000001,5498.59025,311.38203
0.250353295,0.154061295,0.00350000011,5484.49508,311.140554
0.254469051,0.169303722,0.00150000001,5489.28416,312.10806
0.246894764,0.161221538,0.00150000001,5489.89872,311.811533
0.245508714,0.159940611,0.00150000001,5485.17632,311.761102
0.24644509,0.161485073,0.00150000001,5486.73923,311.849597
0.245059217,0.160203586,0.00150000001,5481.65157,311.801229
0.247641129,0.155151647,0.00350000011,5488.9013,310.99837
0.244551376,0.158360361,0.00350000011,5487.66727,311.137031
0.255379321,0.170055932,0.00350000011,5489.73137,311.890911
0.253248687,0.169224138,0.00216661802,5487.90857,312.095334
0.249279404,0.153291471,0.00216662097,5494.52874,311.23961
0.251092271,0.167163341,0.00150000001,5487.37401,312.086615
0.246440904,0.163022768,0.00350000011,5487.46082,311.537853
0.24707073,0.164059933,0.00350000011,5489.97507,311.636919
0.249258196,0.166142259,0.00150000001,5487.10358,312.080602
0.244157422,0.156475672,0.00350000011,5488.81739,311.029624
0.245058871,0.162256718,0.00350000011,5486.58259,311.531271
0.24382837,0.161225223,0.00350000011,5490.91661,311.4805
0.245117826,0.163323216,0.00150000001,5488.19494,312.038045
0.246699183,0.153070394,0.00150000001,5498.43642,311.333227
0.245663477,0.165010129,0.0023335378,5491.34447,312.118196
0.246590926,0.165525384,0.00166670087,5488.52312,312.144981
0.240980507,0.160503718,0.00150000001,5492.89385,311.987505
0.24443835,0.153893778,0.00150000001,5485.04823,311.405366
0.239990131,0.158409432,0.00350000011,5492.64985,311.376742
0.242489514,0.162553531,0.00350000011,5491.82461,311.803185
0.241094216,0.160737799,0.00350000011,5491.90916,311.620857
0.242803678,0.16307455,0.00350000011,5491.8248,311.872853
0.23953492,0.156645183,0.00150000001,5483.30012,311.75266
0.242617186,0.153900331,0.00350000011,5487.31672,310.960233
0.241726877,0.154405879,0.00150000001,5479.34964,311.522786
0.24530382,0.151256708,0.00150000001,5502.6444,311.25376
0.240545635,0.155390019,0.00150000001,5481.63128,311.634123
0.243505171,0.152332518,0.00150000001,5485.65811,311.337073
0.245148062,0.15099628,0.00183338611,5503.47739,311.187252
0.240534031,0.154947068,0.00350000011,5479.93483,311.048143
0.241386469,0.152350964,0.00150000001,5489.67151,311.39394
0.243082183,0.149848572,0.00166669564,5494.67581,311.150448
0.241791514,0.149997281,0.00350000011,5496.54562,310.94974
0.237403539,0.154092964,0.00350000011,5469.8386,311.060699
0.233152636,0.157194447,0.00350000011,5445.65739,311.674735
0.237134861,0.15237072,0.00350000011,5462.3339,310.953485
0.233583883,0.155881713,0.00350000011,5436.31848,311.440201
0.239805683,0.148721534,0.00150000001,5497.35228,311.166849
0.238007122,0.149789811,0.00150000001,5485.33361,311.285409
0.236351248,0.150586646,0.00150000001,5472.19229,311.371627
0.23572754,0.151116001,0.00350000011,5464.82424,310.893865
0.230848614,0.155396674,0.00350000011,5422.05435,311.526847
0.235412458,0.150100165,0.00150000001,5472.37334,311.346594
0.238484935,0.147294548,0.00233352046,5513.7719,310.954403
0.235412165,0.150068528,0.00350000011,5476.76499,310.84689
0.231380765,0.153104035,0.00150000001,5439.22407,311.611186
0.230660056,0.152807614,0.00150000001,5443.39375,311.594489
0.234773281,0.148512855,0.00350000011,5495.93166,310.779403
0.229446699,0.153147478,0.00150000001,5448.62758,311.656158
0.230355696,0.152136659,0.00150000001,5454.39341,311.533498
0.230796983,0.151756337,0.00350000011,5445.65421,310.9897
0.228105236,0.154388265,0.00350000011,5451.74574,311.517481
0.235340287,0.146413736,0.00350000011,5528.00079,310.742023
0.227529314,0.154935593,0.00223358804,5449.50309,311.862874
0.233977922,0.146695599,0.00350000011,5524.2823,310.707631
0.234457218,0.146445591,0.00150000001,5520.56608,311.042727
0.233370537,0.146704245,0.00350000011,5518.99522,310.692643
0.226436872,0.154155198,0.00350000011,5451.54399,311.589348
0.232633739,0.145934643,0.00150000001,5537.7139,311.00716
0.225006172,0.152818004,0.00150000001,5452.50803,311.65933
0.224894534,0.152599671,0.00350000011,5451.86724,311.339165
0.225233594,0.153660197,0.0032045567,5451.87216,311.663087
0.227461911,0.14939433,0.00150000001,5517.59281,311.297793
0.229966476,0.146479982,0.00150000001,5554.74133,311.100733
0.226045369,0.149996076,0.00150000001,5498.92363,311.341997
0.231997332,0.144377834,0.00150000001,5551.95344,310.864565
0.224118383,0.151270839,0.00150000001,5467.84693,311.480988
0.229414072,0.146503463,0.00150000001,5556.2422,311.106059
0.228461701,0.146338896,0.00150000001,5573.34868,311.099365
0.224125044,0.150752888,0.00350000011,5480.78164,311.005896
0.223960627,0.149968033,0.00150000001,5505.16669,311.35499
0.223928289,0.148273201,0.00150000001,5568.46997,311.24017
0.229364143,0.143094034,0.00350000011,5598.18553,310.487312
0.226670788,0.145632289,0.00350000011,5595.28771,310.538506
0.226308586,0.14541565,0.00150000001,5598.87058,311.057122
0.225900015,0.145799589,0.00350000011,5600.54295,310.544421
0.228589744,0.141797214,0.00316656234,5613.29598,310.446651
0.219142542,0.150499859,0.00150000001,5590.66675,311.403215
0.220024198,0.1526142,0.00150000001,5576.68394,311.569604
0.220676952,0.147854287,0.00150000001,5601.23528,311.249075
0.223006081,0.145353725,0.00350000011,5616.82202,310.519949
0.219688984,0.148928275,0.00350000011,5598.45,310.778299
0.218693388,0.152510267,0.00350000011,5591.82647,311.232554
0.221742471,0.14575578,0.00150000001,5619.59632,311.128697
0.22721669,0.141034406,0.00183311281,5632.97293,310.471549
0.219543046,0.153072157,0.00350000011,5580.02717,311.408782
0.221229732,0.145766384,0.00150000001,5621.02673,311.134242
0.222766944,0.144860627,0.00150000001,5620.35678,311.059096
0.219466781,0.147784381,0.00350000011,5614.32945,310.677743
0.222504635,0.144412553,0.00150000001,5626.49614,311.032426
0.217804788,0.154194427,0.00333491312,5606.01369,311.596066
0.217269821,0.154145086,0.00150000001,5616.17455,311.67482
0.21548142,0.152540868,0.00150000001,5622.62195,311.500522
0.217090278,0.148080662,0.00350000011,5622.90061,310.719479
0.219252381,0.145373845,0.00350000011,5629.8416,310.555484
0.216170573,0.148587364,0.00350000011,5627.11058,310.752753
0.215092799,0.152463209,0.00350000011,5619.03294,311.058344
0.218111603,0.145770447,0.00150000001,5630.27088,311.15011
0.216718563,0.146979854,0.00150000001,5630.77442,311.212086
0.222857956,0.140920509,0.00350000011,5639.46644,310.297136
0.217576317,0.146069512,0.00150000001,5629.10003,311.167033
0.213250639,0.151900155,0.00350000011,5624.13603,310.970563
0.216507906,0.146176172,0.00150000001,5629.24977,311.172891
0.215295111,0.147728462,0.00150000001,5635.46698,311.252851
0.214850945,0.148354679,0.00350000011,5629.36871,310.755349
0.219997978,0.142622965,0.00350000011,5638.515,310.428118
0.21182054,0.150226688,0.00350000011,5629.86142,310.863503
0.22054176,0.140957183,0.00150000001,5640.92515,310.700905
0.21576931,0.14539029,0.00150000001,5636.66986,311.123137
0.221129636,0.140582415,0.00150000001,5640.77895,310.649549
0.211407006,0.15196043,0.00350000011,5624.22484,310.943263
0.211220653,0.152419118,0.00150000001,5622.85571,311.467651
0.212050863,0.147927639,0.00350000011,5636.85325,310.792004
0.217930329,0.142078737,0.00150000001,5640.07456,310.830148
0.211365793,0.153226804,0.00150000001,5629.10766,311.504691
0.217820983,0.141830012,0.00150000001,5639.94447,310.800301
0.208166014,0.15120106,0.00150000001,5635.07757,311.461343
0.214659723,0.144675983,0.00350000011,5636.60626,310.649755
0.213964648,0.156327836,0.00163741056,5635.13461,311.816005
0.211353553,0.154292708,0.00150000001,5632.58635,311.562038
0.210222145,0.148962261,0.00350000011,5633.44811,310.855246
0.208193744,0.150157957,0.00150000001,5635.66166,311.416
0.210295859,0.154005993,0.00150000001,5627.59777,311.536841
0.217112458,0.140851546,0.00287731019,5639.98864,310.483281
0.208708558,0.148967044,0.00350000011,5639.11429,310.891649
0.216598085,0.14113731,0.00163330715,5639.54086,310.623337
0.212957789,0.144024038,0.00150000001,5637.86535,311.004774
0.207793779,0.15261534,0.00150000001,5633.13551,311.514028
0.206399777,0.150619077,0.00150000001,5638.7738,311.43288
0.215753116,0.141606736,0.00334670187,5639.05592,310.558209
0.207872422,0.153118239,0.00350000011,5631.44062,311.012957
0.214886898,0.142260377,0.00150000001,5638.80759,310.81498
0.208213332,0.148055106,0.00150000001,5638.60644,311.304545
0.20489479,0.151102418,0.00150000001,5638.96802,311.452502
0.208277132,0.14766127,0.00350000011,5639.08621,310.905824
0.206131364,0.149202361,0.00350000011,5639.72976,310.971512
0.211221946,0.144124053,0.00230185661,5638.46429,310.87904
0.205967792,0.149296573,0.00150000001,5639.89752,311.369332
0.211300618,0.157634575,0.00350000011,5641.04932,311.662346
0.205167165,0.152857014,0.00350000011,5632.50707,311.013332
0.203561588,0.149765239,0.00150000001,5639.84366,311.379306
0.205872918,0.147095734,0.00296686737,5640.43082,311.078427
0.206436636,0.146955924,0.00150000001,5639.63554,311.212387
0.20509096,0.147703451,0.00150000001,5639.5076,311.257737
0.204181042,0.148729025,0.00150000001,5640.18369,311.322608
0.206320923,0.155191262,0.00350000011,5621.06755,311.108462
0.209998719,0.158531128,0.00336589746,5652.31861,311.795164
0.20523497,0.147450155,0.00176687023,5640.20504,311.179656
0.203040599,0.153144036,0.00150000001,5630.20826,311.525654
0.201796422,0.149360451,0.00261762304,5641.81338,311.216044
0.201392088,0.151486981,0.00350000011,5636.76146,311.075555
0.208916969,0.159132105,0.00163307863,5651.0984,311.912724
0.204023575,0.155559149,0.00350000011,5614.25365,311.10182
0.199070073,0.150875095,0.00240712378,5634.3918,311.274857
0.199135884,0.15204915,0.00150000001,5619.48809,311.432182
0.206854935,0.160277677,0.00176564535,5645.11035,311.924595
0.198324716,0.153019034,0.00350000011,5599.628,311.121111
0.204608767,0.160145635,0.00350000011,5634.68242,311.517719
0.199796766,0.15594662,0.00150000001,5604.72181,311.566131
0.196802978,0.153000149,0.00350000011,5581.22636,311.166751
0.200681003,0.157890284,0.00150000001,5606.54667,311.662385
0.19902354,0.156724116,0.00150000001,5597.47472,311.567028
0.197702657,0.155412396,0.00150000001,5573.25784,311.510457
0.199945229,0.157253658,0.00350000011,5599.34776,311.082499
0.204099165,0.161808662,0.00176265978,5649.4831,311.944196
0.198973125,0.157751687,0.00150000001,5597.38665,311.583318
0.197084681,0.155919834,0.00150000001,5573.36409,311.500906
0.197792747,0.156931711,0.00350000011,5585.57752,311.031447
0.200578331,0.160326738,0.00350000011,5629.51239,311.308133
0.201896316,0.161652407,0.00350000011,5638.75872,311.523374
0.194481346,0.154291079,0.00350000011,5573.27723,311.170148
0.194085526,0.153644284,0.00229305587,5575.40538,311.323208
0.197029199,0.15795247,0.00150000001,5598.58815,311.532431
0.195817143,0.156146926,0.00350000011,5567.60756,311.056835
0.194132284,0.153618313,0.00335781917,5572.57137,311.26882
0.199719067,0.160982562,0.00150000001,5623.85877,311.775472
0.200993553,0.162670651,0.00350000011,5653.08145,311.598469
0.197201331,0.159204563,0.00150000001,5603.65857,311.591713
0.193179813,0.154320553,0.00150000001,5589.5274,311.405712
0.197920778,0.160263179,0.00350000011,5626.98914,311.162918
0.197479649,0.160206716,0.00150000001,5624.8531,311.656999
0.192779769,0.155063042,0.00350000011,5594.13766,311.177143
0.194998845,0.158516373,0.00350000011,5592.93905,310.988544
0.199071981,0.162358118,0.00350000011,5646.93546,311.428783
0.194778784,0.158218022,0.00150000001,5592.2655,311.461789
0.196240176,0.160680871,0.00150000001,5642.08352,311.606549
0.191185696,0.156121008,0.00150000001,5596.2241,311.411064
0.193022844,0.157691402,0.00350000011,5597.77255,311.019625
0.192119105,0.157159027,0.00350000011,5601.2976,311.062329
0.194279474,0.160462497,0.00150000001,5634.70509,311.527936
0.192949781,0.15923493,0.00150000001,5611.74409,311.444065
0.19868725,0.164815279,0.0028925614,5676.3363,311.893813
0.18946024,0.156213888,0.00333318331,5596.10237,311.235736
0.19250022,0.160052467,0.00350000011,5636.57542,310.942082
0.192384477,0.161213448,0.00350000011,5667.0111,310.974603
0.1934073,0.163276334,0.00350000011,5708.15371,311.149013
0.191928966,0.162697093,0.00150000001,5702.79613,311.589995
0.191471522,0.16247333,0.00150000001,5703.76659,311.567786
0.196012169,0.166301438,0.00335145248,5705.25644,311.855895
0.18721519,0.159703867,0.00150000001,5654.04125,311.379348
0.188837571,0.161035904,0.00350000011,5687.41694,310.916605
0.1867655,0.159456262,0.00350000011,5651.26946,310.946975
0.192938122,0.165089221,0.00350000011,5721.40922,311.357415
0.189410761,0.162459442,0.00350000011,5722.46549,310.987748
0.185701882,0.158664355,0.00150000001,5626.98954,311.343929
0.185808364,0.158029783,0.00252067942,5621.61936,311.169527
0.185251559,0.158936366,0.00350000011,5673.40953,310.964784
0.186628643,0.160768153,0.00350000011,5702.38936,310.911533
0.185412236,0.159719626,0.00350000011,5708.15298,310.919867
0.189794261,0.164758154,0.00350000011,5751.11139,311.194333
0.191858094,0.166895997,0.00350000011,5745.56243,311.537302
0.190174306,0.165462737,0.00350000011,5756.27102,311.284326
0.192452414,0.167420782,0.00350000011,5751.66971,311.644801
0.189602008,0.165226487,0.00350000011,5755.01744,311.242068
0.186775145,0.163327211,0.00350000011,5753.22867,311.019224
0.182538472,0.159505174,0.00350000011,5742.42981,310.914164
0.187280797,0.16483054,0.00350000011,5764.24572,311.160707
0.18351207,0.161599758,0.00350000011,5753.91111,310.937894
0.188030349,0.166467513,0.00350000011,5776.35571,311.3578
0.189781074,0.168390996,0.00350000011,5774.95765,311.652115
0.182494325,0.156361793,0.00150000001,5748.27319,311.298659
0.179784708,0.158507306,0.00350000011,5766.29633,310.888636
0.186496728,0.166181289,0.00350000011,5782.26641,311.30271
0.181364518,0.161531078,0.00150000001,5765.74622,311.551951
0.179564738,0.160600142,0.00150000001,5778.44527,311.514407
0.188690747,0.170356781,0.00233447443,5800.31962,312.032949
0.184214997,0.166038869,0.00150000001,5784.28961,311.877411
0.181126959,0.155602219,0.00150000001,5763.3002,311.291479
0.188580018,0.17029126,0.00150000001,5795.22912,312.128221
0.179050794,0.156680624,0.00150000001,5790.61288,311.333228
0.177476912,0.158185041,0.00150000001,5785.25044,311.420162
0.181565335,0.163914243,0.00350000011,5783.61895,311.155858
0.185847008,0.168467315,0.00350000011,5790.52493,311.61407
0.183990402,0.167367194,0.00150000001,5788.75833,311.998038
0.177225626,0.160448848,0.00350000011,5783.50582,310.987673
0.183206726,0.167524287,0.00150000001,5790.22486,312.02235
0.176370632,0.157067126,0.00150000001,5783.04214,311.39821
0.185718299,0.170986236,0.00266599637,5796.23496,312.107395
0.183542635,0.168820835,0.00150000001,5791.72674,312.108325
0.175442239,0.160414266,0.00350000011,5794.38464,311.041152
0.179737427,0.165096501,0.00350000011,5786.35948,311.3926
0.180347045,0.165967,0.00150000001,5790.23589,311.946473
0.178985497,0.165198734,0.00150000001,5790.09447,311.921908
0.176992695,0.15538983,0.00350000011,5784.49209,310.901235
0.178357949,0.164329889,0.00350000011,5785.35981,311.367113
0.175823796,0.16226308,0.00150000001,5785.17075,311.788235
0.177237639,0.154658846,0.00150000001,5782.56352,311.28704
0.174085271,0.160414675,0.00350000011,5788.31577,311.119159
0.175086267,0.162063918,0.00350000011,5788.72585,311.259928
0.181860079,0.168740248,0.00350000011,5791.90532,311.820019
0.171782685,0.159667954,0.00350000011,5792.25681,311.166859
0.182867759,0.170000479,0.00350000011,5792.47424,311.982892
0.176987299,0.153129188,0.00207670553,5796.55692,311.148727
0.172180968,0.160606426,0.00350000011,5786.81638,311.266155
0.178983583,0.167965742,0.00319079771,5790.95407,312.054923
0.171980648,0.160863642,0.00150000001,5791.43222,311.81015
0.17075549,0.159930192,0.00150000001,5792.01991,311.774968
0.17483901,0.153832622,0.00350000011,5802.86576,310.872918
0.178244112,0.167554924,0.00180114695,5790.10066,312.142955
0.174851348,0.165670059,0.00166074871,5791.1587,312.126924
0.16934671,0.157813688,0.00150000001,5788.97464,311.653084
0.168129311,0.158877718,0.00350000011,5792.36145,311.299507
0.173985351,0.165188951,0.00293651135,5791.48908,312.051016
0.172140682,0.154018414,0.00350000011,5794.38875,310.821962
0.167588676,0.158712833,0.00350000011,5792.19634,311.312812
0.170340126,0.162457054,0.00150000001,5793.80147,312.01539
0.172055546,0.153577846,0.00150000001,5788.83646,311.279425
0.16850413,0.156752998,0.00150000001,5787.68967,311.594256
0.171281083,0.153889908,0.00350000011,5790.74746,310.811395
0.174104492,0.151527629,0.00251510959,5815.59237,311.052009
0.171578075,0.15338394,0.00150000001,5791.36221,311.273002
0.165661545,0.159180505,0.00150000001,5792.10545,311.88979
0.166688228,0.157845767,0.00150000001,5788.58662,311.73208
0.17270428,0.150749735,0.00246461302,5801.70446,311.041102
0.173115105,0.150977972,0.00322086285,5816.29149,310.991473
0.166731473,0.160985768,0.00150000001,5794.26208,312.023412
0.168815101,0.152595609,0.00150000001,5778.2053,311.287882
0.166481738,0.155019676,0.00150000001,5771.97184,311.51893
0.163050417,0.159113984,0.00163880465,5787.36389,311.971932
0.167134068,0.154146183,0.00350000011,5770.40167,310.872591
0.165667041,0.155334394,0.00350000011,5771.45354,311.00259
0.165054917,0.155808112,0.00350000011,5776.82618,311.077396
0.165635878,0.154113886,0.00350000011,5765.90324,310.898508
0.165674956,0.153728517,0.00150000001,5765.99264,311.440839
0.16799305,0.151539468,0.00350000011,5795.98483,310.75743
0.162001449,0.15715951,0.00350000011,5765.96737,311.467165
0.164380726,0.154544386,0.00150000001,5763.60622,311.512929
0.169791348,0.14913144,0.00176884025,5793.19852,311.012814
0.166640802,0.151823052,0.00350000011,5781.07611,310.759022
0.161575039,0.156395327,0.00150000001,5743.87042,311.7412
0.169104805,0.148750027,0.00218043405,5812.13817,310.950097
0.160827373,0.15666923,0.00150000001,5735.16449,311.782709
0.168101167,0.148192454,0.00293204136,5803.66198,310.885525
0.166892227,0.148722991,0.00350000011,5800.25721,310.751431
0.166885848,0.148204802,0.00350000011,5799.73161,310.76381
0.160305156,0.15227755,0.00150000001,5750.81757,311.353901
0.162861259,0.149081929,0.00350000011,5782.15401,310.648516
0.158810325,0.152741173,0.00350000011,5731.14197,310.946077
0.15700204,0.153841374,0.00350000011,5748.44647,311.206969
0.16461935,0.146431198,0.00350000011,5817.39115,310.708642
0.161661782,0.14860694,0.00350000011,5796.72146,310.609675
0.157433054,0.152535766,0.00150000001,5750.68674,311.403854
0.161956251,0.147554176,0.00350000011,5801.33101,310.590192
0.159192205,0.150356072,0.00350000011,5782.08656,310.638878
0.159826798,0.149555977,0.00150000001,5784.59793,311.159836
0.16239706,0.146237152,0.00350000011,5822.80409,310.597512
0.161567705,0.146463848,0.00150000001,5825.1782,310.951052
0.15621057,0.152032733,0.00150000001,5752.71894,311.367459
0.161555031,0.145422041,0.00150000001,5843.35011,310.860985
0.160618309,0.146287586,0.00350000011,5838.24685,310.532744
0.157891805,0.148943212,0.00350000011,5812.74519,310.555802
0.1585475,0.146333073,0.00350000011,5854.53096,310.491096
0.156014517,0.148412854,0.00150000001,5853.53983,311.042526
0.15706084,0.147384165,0.00350000011,5854.19913,310.488597
0.154642907,0.147248534,0.00350000011,5875.22586,310.458299
0.157741638,0.143648849,0.00150000001,5887.3215,310.759401
0.152972474,0.148622278,0.00150000001,5860.29006,311.054403
0.151046855,0.150529052,0.00150000001,5800.72994,311.193178
0.157291747,0.143916621,0.00150000001,5884.09896,310.793978
0.15731629,0.142200851,0.00163053564,5909.4337,310.569712
0.150273,0.148716955,0.00150000001,5893.03965,311.058416
0.155738395,0.142520376,0.00350000011,5914.86034,310.363904
0.154170131,0.143367703,0.00350000011,5919.9666,310.343851
0.152588022,0.145659783,0.00350000011,5913.42576,310.383824
0.15420142,0.142867554,0.00150000001,5923.96854,310.766785
0.153468659,0.143011798,0.00350000011,5929.2457,310.325837
0.152745545,0.143035199,0.00150000001,5934.61826,310.803126
0.151023648,0.14470726,0.00150000001,5929.5421,310.918289
0.148687432,0.147557516,0.00350000011,5916.69282,310.457644
0.270299965,0.225700634,0.00350000011,2846.30171,314.956725
0.266624964,0.229295793,0.00350000011,2908.40155,315.067317
0.266464525,0.228337418,0.00150000001,2900.23295,315.480725
0.266196074,0.228510073,0.00350000011,2909.29691,314.966282
0.267069385,0.226227606,0.00150000001,2869.55542,315.400724
0.266416347,0.231994996,0.00150000001,2938.18946,315.644068
0.265493796,0.227226795,0.00350000011,2892.50413,314.836499
0.262994344,0.228624726,0.00150000001,2935.90793,315.446906
0.268732339,0.223002759,0.00350000011,2807.40672,314.812963
0.265806567,0.225302454,0.00150000001,2849.32617,315.345143
0.266896807,0.224517788,0.00350000011,2827.88927,314.801267
0.261472132,0.227959048,0.00150000001,2939.60474,315.386193
0.260368038,0.228839535,0.00150000001,2957.69446,315.450728
0.263999905,0.232662483,0.00350000011,2961.76647,315.302521
0.266498296,0.222199713,0.00150000001,2820.1753,315.303048
0.263265115,0.226653878,0.00350000011,2891.87629,314.766956
0.264658765,0.233664443,0.00164504531,2968.69814,315.679455
0.266931108,0.222468272,0.00350000011,2808.29029,314.823961
0.264182861,0.224490417,0.00150000001,2837.36474,315.291184
0.266020022,0.222978858,0.00350000011,2823.99085,314.817775
0.266534129,0.220625909,0.00150000001,2809.53621,315.267229
0.263362865,0.234213133,0.00350000011,2982.67699,315.467782
0.262381749,0.224494051,0.00350000011,2833.99963,314.780282
0.258500171,0.230775596,0.00150000001,2983.98202,315.577121
0.264230042,0.221906762,0.00350000011,2819.1384,314.899172
0.264877542,0.219815398,0.00216624675,2817.72122,315.125467
0.266027787,0.219176361,0.00166659594,2812.31775,315.149887
0.262310741,0.234968895,0.00283492792,2993.17384,315.60234
0.264083357,0.221642131,0.00350000011,2819.19974,314.917747
0.262868723,0.222144048,0.00350000011,2819.11086,314.916712
0.255955405,0.228957854,0.00350000011,2979.19825,314.858743
0.255414463,0.229890631,0.00150000001,2987.94036,315.53738
0.255159284,0.230347467,0.00150000001,2988.75443,315.568092
0.256753141,0.232128682,0.00150000001,2997.01714,315.671866
0.258258346,0.233279114,0.00350000011,2998.36483,315.231672
0.260440748,0.22262799,0.00150000001,2818.93233,315.204294
0.258735157,0.233890759,0.00350000011,2998.63853,315.294422
0.257287041,0.232965074,0.00350000011,2999.1428,315.21032
0.259309511,0.235108144,0.00350000011,3000.5035,315.422793
0.256029099,0.232796268,0.00350000011,2998.20834,315.222167
0.259255521,0.236360304,0.002332934,3008.77567,315.698236
0.256834298,0.224198451,0.00150000001,2902.40438,315.193085
0.257848409,0.223902884,0.00350000011,2788.81867,314.833741
0.255760143,0.233007341,0.00150000001,2999.71736,315.735108
0.257042234,0.234650016,0.00150000001,3002.32221,315.788784
0.257603968,0.234566515,0.00350000011,3002.02067,315.381303
0.256043869,0.224973466,0.00350000011,2940.48216,314.748883
0.255439913,0.224982603,0.00350000011,2948.74059,314.736282
0.253335322,0.226516645,0.00150000001,2977.12399,315.327691
0.250590128,0.229235946,0.00150000001,2996.19044,315.582636
0.254632614,0.225063984,0.00150000001,2958.55352,315.241156
0.252095289,0.230331131,0.00350000011,2994.1468,315.106507
0.255286295,0.234166126,0.00150000001,3001.88997,315.788574
0.25334809,0.22604599,0.00350000011,2972.87866,314.746277
0.251611713,0.226780851,0.00150000001,2991.20559,315.375791
0.254242525,0.233310497,0.00350000011,3000.17625,315.356426
0.25379257,0.233161441,0.00350000011,2999.78131,315.362725
0.250759159,0.231084428,0.00150000001,2997.76196,315.715796
0.250586934,0.227783665,0.00350000011,2991.97884,314.911409
0.251553148,0.231883689,0.00350000011,3000.04284,315.333219
0.254856581,0.23502771,0.00350000011,3002.5901,315.549308
0.252105783,0.234089189,0.00233317079,3000.28302,315.79405
0.253596913,0.223436828,0.00350000011,2966.36462,314.754061
0.255232494,0.222098748,0.00322504856,2953.19574,314.949159
0.252821702,0.222661826,0.00350000011,2972.67945,314.770141
0.246760315,0.229908718,0.00350000011,3001.20773,315.415119
0.248936853,0.225282049,0.00150000001,2996.19982,315.342079
0.245152631,0.228839247,0.00150000001,3000.63038,315.751555
0.251953475,0.220450681,0.00150000001,2986.08972,315.098322
0.249272099,0.222619385,0.00150000001,2980.88761,315.205897
0.248975982,0.221573871,0.00150000001,3004.59313,315.164657
0.24434448,0.226518282,0.00150000001,2999.71653,315.621587
0.242971877,0.229014798,0.00163646688,3003.48724,315.854278
0.250615335,0.219707443,0.00150000001,2996.68748,315.081091
0.244270346,0.225764912,0.00350000011,3002.31941,315.0461
0.24997114,0.219175768,0.00277801597,2992.75379,314.947457
0.246119289,0.222990543,0.00350000011,2995.10531,314.742543
0.243739013,0.224736895,0.00150000001,2999.4733,315.50712
0.242488619,0.226869408,0.00350000011,3001.38345,315.310414
0.241398647,0.228140782,0.00178045862,3003.55718,315.846636
0.245842869,0.221883561,0.00150000001,3011.71796,315.2334
0.247121667,0.220351898,0.00350000011,3002.98271,314.706134
0.242602301,0.22459138,0.00150000001,3000.06795,315.551694
0.248992041,0.218631823,0.00331984593,3001.62041,314.896826
0.248378702,0.218291079,0.00225195624,3011.36811,314.952037
0.240734087,0.225991253,0.00150000001,3003.17345,315.715904
0.241625454,0.225070165,0.00350000011,3002.78778,315.127962
0.247933701,0.218043856,0.00215232718,3014.05452,314.951622
0.248184372,0.218183117,0.00178279543,3014.05114,314.985993
0.241127637,0.224313125,0.00350000011,3002.99033,315.069852
0.24002655,0.224883887,0.00150000001,3003.73321,315.656941
0.243742244,0.221168837,0.00350000011,3009.43037,314.724247
0.247521724,0.217987281,0.00350000011,3004.12152,314.827903
0.243562223,0.220915561,0.00350000011,2990.23831,314.724268
0.245380333,0.218004867,0.00350000011,3010.69309,314.738971
0.240350005,0.222170531,0.00150000001,2993.95783,315.455095
0.238427588,0.224529414,0.00350000011,3001.95246,315.291654
0.245203354,0.216700739,0.00350000011,3012.30029,314.790754
0.239464075,0.221435373,0.00350000011,2992.3663,314.879929
0.241162961,0.218843935,0.00350000011,2994.30572,314.690591
0.243805563,0.21645711,0.00350000011,3017.62488,314.724981
0.241829512,0.217384914,0.00150000001,3001.49062,315.089526
0.241274164,0.218575467,0.00350000011,3001.98007,314.679802
0.236315389,0.222601981,0.00150000001,2994.50301,315.597656
0.239584707,0.219087437,0.00150000001,2984.10706,315.260378
0.241601035,0.217024078,0.00350000011,3020.22975,314.650949
0.241359549,0.216639433,0.00150000001,3002.11667,315.047544
0.242956804,0.215278914,0.00333328503,3010.20749,314.766826
0.23774361,0.219635695,0.00350000011,2982.41477,314.785597
0.233927509,0.223990144,0.00253209208,2992.33595,315.725397
0.235466312,0.222052236,0.00350000011,2989.6433,315.134043
0.236396088,0.220466043,0.00350000011,2979.79022,314.8897
0.234915101,0.220546851,0.00150000001,2972.58808,315.460113
0.238185533,0.216580094,0.00150000001,2995.53473,315.106886
0.23272395,0.221585226,0.00350000011,2944.72458,315.230566
0.237345117,0.216505844,0.00350000011,2985.68368,314.6143
0.234901401,0.218390305,0.00150000001,2960.71844,315.283277
0.236118816,0.21655724,0.00350000011,2980.34784,314.61573
0.233880345,0.218447994,0.00350000011,2951.92626,314.760395
0.237037836,0.214939338,0.00350000011,2999.73446,314.564046
0.233180325,0.218284782,0.00150000001,2957.14883,315.28955
0.237157382,0.213966677,0.00150000001,3021.0281,314.908456
0.238667659,0.213068907,0.00350000011,3019.61737,314.61385
0.235102197,0.215701198,0.00350000011,2977.09855,314.570861
0.235649521,0.213988919,0.00150000001,3004.12728,314.924661
0.231628773,0.217697714,0.00350000011,2963.58226,314.738756
0.233420133,0.215276843,0.00150000001,2983.89288,315.056939
0.227974682,0.220683025,0.00181570082,2963.4527,315.596023
0.233285861,0.214226496,0.00350000011,3006.24314,314.488317
0.233278332,0.21370524,0.00350000011,3011.33139,314.470078
0.234736487,0.211577986,0.00350000011,3048.06402,314.446947
0.226866404,0.218334409,0.00150000001,2964.86391,315.37457
0.227587872,0.215964516,0.00150000001,2994.23659,315.124061
0.225490177,0.218092517,0.00350000011,2964.23091,315.01477
0.229903127,0.213014813,0.00150000001,3056.85155,314.898285
0.231463142,0.211654952,0.00350000011,3046.12135,314.364818
0.228516286,0.214173277,0.00350000011,3040.9796,314.42747
0.227705794,0.21370028,0.00150000001,3061.74774,314.949492
0.227043322,0.213787537,0.00350000011,3054.60832,314.398304
0.230579781,0.208575634,0.00150000001,3097.80813,314.483973
0.222520412,0.217652871,0.00180115259,2952.02033,315.275017
0.229789575,0.209345577,0.00350000011,3090.47483,314.25897
0.221846069,0.217096403,0.00350000011,2951.93682,314.868735
0.221709824,0.215767799,0.00150000001,3065.27614,315.073991
0.225886528,0.211268309,0.00150000001,3115.13056,314.821039
0.224340107,0.213043379,0.00150000001,3096.00242,314.919661
0.222589586,0.214744147,0.00350000011,3064.68312,314.493958
0.221092356,0.217867997,0.00214490476,3048.24786,315.236268
0.218972929,0.216788465,0.00150000001,3114.02154,315.12948
0.219865765,0.21785585,0.00350000011,3083.51995,314.933942
0.218514798,0.217047667,0.00350000011,3107.93474,314.740961
0.2201684,0.218381309,0.00316628843,3079.78307,315.192654
0.219896274,0.21473381,0.00350000011,3106.16812,314.486118
0.220985495,0.212647739,0.00150000001,3126.59784,314.914407
0.224310116,0.209464228,0.00150000001,3136.73151,314.708727
0.227202234,0.206526378,0.00316651199,3139.46997,314.108646
0.219660853,0.213651493,0.00350000011,3118.44433,314.403209
0.217748469,0.21782072,0.00350000011,3121.9899,314.820577
0.222259323,0.210658427,0.00150000001,3135.78489,314.810401
0.220463039,0.212047572,0.00150000001,3134.42354,314.888632
0.216683525,0.218072084,0.00150000001,3121.61403,315.18873
0.222712182,0.208652473,0.00350000011,3149.38819,314.13497
0.22102033,0.209359329,0.00150000001,3147.76901,314.723491
0.217893164,0.212957931,0.00150000001,3134.93171,314.933969
0.219434484,0.210852321,0.00150000001,3144.58047,314.82876
0.213699323,0.21501093,0.00350000011,3148.67013,314.494549
0.212624686,0.2172365,0.00350000011,3146.89448,314.629871
0.223393569,0.204964166,0.00150000001,3157.82854,314.186848
0.220030049,0.208198914,0.00150000001,3152.60311,314.622785
0.213487477,0.218814827,0.00150000001,3144.85547,315.219447
0.214526719,0.220131653,0.00150000001,3148.14836,315.335985
0.212327815,0.216204704,0.00350000011,3138.57302,314.571575
0.211034481,0.216911453,0.00350000011,3140.67901,314.608353
0.212705887,0.214272806,0.00150000001,3154.23438,315.022177
0.222466902,0.20452659,0.0017928786,3157.10746,314.019112
0.222220928,0.204512751,0.00163800867,3157.16028,314.046098
0.218305117,0.207112057,0.00150000001,3153.68065,314.498205
0.211511068,0.213764975,0.00150000001,3150.96019,315.014909
0.212110885,0.219581028,0.00150000001,3142.12695,315.273089
0.220138649,0.205083173,0.00150000001,3155.70156,314.223433
0.215687116,0.208870115,0.00150000001,3153.18674,314.671814
0.218622584,0.205512589,0.00283376566,3154.90557,314.100814
0.213332442,0.211732836,0.00350000011,3154.72117,314.423335
0.217937916,0.205892962,0.00233341358,3154.90993,314.18062
0.209387845,0.218403551,0.00350000011,3145.07385,314.676974
0.212554291,0.221396791,0.00350000011,3147.29014,315.085236
0.212222859,0.221930388,0.00150000001,3167.68025,315.416691
0.217022999,0.206401246,0.00166657789,3154.07627,314.313897
0.213840605,0.209382122,0.00350000011,3153.14702,314.379478
0.206687464,0.217230693,0.00350000011,3148.38103,314.662827
0.212955243,0.209354707,0.00150000001,3152.96941,314.706345
0.207114098,0.218888582,0.00150000001,3144.54858,315.255272
0.211325753,0.222947121,0.00350000011,3150.58727,315.288751
0.207647228,0.213522858,0.00350000011,3152.4628,314.633476
0.211625029,0.222954275,0.00350000011,3165.97975,315.321724
0.210873697,0.223198172,0.00350000011,3169.88413,315.287179
0.205337278,0.218367869,0.00150000001,3147.93776,315.243359
0.206836592,0.219846558,0.00150000001,3144.84438,315.291852
0.208444056,0.221628448,0.00150000001,3156.43073,315.350043
0.208434127,0.22214565,0.00150000001,3156.41446,315.378657
0.203114566,0.216028949,0.00150000001,3152.74594,315.143361
0.203124136,0.215506874,0.00150000001,3153.19219,315.117962
0.202734513,0.21606964,0.00350000011,3153.54837,314.766795
0.205911529,0.212574286,0.00334672956,3154.1177,314.780546
0.206243069,0.22127413,0.00350000011,3130.20245,314.820277
0.203194769,0.219921037,0.00150000001,3137.72962,315.291205
0.203957422,0.2211094,0.00150000001,3131.62808,315.345538
0.207185177,0.224211823,0.00150000001,3157.05645,315.498682
0.199924278,0.216246685,0.00150000001,3149.10085,315.11878
0.199607242,0.216768714,0.00150000001,3146.22933,315.142976
0.204365786,0.221857988,0.00150000001,3129.42261,315.375401
0.203870416,0.223125046,0.00150000001,3136.82369,315.408138
0.205807329,0.224975786,0.00150000001,3164.27472,315.508137
0.198627416,0.216797722,0.00350000011,3136.42369,314.911829
0.20702033,0.225685792,0.00320421282,3161.5486,315.545071
0.200870461,0.220823983,0.00350000011,3122.27975,314.751193
0.206409563,0.225681768,0.00350000011,3153.6064,315.385412
0.199879749,0.221385939,0.00350000011,3113.79896,314.754513
0.201712101,0.2232027,0.00350000011,3121.94935,314.867032
0.200691494,0.223368045,0.00150000001,3110.22703,315.384028
0.205012209,0.226801416,0.00177107539,3167.41325,315.629373
0.195942606,0.218285729,0.00150000001,3082.46664,315.145607
0.199086843,0.222780803,0.00150000001,3110.91392,315.298804
0.200293454,0.224004932,0.00350000011,3120.44672,314.874187
0.197103408,0.221435355,0.00150000001,3085.03808,315.23987
0.199252289,0.223502512,0.00350000011,3108.35015,314.796333
0.201645696,0.225848281,0.00350000011,3148.51384,315.080723
0.197082441,0.222465095,0.00150000001,3104.63795,315.241288
0.198595717,0.223512829,0.00150000001,3101.61093,315.321001
0.198057558,0.223828129,0.00150000001,3115.63096,315.316994
0.19333496,0.219561265,0.00216618861,3111.62802,315.074141
0.196839405,0.224120654,0.00350000011,3119.80502,314.755104
0.201334869,0.228844385,0.00203407472,3167.97384,315.660718
0.201592081,0.228701489,0.00322143442,3167.74139,315.586562
0.198677232,0.227051703,0.00350000011,3150.65231,315.055695
0.19878782,0.227499386,0.00150000001,3150.53848,315.514373
0.200918454,0.229075724,0.00283643036,3170.01993,315.616801
0.199930729,0.228933458,0.00350000011,3173.94442,315.361591
0.198327432,0.227755225,0.00150000001,3161.06306,315.512031
0.200582525,0.229089129,0.00150000001,3171.90634,315.660726
0.19974326,0.229728612,0.00227409045,3184.11904,315.661093
0.196936679,0.226812378,0.00350000011,3160.08761,314.920199
0.19401669,0.224073093,0.00350000011,3116.66445,314.715117
0.197213126,0.228876733,0.00350000011,3180.22972,315.150121
0.193089669,0.22551287,0.00150000001,3154.30525,315.199831
0.195412597,0.227291866,0.00350000011,3178.81159,314.878763
0.189491921,0.222910102,0.00350000011,3113.01092,314.815757
0.191721952,0.224804197,0.00350000011,3136.07879,314.678976
0.194051865,0.226991819,0.00350000011,3178.72757,314.78348
0.19127148,0.225017454,0.00150000001,3142.2816,315.15898
0.19781846,0.230624631,0.00150000001,3203.83538,315.672876
0.188877811,0.223421967,0.00150000001,3113.05065,315.145046
0.188417651,0.223676981,0.00150000001,3111.49011,315.136773
0.195984192,0.23112446,0.00150000001,3225.71901,315.637402
0.196109608,0.231747307,0.00243068025,3230.42236,315.652458
0.191553053,0.227136677,0.00350000011,3201.23316,314.709853
0.19461557,0.231189477,0.00350000011,3232.08434,315.273997
0.192506552,0.229773516,0.00150000001,3232.97796,315.476844
0.193716318,0.231170908,0.00350000011,3237.53032,315.215629
0.192951868,0.231085835,0.00150000001,3241.8668,315.592017
0.192350501,0.231080744,0.00150000001,3245.74569,315.582025
0.185855088,0.225529997,0.00150000001,3211.0309,315.132623
0.192669903,0.231939527,0.00350000011,3252.04539,315.264436
0.191129404,0.232118171,0.00150000001,3267.63604,315.639878
0.192306253,0.233174494,0.00150000001,3274.89593,315.689465
0.190908517,0.231940915,0.00350000011,3265.40248,315.190648
0.19177253,0.232965729,0.00350000011,3267.60454,315.363668
0.184732047,0.227075696,0.00150000001,3265.53995,315.234636
0.187747071,0.230276536,0.00150000001,3275.17339,315.472802
0.190183374,0.232640481,0.00150000001,3279.78859,315.675983
0.18651813,0.22894978,0.00350000011,3272.17185,314.7846
0.186928924,0.230066434,0.00150000001,3281.32477,315.450654
0.187470467,0.231021679,0.00150000001,3285.23642,315.535529
0.191378516,0.234206884,0.00150000001,3282.35575,315.761873
0.182254102,0.226050319,0.00350000011,3280.80983,314.640758
0.189254873,0.233162633,0.00350000011,3285.61067,315.294445
0.182736158,0.226858268,0.00150000001,3279.49972,315.25094
0.188473598,0.232515926,0.00150000001,3288.70404,315.666126
0.183142897,0.222048968,0.00295616296,3259.68047,314.899944
0.186254182,0.2304315,0.00150000001,3283.86428,315.480871
0.180265019,0.223406228,0.00150000001,3293.77322,315.103957
0.186962303,0.232510703,0.00350000011,3295.0855,315.169828
0.183756113,0.229978196,0.00150000001,3290.46998,315.475711
0.183383498,0.228969117,0.00350000011,3283.63117,314.803168
0.182478901,0.229301854,0.00150000001,3291.60055,315.431121
0.189380259,0.235485829,0.00180999927,3304.47569,315.800895
0.17837334,0.225238417,0.00350000011,3282.14885,314.652624
0.181828476,0.228485465,0.00350000011,3293.5911,314.788234
0.177623904,0.224443234,0.00350000011,3306.35551,314.632109
0.1813152,0.228249025,0.00350000011,3288.78872,314.791319
0.184255876,0.231488004,0.00350000011,3296.34999,315.071799
0.180289331,0.221329796,0.00350000011,3280.52983,314.742847
0.180843384,0.228234306,0.00350000011,3293.02531,314.802291
0.184790936,0.232369288,0.00350000011,3299.09839,315.176851
0.180037042,0.220323495,0.00222160972,3285.94553,314.926568
0.181185045,0.230279791,0.00150000001,3299.15225,315.548373
0.179812759,0.220545151,0.00350000011,3298.67933,314.778561
0.177164178,0.226906873,0.00150000001,3294.62994,315.396648
0.182777251,0.231997343,0.00150000001,3299.68167,315.679592
0.184365005,0.233737534,0.00150000001,3303.41515,315.795751
0.178452109,0.221343603,0.00350000011,3302.0309,314.65583
0.184033303,0.232808845,0.00350000011,3300.17538,315.256942
0.182767938,0.232299805,0.00150000001,3301.14854,315.703256
0.180402092,0.230792282,0.00350000011,3299.40676,315.13241
0.182669823,0.233439705,0.00150000001,3303.04598,315.799838
0.185965651,0.236493292,0.00239311496,3308.90918,315.852961
0.17731954,0.220543764,0.00150000001,3290.60861,315.006339
0.175002822,0.226465217,0.00350000011,3298.25629,314.903934
0.176410548,0.220556958,0.00150000001,3300.19188,315.015602
0.17254623,0.224373274,0.00150000001,3298.68408,315.366978
0.177351571,0.229790822,0.00150000001,3303.03004,315.648857
0.1818596,0.234161954,0.00150000001,3303.24976,315.864183
0.17641827,0.228251859,0.00350000011,3300.56756,315.0351
0.176849431,0.219765275,0.00150000001,3304.04021,314.978575
0.17308245,0.223394395,0.00150000001,3294.01722,315.265125
0.180429983,0.232888916,0.00150000001,3302.28856,315.806777
0.181243182,0.234721072,0.00216640199,3303.18603,315.901197
0.173652382,0.226716088,0.00350000011,3301.18927,315.024797
0.176912909,0.230068264,0.00350000011,3302.0331,315.268114
0.178605182,0.23135279,0.00350000011,3302.7122,315.339928
0.176924502,0.218594308,0.00233325508,3302.8459,314.870866
0.177216875,0.231100404,0.00150000001,3301.17143,315.763382
0.180460315,0.233939322,0.00150000001,3303.17087,315.883837
0.175060272,0.228528,0.00350000011,3301.50005,315.177527
0.176297264,0.230587872,0.00150000001,3300.69795,315.752977
0.17240808,0.222394628,0.00350000011,3299.91195,314.662469
0.170873054,0.223578763,0.00150000001,3300.0147,315.381845
0.172322963,0.221929608,0.00150000001,3309.29999,315.172277
0.17572332,0.231654489,0.00283321119,3303.314,315.824785
0.168615852,0.224940338,0.00150000001,3305.49126,315.559664
0.171582903,0.220606507,0.00150000001,3303.80776,315.121806
0.168591361,0.223901053,0.00150000001,3302.79722,315.474698
0.171144122,0.220921971,0.00350000011,3301.14557,314.614404
0.168591625,0.223889693,0.00350000011,3302.75338,314.98167
0.169868368,0.227016479,0.00350000011,3305.48521,315.357759
0.172493266,0.229860013,0.00183347784,3304.63356,315.853091
0.170526736,0.22094793,0.00350000011,3286.87278,314.632596
0.16883468,0.221825189,0.00150000001,3293.41716,315.309632
0.167514568,0.223138273,0.00150000001,3299.17051,315.443074
0.169048804,0.227946422,0.0023334489,3306.91836,315.808852
0.169424629,0.227808504,0.00150000001,3306.72895,315.788282
0.170801767,0.228573603,0.00150000001,3306.01498,315.801381
0.168818758,0.227818618,0.00183336248,3306.12309,315.826187
0.166817406,0.226014319,0.00150000001,3305.5959,315.725835
0.171389732,0.218812552,0.00350000011,3296.37952,314.572937
0.173490032,0.216686266,0.00215192586,3305.4679,314.81634
0.171974869,0.217752321,0.00350000011,3308.52049,314.603012
0.166613469,0.223130367,0.00350000011,3298.24276,314.998139
0.171504609,0.216966757,0.00150000001,3315.17194,314.942143
0.17232446,0.216038726,0.0023336718,3320.96726,314.783558
0.164910942,0.225647609,0.00233330182,3304.97045,315.74926
0.170163898,0.21777425,0.00150000001,3313.66292,314.991459
0.164989267,0.22551797,0.00150000001,3303.65001,315.743707
0.167895377,0.219651751,0.00350000011,3290.95383,314.63012
0.163309871,0.22475813,0.00292122697,3299.4755,315.675251
0.165650855,0.221065232,0.00350000011,3283.34168,314.796618
0.171174893,0.215400073,0.00316686889,3317.02045,314.70769
0.167901411,0.217558292,0.00150000001,3299.59795,315.028927
0.162168005,0.224123755,0.00166684474,3286.57634,315.703054
0.165595926,0.219554684,0.00350000011,3273.08945,314.666291
0.167283989,0.21754818,0.00350000011,3287.41905,314.531928
0.167742721,0.216779718,0.00150000001,3289.73442,314.980383
0.169650879,0.214900068,0.00350000011,3318.06452,314.597406
0.161777903,0.223733615,0.00350000011,3275.73182,315.454071
0.162052707,0.222155299,0.00350000011,3265.11977,315.134196
0.16427138,0.219769321,0.00350000011,3274.843,314.703709
0.165061243,0.217845574,0.00150000001,3267.83244,315.09916
0.160821863,0.22112859,0.00350000011,3242.00273,315.046919
0.166090875,0.215511082,0.00150000001,3293.13217,314.921934
0.159023774,0.222203554,0.00150000001,3249.9197,315.572727
0.164528737,0.216020256,0.00350000011,3279.22674,314.471926
0.158555789,0.221423573,0.00350000011,3249.90649,315.238401
0.166491158,0.212797998,0.0021337753,3335.99102,314.631405
0.158834779,0.219843392,0.00150000001,3253.69356,315.329153
0.158088714,0.220643121,0.00150000001,3257.50864,315.429707
0.157802428,0.221698435,0.0028333937,3257.37851,315.5121
0.158031907,0.221825926,0.00333336712,3255.21468,315.460979
0.159852568,0.218016014,0.00350000011,3259.91412,314.63715
0.161160873,0.21676212,0.00150000001,3277.80378,315.012904
0.162966536,0.214796955,0.00150000001,3299.04177,314.893827
0.166136852,0.212601168,0.00319306915,3320.33103,314.553821
0.158355406,0.218541606,0.00350000011,3258.80379,314.762713
0.162243908,0.21526676,0.00350000011,3283.37737,314.412358
0.160629215,0.215506609,0.00350000011,3295.18052,314.409855
0.157893189,0.217215849,0.00150000001,3268.03666,315.059277
0.160281361,0.214881737,0.00150000001,3314.8841,314.896598
0.163777444,0.211290383,0.00242083589,3328.21639,314.513598
0.157128648,0.216965192,0.00150000001,3295.68429,315.026329
0.158264242,0.215909089,0.00350000011,3288.16012,314.429289
0.154727408,0.219123351,0.00350000011,3267.59191,315.028495
0.160710749,0.211489491,0.00150000001,3351.96988,314.659518
0.153670325,0.21940282,0.00283335863,3266.53569,315.309721
0.15556456,0.215976079,0.00350000011,3299.90385,314.46737
0.153515918,0.21914391,0.00150000001,3266.42058,315.309095
0.161761179,0.210170235,0.00203523361,3355.77658,314.4586
0.153210877,0.219147573,0.00183338897,3266.4586,315.323916
0.161305894,0.209917299,0.00177047834,3360.92275,314.464476
0.152749442,0.218891221,0.00183350783,3266.64344,315.290646
0.15305659,0.218888895,0.00150000001,3266.51223,315.275645
0.154197562,0.215731565,0.00350000011,3298.1045,314.458131
0.1593461,0.209693606,0.00150000001,3377.89063,314.535161
0.160095025,0.209417936,0.00150000001,3379.65977,314.499596
0.158076923,0.210883648,0.00350000011,3376.25225,314.217608
0.152539615,0.216539655,0.00350000011,3268.00802,314.605095
0.157114093,0.211042784,0.00150000001,3387.75654,314.666898
0.154291776,0.21398771,0.00350000011,3372.23039,314.284655
0.151976706,0.215527318,0.00150000001,3319.42056,314.890764
0.150742723,0.217776374,0.00256670553,3259.91527,315.08338
0.155339495,0.212084589,0.00150000001,3395.75336,314.710088
0.151984069,0.215015532,0.00150000001,3340.40696,314.853731
0.156430225,0.210628399,0.00350000011,3398.98271,314.176663
0.155577969,0.211116537,0.00350000011,3406.86434,314.164024
0.150898366,0.215356259,0.00350000011,3346.12648,314.45388
0.15019189,0.216236152,0.00350000011,3325.60638,314.559264
0.151581433,0.2142672,0.00150000001,3373.32135,314.805922
0.156937075,0.208181305,0.00150000001,3418.27299,314.435644
0.149432246,0.215261694,0.00150000001,3367.7732,314.853079
0.149885537,0.214464783,0.00150000001,3388.65167,314.80168
0.150477396,0.213416372,0.00350000011,3405.35885,314.275704
0.147910041,0.215745661,0.00150000001,3398.70532,314.863432
0.147558285,0.217284561,0.00350000011,3397.16049,314.656353
0.150775662,0.21156657,0.00150000001,3431.98027,314.70758
0.147000899,0.215730592,0.00150000001,3408.06309,314.866952
0.149112769,0.213413752,0.00350000011,3419.01186,314.272318
0.15230262,0.209459993,0.00150000001,3439.00554,314.611074
0.146782515,0.214395314,0.00350000011,3424.04402,314.323718
0.147028019,0.21901485,0.00215839701,3400.49489,315.162074
0.145185332,0.215204543,0.00150000001,3434.40365,314.843411
0.143342993,0.216762528,0.00150000001,3444.27965,314.928657
0.148480247,0.21079609,0.00350000011,3445.71332,314.146362
0.145809767,0.213814181,0.00350000011,3434.27387,314.275883
0.142064706,0.216926972,0.00350000011,3444.41079,314.453059
0.152882466,0.20524138,0.00203665612,3462.26333,314.097868
0.14244575,0.214942493,0.00150000001,3444.23552,314.870054
0.143757504,0.219103437,0.00150000001,3439.81562,315.081185
0.144386518,0.212915714,0.00150000001,3446.75385,314.786198
0.144705396,0.220305197,0.00166252489,3441.82392,315.266652
0.151218151,0.205343002,0.00350000011,3459.19488,313.978239
0.145797153,0.209767643,0.00150000001,3450.37803,314.653702
0.140825359,0.215015329,0.00150000001,3455.68562,314.880768
0.146425668,0.20845189,0.00150000001,3456.97596,314.575362
0.148060578,0.207313618,0.00150000001,3457.71155,314.488861
0.146046407,0.209186362,0.00350000011,3454.89076,314.159995
0.139750129,0.217731938,0.00350000011,3453.01502,314.494771
0.141542288,0.219814953,0.00350000011,3443.84847,314.739985
0.149231764,0.205517795,0.00150000001,3459.28528,314.310525
0.137908628,0.216871474,0.00350000011,3454.09172,314.451032
0.14948606,0.205097949,0.00150000001,3459.38883,314.256907
0.138916249,0.218527195,0.00150000001,3451.31456,315.055724
0.137503033,0.216622591,0.00150000001,3447.00761,314.996834
0.142554695,0.221500036,0.00276298755,3445.37917,315.289759
0.148994826,0.204591649,0.00216772335,3459.87258,314.058761
0.139078466,0.214532763,0.00350000011,3456.95979,314.384517
0.148983434,0.204595289,0.00183411762,3459.60917,314.095347
0.14562742,0.207412011,0.00350000011,3457.73703,314.157061
0.14190447,0.210897086,0.00350000011,3458.21413,314.290138
0.135844033,0.21631049,0.00350000011,3456.91075,314.476206
0.145548681,0.206782721,0.00150000001,3457.72797,314.43196
0.145940114,0.205891739,0.00233321973,3458.38929,314.207467
0.137225627,0.215044881,0.00150000001,3454.58838,314.95358
0.141742211,0.2106387,0.00350000011,3456.13784,314.298847
0.143883931,0.20703406,0.00283348623,3457.37235,314.294816
0.137135973,0.218974359,0.00350000011,3456.70669,314.536279
0.138628854,0.212192616,0.00150000001,3457.80537,314.817854
0.141270127,0.209339798,0.00350000011,3458.64798,314.341636
0.134916057,0.217319431,0.00350000011,3455.24574,314.501979
0.142958848,0.207547999,0.00183323974,3457.45246,314.413028
0.141414498,0.209100456,0.00150000001,3457.70228,314.61872
0.135610372,0.218587532,0.00150000001,3445.56543,315.088224
0.13619074,0.214246867,0.00350000011,3458.08006,314.466757
0.137565442,0.220816362,0.00350000011,3466.55611,314.679723
0.14126743,0.208835276,0.00150000001,3458.27467,314.593333
0.134483085,0.215535133,0.00150000001,3458.65147,314.987721
0.136028061,0.219318066,0.00150000001,3457.10771,315.104646
0.138202863,0.211922624,0.00350000011,3458.84513,314.430556
0.139816715,0.222674416,0.00350000011,3469.10171,315.146599
0.137740734,0.211138999,0.00150000001,3458.50597,314.765785
0.136832027,0.21216433,0.00350000011,3458.08792,314.493965
0.132663372,0.215515704,0.00150000001,3459.64282,314.985031
0.13508084,0.220321848,0.00150000001,3445.29505,315.14872
0.136566096,0.222409289,0.00150000001,3472.86676,315.229535
0.133358324,0.218872964,0.00150000001,3450.88516,315.107756
0.132230545,0.215236027,0.00350000011,3460.10955,314.594495
0.134763001,0.221360656,0.00150000001,3457.9542,315.186927
0.135315334,0.212140857,0.00350000011,3459.68019,314.581907
0.134606903,0.221619164,0.00150000001,3452.15395,315.192247
0.132177414,0.213537682,0.00266666618,3460.7804,314.774924
0.136378465,0.224238864,0.00150000001,3465.12628,315.405802
0.130771914,0.218609972,0.00150000001,3452.87669,315.075494
0.129290098,0.21704215,0.00150000001,3458.3507,315.018923
0.130715979,0.215215074,0.00350000011,3460.66713,314.661425
0.130809044,0.218612815,0.00350000011,3452.80159,314.553199
0.137042649,0.224215183,0.00350000011,3464.96394,315.201441
0.130564295,0.214433862,0.00216659963,3461.61209,314.839042
0.134138105,0.22239342,0.00150000001,3445.54,315.217022
0.129727614,0.217828193,0.00150000001,3457.46442,315.041903
0.130724153,0.214691304,0.00350000011,3461.45424,314.697803
0.134160779,0.22288657,0.00350000011,3448.39356,314.782585
0.127788331,0.215976067,0.00207790464,3460.84176,314.888304
0.136266081,0.224993709,0.00317777904,3468.58404,315.416794
0.134555038,0.224216166,0.00150000001,3470.01477,315.335083
0.135912968,0.225016814,0.00150000001,3472.2582,315.467351
0.127343581,0.216223146,0.00213694871,3458.70456,314.884877
0.128537115,0.218328903,0.00350000011,3451.03579,314.604064
0.128965761,0.219640074,0.00350000011,3441.51218,314.566986
0.127204976,0.216473501,0.00350000011,3453.28654,314.757063
0.130738868,0.221609606,0.00150000001,3436.37041,315.185814
0.131835136,0.223672323,0.00150000001,3455.76821,315.270775
0.129801062,0.221841303,0.00350000011,3432.004,314.618135
0.125753086,0.217106756,0.00333303109,3422.95239,314.824951
0.131508708,0.22470548,0.00150000001,3453.02904,315.321647
0.126957642,0.219890103,0.00150000001,3420.64869,315.062474
0.130478507,0.223358052,0.00350000011,3432.43274,314.727579
0.130463247,0.223917779,0.00150000001,3437.06167,315.276633
0.129118904,0.222601399,0.00350000011,3432.22397,314.638145
0.128451526,0.221943553,0.00150000001,3424.95796,315.14984
0.131937146,0.226531974,0.00350000011,3471.90103,315.169569
0.129684407,0.224683297,0.00150000001,3448.50328,315.292565
0.126635835,0.221448002,0.00150000001,3422.06812,315.070882
0.127765153,0.2228567,0.00350000011,3421.60192,314.611597
0.12422648,0.219860083,0.00150000001,3402.01191,315.048009
0.131839353,0.227453,0.00266699121,3469.42892,315.524512
0.122865747,0.219577647,0.00150000001,3418.94063,315.017815
0.131148765,0.22783666,0.00316680707,3472.16053,315.476266
0.130079286,0.228084268,0.00150000001,3476.01692,315.509764
0.129171029,0.22807002,0.00350000011,3482.15018,315.165664
0.123854446,0.223495317,0.00150000001,3437.06006,315.033398
0.128709785,0.22832526,0.00150000001,3483.98557,315.455387
0.128115798,0.227792829,0.00350000011,3474.38558,315.049073
0.123399515,0.223752691,0.00150000001,3434.41771,315.028313
0.120732523,0.220069693,0.00150000001,3426.48587,314.988014
0.127353753,0.228043597,0.00350000011,3481.6252,315.027295
0.121586145,0.22425929,0.00350000011,3432.88928,314.480776
0.12582357,0.228542799,0.00150000001,3476.62,315.390202
0.120517706,0.223996166,0.00150000001,3428.28583,314.989101
0.123276769,0.226691317,0.00150000001,3483.91095,315.170981
0.119768935,0.223204423,0.00150000001,3426.35909,314.97794
0.118818622,0.220959236,0.00166684149,3426.41967,314.926288
0.121115379,0.22504077,0.00350000011,3456.70918,314.467777
0.126782022,0.230262632,0.00266668636,3491.10415,315.552142
0.119315541,0.223458376,0.00350000011,3428.86146,314.497376
0.120054974,0.224782588,0.00150000001,3448.40942,314.981429
0.125044745,0.229840065,0.00150000001,3504.22336,315.450319
0.117801235,0.222915633,0.00150000001,3425.07795,314.948274
0.117345932,0.223166103,0.00350000011,3423.22622,314.542416
0.121727649,0.227689871,0.00150000001,3499.82944,315.166666
0.118394986,0.223974013,0.00350000011,3432.81998,314.464767
0.121473211,0.227207541,0.00350000011,3499.23832,314.583158
0.121050161,0.227493928,0.00350000011,3504.37078,314.585777
0.122310119,0.230317727,0.00150000001,3525.78586,315.436898
0.124028173,0.231792549,0.00233327739,3540.17508,315.585471
0.120073597,0.228991163,0.00150000001,3530.86192,315.243618
0.123036723,0.23216976,0.00150000001,3544.29837,315.613346
0.120803699,0.230294435,0.00150000001,3538.61821,315.396861
0.122283926,0.231893337,0.00150000001,3544.43549,315.549749
0.117890033,0.228562885,0.00350000011,3544.24031,314.583044
0.122192181,0.232812544,0.00266664753,3556.35678,315.605719
0.119418752,0.231578685,0.00150000001,3559.87274,315.498837
0.119576795,0.231854054,0.00350000011,3560.8531,315.079667
0.115327048,0.227686382,0.00350000011,3542.44234,314.466434
0.113191323,0.2270377,0.00150000001,3552.5245,315.021852
0.11459789,0.228291587,0.00150000001,3565.91072,315.123576
0.115553382,0.229817892,0.00150000001,3573.0464,315.286138
0.113380099,0.227764869,0.00150000001,3560.65841,315.095626
0.119531887,0.233948869,0.00150000001,3581.61932,315.675124
0.119899835,0.234086069,0.00166663853,3575.74918,315.709328
0.10896954,0.224462222,0.00150000001,3575.13858,314.934239
0.109523737,0.225816042,0.00150000001,3573.28918,315.012028
0.11021965,0.222924448,0.00350000011,3562.18872,314.449979
0.112389597,0.229377969,0.00150000001,3585.36531,315.240933
0.110557143,0.227659645,0.00350000011,3578.5053,314.495497
0.11034204,0.227771821,0.00150000001,3582.5386,315.121307
0.109783991,0.22166876,0.00150000001,3582.30493,314.791853
0.117570984,0.235212087,0.00150000001,3598.04084,315.785063
0.114007683,0.23194426,0.00350000011,3593.81582,314.959843
0.107953866,0.223223753,0.00350000011,3577.53948,314.390093
0.110099682,0.228558013,0.00350000011,3583.54154,314.593862
0.1093061,0.228152385,0.00150000001,3590.83805,315.192305
0.108654633,0.227872458,0.00350000011,3587.3868,314.560028
0.107226467,0.226748128,0.00150000001,3591.77433,315.129707
0.110698259,0.230342343,0.00350000011,3589.62125,314.796807
0.107034931,0.222179652,0.00350000011,3592.25932,314.389379
0.10778414,0.221390502,0.00350000011,3594.57915,314.453262
0.10435076,0.225702209,0.00150000001,3590.00171,315.110519
0.102576959,0.224445303,0.00150000001,3598.65642,315.070454
0.10417139,0.222522666,0.00150000001,3589.25616,314.888441
0.105662145,0.220923135,0.00150000001,3598.41946,314.801688
0.113579036,0.235870384,0.00350000011,3603.23534,315.59487
0.103634306,0.225635335,0.00350000011,3591.68508,314.547355
0.106408489,0.220618602,0.00350000011,3591.46308,314.445338
0.112258851,0.235005784,0.00350000011,3602.98306,315.491363
0.105052178,0.220403715,0.00150000001,3598.70546,314.797419
0.112485976,0.236298812,0.0021672222,3604.6917,315.897418
0.110236921,0.233912929,0.00350000011,3601.11839,315.407661
0.104138944,0.228069975,0.00150000001,3601.86208,315.359857
0.105481502,0.219588121,0.00350000011,3597.24709,314.482349
0.105037972,0.219352477,0.00150000001,3609.22638,314.75601
0.104283097,0.219625693,0.00150000001,3600.83179,314.769985
0.106853757,0.231654751,0.00150000001,3597.48695,315.639159
0.109907547,0.235090169,0.0033333931,3601.61897,315.760846
0.106097175,0.231581284,0.00350000011,3598.99122,315.269357
0.109444469,0.234832901,0.00333318581,3601.75539,315.74903
0.102878873,0.228344862,0.00350000011,3600.2366,314.961254
0.104253546,0.219080921,0.00350000011,3598.99923,314.462035
0.101894385,0.227873085,0.00150000001,3600.83094,315.435172
0.103531451,0.229650913,0.00150000001,3600.46241,315.552391
0.101458173,0.22167306,0.00350000011,3607.47156,314.336661
0.104180216,0.218180806,0.00233310099,3599.20212,314.63012
0.102189701,0.219411697,0.00350000011,3597.57469,314.349642
0.0968261138,0.224891641,0.00150000001,3602.98674,315.321777
0.098174857,0.226157954,0.00150000001,3603.78971,315.402217
0.101803378,0.230587851,0.00223248168,3602.2385,315.704026
0.0963716407,0.224125734,0.00150000001,3600.17494,315.260649
0.0980538033,0.226624655,0.00350000011,3603.74465,315.034182
0.097593921,0.222572289,0.00350000011,3596.58127,314.510918
0.0969903434,0.226187382,0.00150000001,3603.32955,315.44343
0.0969320857,0.222058563,0.00150000001,3595.75145,315.059735
0.095029446,0.223895827,0.00150000001,3603.19595,315.269565
0.0996326236,0.229381879,0.00318423447,3602.9843,315.587576
0.0958896916,0.22558504,0.00350000011,3604.20896,315.019784
0.0978825976,0.220826392,0.00150000001,3591.83511,314.916533
0.101193165,0.216521338,0.00283343092,3603.70856,314.54451
0.0967569807,0.227784298,0.00336912058,3605.16818,315.496951
0.0932211301,0.222358827,0.00150000001,3595.97647,315.156432
0.097278388,0.218147548,0.00150000001,3601.14092,314.720529
0.0969746988,0.218148658,0.00150000001,3605.05193,314.719317
0.0968191923,0.217889237,0.00150000001,3596.07233,314.704392
0.0993493749,0.215497013,0.00283381474,3610.44279,314.478979
0.098890358,0.215242003,0.00216719381,3605.91137,314.51527
0.0905216402,0.223453405,0.00150000001,3587.78369,315.31499
0.097669101,0.216820032,0.00350000011,3591.75054,314.238993
0.0973583196,0.216297871,0.00350000011,3618.80812,314.233265
0.0899448479,0.223999776,0.00256723546,3587.55039,315.353885
0.0967370776,0.215776846,0.00350000011,3615.74027,314.232202
0.095384403,0.217091596,0.00350000011,3594.88745,314.18695
0.0898558065,0.223086569,0.00350000011,3579.46749,315.000947
0.0910985879,0.22134064,0.00150000001,3581.46579,315.090697
0.0946833837,0.217398755,0.00150000001,3597.96322,314.697904
0.0922746353,0.218603173,0.00150000001,3578.99984,314.843513
0.0964540294,0.214236048,0.00150000001,3619.95047,314.522121
0.0926492145,0.217681373,0.00350000011,3583.17261,314.222959
0.0879304305,0.222187205,0.00150000001,3561.25972,315.231198
0.0914622279,0.218499554,0.00150000001,3579.65414,314.843777
0.0876262522,0.221847818,0.00350000011,3560.71674,314.916439
0.0918406176,0.216377557,0.00350000011,3590.08294,314.1467
0.0919087784,0.215882216,0.00150000001,3592.89382,314.633227
0.0896593491,0.217467426,0.00150000001,3586.09717,314.767552
0.0914508488,0.216159237,0.00150000001,3595.33797,314.663906
0.0947986598,0.212968833,0.00178481566,3618.9428,314.429344
0.0858524981,0.221379405,0.00350000011,3573.1655,314.955554
0.0889794869,0.216524747,0.00350000011,3591.67201,314.137124
0.0860539396,0.218556273,0.00150000001,3581.55704,314.833917
0.0864962856,0.21777344,0.00150000001,3581.7546,314.773948
0.0929266707,0.211928841,0.00184399626,3633.59,314.341578
0.086721411,0.218252095,0.00350000011,3582.51761,314.334081
0.0833238011,0.218591037,0.00150000001,3575.18249,314.854491
0.0828280877,0.220046026,0.00166555358,3575.31923,315.060113
0.0902997204,0.211681184,0.00150000001,3638.29098,314.36568
0.0899493198,0.211660424,0.00350000011,3652.57427,314.02273
0.0835942698,0.217016092,0.00150000001,3588.43285,314.681605
0.0864201537,0.214781416,0.00350000011,3625.78493,314.012073
0.0858201736,0.214748405,0.00150000001,3624.8264,314.568277
0.0884714872,0.21169614,0.00150000001,3631.98937,314.389332
0.0832697675,0.215956835,0.00150000001,3604.42133,314.598959
0.0831269384,0.216226391,0.00350000011,3596.32823,314.125636
0.085917328,0.212487966,0.00150000001,3649.74862,314.45627
0.0808706939,0.217053656,0.00150000001,3580.23082,314.638443
0.0867670071,0.210924229,0.00350000011,3661.17004,313.944423
0.0832803554,0.214359236,0.00350000011,3649.61772,313.94504
0.0858654321,0.21145377,0.00350000011,3654.65555,313.928998
0.0796775713,0.218122607,0.00150000001,3571.18717,314.738542
0.0876580351,0.20934819,0.00150000001,3686.25891,314.243702
0.0872002895,0.209611252,0.00350000011,3691.74679,313.975447
0.0838986661,0.212759783,0.00350000011,3670.88033,313.88695
0.0847994374,0.211199019,0.00350000011,3672.24406,313.898233
0.0838828052,0.211712839,0.00350000011,3675.41488,313.87123
0.0843786856,0.210974172,0.00150000001,3679.48281,314.383822
0.0813484489,0.213905324,0.00150000001,3669.28469,314.442192
0.0864209912,0.208314575,0.00283322548,3699.70564,314.055497
0.0755740458,0.216280355,0.00150000001,3688.51086,314.456747
0.0840063154,0.207837854,0.00350000011,3722.87248,313.890041
0.077480482,0.214191009,0.00350000011,3681.96529,313.878963
0.0805267076,0.209948802,0.00350000011,3721.28583,313.79733
0.0757086602,0.218636723,0.00316525794,3684.15638,314.619481
0.0737525181,0.217303107,0.00150000001,3702.7856,314.502728
0.0752433305,0.218895237,0.00183259129,3693.26056,314.714347
0.0781518725,0.210556175,0.00350000011,3729.0977,313.776441
0.0809242183,0.207500533,0.00150000001,3735.06478,314.224662
0.0757391611,0.212680356,0.00150000001,3722.23289,314.366291
0.0719651655,0.21575329,0.00150000001,3725.84423,314.393022
0.0714766415,0.218063484,0.00150000001,3733.83925,314.484139
0.0695433488,0.21676461,0.00150000001,3732.02402,314.418086
0.072321688,0.214148125,0.00350000011,3724.99259,313.835521
0.0699825108,0.216997285,0.00350000011,3726.84246,313.944806
0.0777317917,0.207496855,0.00150000001,3745.69767,314.233489
0.0724938803,0.212564998,0.00150000001,3735.44831,314.34352
0.0792868345,0.205719057,0.00350000011,3749.12503,313.796618
0.0805567874,0.2052358,0.00150000001,3761.35327,314.055604
0.0797088404,0.205324896,0.00350000011,3754.99605,313.796595
0.080143071,0.205018927,0.00150000001,3759.33195,314.045966
0.0743326736,0.209716169,0.00350000011,3739.89516,313.806755
0.0740930529,0.209611346,0.00350000011,3741.05769,313.811788
0.0750106667,0.208288962,0.00150000001,3743.59069,314.261521
0.0690393877,0.219064218,0.00150000001,3728.55862,314.521386
0.0705828528,0.212716259,0.00350000011,3737.38944,313.844493
0.0721129536,0.210186425,0.00150000001,3740.09492,314.30727
0.0672406476,0.218522179,0.00150000001,3740.48271,314.470868
0.0724360709,0.209642448,0.00350000011,3740.81598,313.854393
0.0772370902,0.204555915,0.00233402284,3751.05968,313.899655
0.0666530049,0.214763423,0.00350000011,3743.72849,313.89452
0.0721374426,0.209141617,0.00150000001,3741.8495,314.280045
0.0721480563,0.208617462,0.00150000001,3742.6031,314.263395
0.0712405143,0.208602801,0.00150000001,3742.94821,314.263419
0.0692254894,0.210921884,0.00150000001,3742.57178,314.329149
0.0678390083,0.212205194,0.00150000001,3744.92186,314.356126
0.0646103938,0.21554136,0.00150000001,3745.20387,314.398731
0.0748373924,0.205393544,0.0016384085,3748.21006,314.04073
0.0673425949,0.221378934,0.00150000001,3755.5181,314.612363
0.0629338035,0.216866275,0.00150000001,3748.99244,314.411019
0.0744330739,0.205758276,0.00350000011,3746.7336,313.908033
0.0651578635,0.214227217,0.00350000011,3748.36928,313.948255
0.0645409468,0.218023537,0.00350000011,3741.91329,313.938555
0.0703309048,0.20858897,0.00150000001,3742.95877,314.264939
0.0698251672,0.208177821,0.00271569276,3742.87175,314.137553
0.0662478105,0.212413748,0.00350000011,3747.44191,313.983702
0.0623783071,0.218368841,0.00350000011,3749.60192,313.933804
0.0616122455,0.217608192,0.00350000011,3751.20877,313.950901
0.0662725734,0.223185806,0.00150000001,3758.93665,314.778157
0.0655287089,0.223427378,0.00150000001,3754.00426,314.76758
0.0639340918,0.221380762,0.00350000011,3742.62357,314.09474
0.0632653929,0.221628505,0.00150000001,3752.20368,314.537218
0.0616166602,0.219959599,0.00150000001,3759.12097,314.447442
0.0631142841,0.222157887,0.00350000011,3751.41703,314.139626
0.0606213032,0.213291079,0.00164331651,3753.15338,314.428992
0.0637549629,0.223392107,0.00150000001,3753.9644,314.666758
0.0590266994,0.21417697,0.00203904392,3754.98075,314.428348
0.064002423,0.224272617,0.00350000011,3758.83962,314.509523
0.0637214111,0.224416417,0.00150000001,3763.94133,314.781412
0.0559295571,0.216771594,0.00150000001,3762.46232,314.502705
0.0560249067,0.216670924,0.00350000011,3761.26251,314.224608
0.0571557708,0.218650631,0.00150000001,3757.00819,314.462825
0.0577058082,0.214910799,0.00319898533,3758.41404,314.370067
0.0564999269,0.215915119,0.00350000011,3761.12412,314.275562
0.0621722059,0.224064737,0.00150000001,3755.09597,314.673966
0.0605894534,0.222325915,0.00350000011,3763.84767,314.059163
0.0551102937,0.217179254,0.00350000011,3763.79736,314.23087
0.0553282536,0.218031003,0.00150000001,3763.12761,314.495472
0.0544213201,0.216735512,0.00210788233,3764.11904,314.476481
0.0602570031,0.223057254,0.00350000011,3755.24244,314.104905
0.0552799762,0.218388101,0.00350000011,3763.59448,314.117586
0.0568435301,0.220700322,0.00150000001,3757.52647,314.450395
0.0538805189,0.217035955,0.0020688496,3764.7133,314.479954
0.0605491841,0.224742705,0.00150000001,3765.05362,314.633957
0.0555727209,0.219813214,0.00150000001,3755.62138,314.460846
0.061611705,0.225608617,0.00350000011,3759.66765,314.534995
0.0615245196,0.226516798,0.00238774484,3780.08604,314.907276
0.0556678159,0.220575832,0.00150000001,3759.11442,314.447961
0.059277735,0.22471105,0.00350000011,3765.43957,314.214057
0.0615224329,0.226343464,0.00350000011,3758.32543,314.71488
0.0594571661,0.225461315,0.00150000001,3756.25761,314.64384
0.0529443788,0.217951488,0.00350000011,3765.1073,314.289543
0.0578896369,0.224467965,0.00350000011,3753.66176,314.137962
0.0611422628,0.226590128,0.00350000011,3761.91488,314.7254
0.0573039122,0.224613975,0.00150000001,3765.64041,314.535318
0.0539071368,0.221853237,0.00350000011,3757.58656,313.975275
0.0521583102,0.21993966,0.00350000011,3755.55126,314.12692
0.0539980313,0.222432431,0.00150000001,3757.61622,314.436694
0.0525373622,0.220338275,0.00150000001,3758.36331,314.470827
0.0596657463,0.227549447,0.00180435849,3764.92387,314.920728
0.0592679503,0.227770447,0.00185088985,3775.71838,314.925576
0.0551328827,0.224466366,0.00150000001,3763.59043,314.459884
0.0554450089,0.225522733,0.00150000001,3755.05066,314.511057
0.0542089228,0.224375388,0.00350000011,3759.89786,313.991601
0.0499496688,0.219219763,0.00323348973,3744.75485,314.407386
0.0561010553,0.229529836,0.00316700551,3775.33076,314.879414
0.051787769,0.225513719,0.00150000001,3755.54345,314.429407
0.0526462558,0.227095906,0.00150000001,3767.20093,314.505191
0.0496106361,0.223772688,0.00150000001,3754.67673,314.426365
0.0476964092,0.22395999,0.00350000011,3752.25082,313.988242
0.0526458257,0.231449409,0.00233322891,3816.51612,314.9216
0.0446244954,0.223916473,0.00350000011,3751.83489,314.073938
0.0448810444,0.224481135,0.00150000001,3754.49746,314.438356
0.0513620128,0.23129399,0.00150000001,3818.39544,314.793077
0.0499384493,0.230167702,0.00350000011,3802.92792,314.271649
0.0454982426,0.227648726,0.00350000011,3795.96647,313.951974
0.0498360281,0.232315804,0.00150000001,3824.22608,314.865625
0.0404762074,0.224180719,0.00350000011,3788.42904,314.076943
0.0422985089,0.22788126,0.00150000001,3806.49693,314.477804
0.0430171255,0.228699032,0.00150000001,3813.23783,314.491656
0.0451943528,0.231627623,0.00350000011,3862.37198,314.254843
0.0385241936,0.226591901,0.00350000011,3810.61391,313.997112
0.0391178265,0.228442139,0.00350000011,3830.14718,314.037563
0.0414965321,0.231562874,0.00350000011,3877.95089,314.2482
0.0353600163,0.225764946,0.00350000011,3815.55808,314.037523
0.038351313,0.229494647,0.00150000001,3847.34215,314.61484
0.0339293928,0.223460421,0.00150000001,3805.79915,314.499312
0.0367577717,0.221070182,0.00350000011,3788.73784,314.273515
0.0336487688,0.22399283,0.00350000011,3813.9274,314.017856
0.0365490398,0.228964416,0.00150000001,3839.01944,314.650324
0.0339177959,0.222943415,0.00350000011,3802.49682,314.034185
0.032282743,0.224831387,0.00350000011,3826.56561,314.064888
0.0421787242,0.234866392,0.00150000001,3930.38699,315.121963
0.0351601017,0.228215007,0.00150000001,3836.7666,314.650276
0.0337552816,0.226229992,0.00350000011,3831.68049,314.101575
0.0326879355,0.225282887,0.00350000011,3838.14392,314.06904
0.0344960468,0.221888291,0.00350000011,3793.30411,314.096597
0.0317208593,0.224258995,0.00350000011,3831.45907,314.055483
0.0395284021,0.232538035,0.00150000001,3888.30623,314.872711
0.0359425673,0.229497337,0.00150000001,3842.41639,314.710774
0.0346986358,0.227969317,0.00150000001,3838.40542,314.645854
0.0365533821,0.23053401,0.00150000001,3854.85945,314.773279
0.0423506877,0.236479672,0.00163487572,3936.05425,315.395179
0.0388345121,0.233347669,0.00150000001,3899.72165,314.994328
0.0305537833,0.224925757,0.00350000011,3847.30956,314.142037
0.0308923743,0.223016133,0.00350000011,3829.93912,314.030674
0.0333128396,0.22859083,0.00350000011,3843.51814,314.324678
0.0316425777,0.222725848,0.00350000011,3823.10513,314.007919
0.0297848751,0.22317981,0.00150000001,3845.00018,314.565042
0.0374849706,0.233477439,0.00350000011,3898.41197,314.782231
0.0341477352,0.219273877,0.00283283237,3786.58832,314.396767
0.02867853,0.223654486,0.00150000001,3863.85663,314.639317
0.0361160874,0.232191811,0.00350000011,3876.9737,314.648537
0.0381062342,0.235200553,0.00202971757,3912.22209,315.402904
0.0375181941,0.234531423,0.00350000011,3911.46023,315.041897
0.0376425798,0.234942964,0.00256106784,3906.97239,315.364513
0.0381313351,0.23504448,0.00350000011,3916.43057,315.142965
0.0287467441,0.226005983,0.00350000011,3868.01355,314.346909
0.0324723254,0.230858381,0.00150000001,3864.91166,315.030174
0.027044052,0.224735193,0.00350000011,3886.83414,314.357364
0.0286286843,0.222154671,0.00150000001,3858.93163,314.556467
0.0315333547,0.229648472,0.00350000011,3859.81541,314.626618
0.0324536867,0.218506121,0.00350000011,3785.11959,314.24982
0.0293363781,0.221426253,0.00350000011,3836.02733,314.009281
0.0259797769,0.224513237,0.00350000011,3901.99058,314.432935
0.0308070723,0.219315792,0.00150000001,3793.68895,314.476578
0.0303422557,0.219060662,0.00350000011,3803.17997,314.059588
0.026891605,0.222684181,0.00350000011,3891.06956,314.152947
0.0298972485,0.230640001,0.00176814512,3872.77131,315.327935
0.0246760297,0.225494034,0.00150000001,3927.70503,315.052195
0.0301688598,0.217753729,0.00150000001,3767.85526,314.444006
0.0240941139,0.223951886,0.00150000001,3941.79817,314.953443
0.0271906622,0.229136348,0.0020830864,3890.54808,315.361128
0.0259307762,0.228436408,0.00220840263,3906.92987,315.372755
0.0303635212,0.217171537,0.00214967937,3765.57305,314.298022
0.0224284747,0.224596925,0.00350000011,3962.46566,314.915627
0.0256142978,0.220400184,0.00350000011,3890.60659,314.090644
0.0216085965,0.226035195,0.00179668439,4000.63424,315.573409
0.0274447443,0.216184495,0.00350000011,3868.25856,313.975625
0.0299999993,0.215687599,0.0027304539,3847.20198,314.272998
0.0201716801,0.223712396,0.00350000011,3979.24699,315.247052
0.0241032461,0.218644814,0.00150000001,3910.81503,314.580701
0.0201824012,0.222487747,0.00150000001,3970.17047,315.342054
0.0201152662,0.222697296,0.00350000011,3952.27774,315.142228
0.0244104659,0.217851238,0.00150000001,3897.97387,314.529912
0.0266970362,0.215392901,0.00350000011,3881.89109,313.944014
0.0299999993,0.213310916,0.0028332605,3884.40824,314.299871
0.0193973998,0.221862353,0.00150000001,3961.13258,315.43343
0.0256497808,0.215114021,0.00150000001,3891.8524,314.409375
0.0269885237,0.213820276,0.00350000011,3884.30921,313.947329
0.0262427993,0.213555216,0.00350000011,3888.15999,313.910912
0.0187618327,0.221729526,0.00350000011,3954.19587,315.350898
0.0257978939,0.213814087,0.00350000011,3895.4992,313.894077
0.0230983581,0.21610337,0.00150000001,3914.75559,314.519682
0.0199010555,0.21945644,0.00350000011,3955.53091,314.84509
0.0299999993,0.210437807,0.00233346099,3899.87971,314.333937
0.0205498023,0.217956922,0.00350000011,3943.66833,314.557186
0.0269524689,0.211217881,0.00150000001,3897.87863,314.35001
0.0253522856,0.212508072,0.00350000011,3895.28867,313.863919
0.0187488095,0.217943995,0.00350000011,3950.89525,315.004345
0.0274431358,0.208451679,0.00150000001,3903.08103,314.305228
0.0223499585,0.213777791,0.00350000011,3906.46855,314.03526
0.0299999993,0.207838971,0.00334175172,3906.08829,314.238399
0.0267243694,0.208839623,0.00150000001,3900.77974,314.300821
0.0250987384,0.210315191,0.00150000001,3905.68911,314.308397
0.0233133217,0.21164906,0.00150000001,3898.74399,314.365416
0.018603432,0.216641419,0.00350000011,3948.17596,314.939497
0.0187559586,0.215329778,0.00350000011,3943.70585,314.793433
0.0290402677,0.204276068,0.00350000011,3902.21677,313.983501
0.0179999992,0.214513354,0.00216653186,3939.8187,315.197839
0.025331174,0.20632093,0.00150000001,3905.63398,314.243503
0.0271855462,0.203854163,0.00150000001,3905.77683,314.251674
0.0220382247,0.209340926,0.00150000001,3904.72349,314.366048
0.0272058131,0.203340151,0.00150000001,3905.07324,314.247529
0.0285136282,0.20207468,0.00150000001,3897.99571,314.270059
0.0242144118,0.205217889,0.00350000011,3907.37577,313.71851
0.0238155952,0.205619094,0.00150000001,3907.21418,314.236748
0.0244339666,0.203851454,0.00150000001,3908.3675,314.207426
0.0293955151,0.199485415,0.00150000001,3897.56138,314.240752
0.0261699876,0.200648823,0.00350000011,3907.54992,313.650695
0.0228005341,0.204712068,0.00350000011,3905.67754,313.731813
0.0227463971,0.204100849,0.00150000001,3900.03071,314.216294
0.0204875816,0.206170784,0.00150000001,3912.78185,314.359749
0.0287967305,0.197769372,0.00350000011,3896.95382,313.828358
0.0192727977,0.206492564,0.00150000001,3921.18321,314.496097
0.0225932837,0.203473314,0.00350000011,3910.69169,313.709536
0.0192264661,0.205926979,0.00150000001,3919.8266,314.482355
0.027425406,0.197653574,0.00150000001,3899.91958,314.16098
0.0210033411,0.203977627,0.00350000011,3914.94128,313.83172
0.0237836608,0.200794343,0.00150000001,3914.00247,314.157967
0.0234008638,0.2015196,0.00350000011,3908.03575,313.655151
0.0217746125,0.202790781,0.00350000011,3910.91976,313.746959
0.0271302822,0.196603813,0.00150000001,3904.42262,314.130363
0.0296995634,0.195683737,0.00350000011,3896.91031,313.867615
0.0262229983,0.197134152,0.00150000001,3909.97937,314.125942
0.0224583873,0.200958748,0.00350000011,3922.06363,313.646601
0.018300138,0.204093872,0.00350000011,3924.09192,314.313848
0.0287997588,0.193637063,0.00350000011,3896.63813,313.648634
0.0179999992,0.204619465,0.00322244219,3920.68671,314.532011
0.0280448791,0.193439871,0.00150000001,3904.23143,314.035041
0.0299999993,0.193654817,0.00321345092,3895.63697,313.871069
0.027458736,0.192371404,0.00150000001,3920.30124,313.998913
0.0179999992,0.20293527,0.001989403,3925.4091,314.556856
0.0195255821,0.200666457,0.00350000011,3930.11029,313.932628
0.0261056008,0.193707068,0.00150000001,3920.90956,314.042699
0.0244531495,0.19496165,0.00350000011,3935.00361,313.497982
0.0267333912,0.19151954,0.00350000011,3937.39686,313.410768
0.0213172969,0.196640857,0.00150000001,3932.37729,314.117408
0.0214647801,0.195853385,0.00150000001,3934.03936,314.111258
0.0262816633,0.191250613,0.00350000011,3947.0391,313.388873
0.0214448061,0.195711907,0.00350000011,3935.74986,313.645015
0.0276138594,0.189130449,0.00150000001,3952.03528,313.884968
0.0258265877,0.191014344,0.00150000001,3950.70055,313.961518
0.0242380523,0.192812163,0.00150000001,3951.65113,314.012523
0.0262838325,0.190707931,0.00350000011,3950.80746,313.366382
0.0261428816,0.190458106,0.00150000001,3948.50969,313.944336
0.025207928,0.191573092,0.00150000001,3951.86497,313.98167
0.0222065058,0.194013642,0.00150000001,3958.41049,314.077709
0.0208661979,0.195856678,0.00150000001,3934.08922,314.117419
0.0210031238,0.195424723,0.00350000011,3940.29219,313.669246
0.0244500349,0.190866105,0.00350000011,3968.85268,313.389905
0.0217652615,0.193230256,0.00150000001,3967.41435,314.075573
0.0283786994,0.186806735,0.00150000001,3962.22465,313.769325
0.0230488486,0.191642789,0.00350000011,3978.70768,313.464938
0.0195122681,0.195072728,0.00150000001,3969.41247,314.136081
0.0319919007,0.188389457,0.00150000001,3951.94752,313.798933
0.0256835005,0.189017772,0.00350000011,3972.35023,313.304039
0.0222079115,0.19177916,0.00350000011,3986.1969,313.528498
0.0258494566,0.187805269,0.00150000001,3993.12415,313.851351
0.0219205779,0.191403548,0.00150000001,4002.25444,314.04207
0.018756508,0.194079332,0.00350000011,4009.86583,313.926402
0.0293054823,0.184349521,0.00350000011,3977.48466,313.048701
0.0192103224,0.193497857,0.00150000001,3993.45266,314.144944
0.0302657693,0.184376206,0.00150000001,3960.83977,313.592149
0.0328826496,0.18715977,0.00150000001,3944.59137,313.719739
0.0249996674,0.186891639,0.00350000011,4017.83394,313.280016
0.0309784938,0.184877489,0.00350000011,3953.65787,313.032711
0.0214595294,0.189604253,0.00150000001,4032.3493,314.030668
0.0192139195,0.192246161,0.00350000011,4003.36759,313.831423
0.0199652352,0.191142092,0.00150000001,4000.95948,314.076449
0.0352401317,0.189231603,0.00183379597,3934.97339,313.815229
0.022133335,0.188546755,0.00350000011,4037.94274,313.496277
0.0179999992,0.192755262,0.00294427355,4035.3671,314.206321
0.0243370881,0.185672736,0.00150000001,4045.12742,313.826828
0.0222840653,0.18747036,0.00350000011,4052.58215,313.479556
0.0364469678,0.188683041,0.00233309624,3903.2666,313.769826
0.0240181606,0.185395126,0.00350000011,4048.43151,313.33714
0.0252103072,0.183421175,0.00350000011,4047.95783,313.246073
0.0327348243,0.182775694,0.00150000001,3959.20977,313.425115
0.0338430713,0.184146931,0.00150000001,3933.78198,313.500704
0.0350859153,0.185007771,0.00150000001,3919.22516,313.534939
0.0367201673,0.186731612,0.00150000001,3876.86768,313.673349
0.0269334991,0.180989051,0.00350000011,4034.56691,313.104515
0.0204580936,0.187715246,0.00350000011,4068.86139,313.655513
0.0297743912,0.179696912,0.00350000011,4013.87686,312.869875
0.0224312888,0.18520583,0.00150000001,4077.15421,313.887545
0.033689499,0.183361644,0.00350000011,3946.06374,312.878777
0.0374979851,0.186543052,0.00150000001,3883.91218,313.657036
0.0295456522,0.178638497,0.00323074168,4017.31719,312.896372
0.0366926884,0.185423043,0.00350000011,3899.22232,313.091995
0.0379237861,0.186847484,0.00150000001,3895.37519,313.67736
0.021304276,0.185379229,0.00350000011,4077.45582,313.585683
0.0235521225,0.182184474,0.00350000011,4064.09247,313.404641
0.0227522962,0.182866179,0.00350000011,4068.27209,313.472271
0.0222911278,0.18193601,0.00166740562,4069.11448,313.683993
0.0330175942,0.178885296,0.00150000001,3999.97571,313.024324
0.0373769427,0.183145371,0.00350000011,3941.26884,312.807221
0.0210134642,0.182726215,0.00350000011,4084.89486,313.659875
0.0314655273,0.177765823,0.00320213377,4016.8297,312.721225
0.0405313238,0.184996668,0.00150000001,3918.5717,313.511727
0.0326995207,0.177537533,0.00150000001,4013.17817,312.84223
0.0355344937,0.179722758,0.00350000011,3998.64258,312.570794
0.0352502641,0.179369032,0.00150000001,3992.97538,313.040604
0.0328758529,0.177291121,0.00150000001,4012.79925,312.798845
0.0335162294,0.176833692,0.0026387829,4019.02125,312.552219
0.0381528467,0.181693865,0.00350000011,3963.38198,312.652414
0.0419276356,0.186191825,0.00316589094,3917.58655,313.539344
0.0345578184,0.177192622,0.00150000001,4016.11005,312.760989
0.0419538898,0.184342421,0.00150000001,3917.28075,313.437208
0.0338420459,0.17668559,0.00321314372,4011.78089,312.500399
0.0352650393,0.177865643,0.00350000011,4006.98478,312.473166
0.0380929195,0.17989834,0.00150000001,4004.83735,313.04283
0.0399471621,0.181245698,0.00350000011,3992.59456,312.592522
0.0382445563,0.17833151,0.00150000001,4019.89496,312.875528
0.0433647495,0.183674707,0.00150000001,3918.79849,313.350137
0.0368613495,0.176974469,0.00350000011,4015.03431,312.340114
0.0442997027,0.185113611,0.00182143214,3914.37331,313.513581
0.0445112271,0.184339751,0.00350000011,3910.5559,313.110587
0.0434216907,0.182671422,0.00350000011,3962.59143,312.789308
0.0394587954,0.176451824,0.00350000011,4042.74489,312.2001
0.0459633201,0.182504899,0.00150000001,4012.15575,313.239213
0.0426795983,0.178520377,0.00150000001,4060.01106,312.867395
0.0459898925,0.181965908,0.00150000001,4026.35224,313.192411
0.0467941777,0.184151825,0.00150000001,3979.88916,313.393087
0.0408112791,0.176325962,0.00350000011,4058.70604,312.151807
0.0450823967,0.180934414,0.00350000011,4035.43579,312.569748
0.0462566677,0.184756346,0.00296107973,3986.23249,313.346942
0.0425763113,0.177802631,0.00350000011,4058.36418,312.250854
0.0486336,0.182035114,0.00150000001,4053.88058,313.212187
0.0456371916,0.178823812,0.00350000011,4064.49357,312.345072
0.0441972878,0.177258404,0.00150000001,4070.27918,312.739408
0.0409389396,0.17345973,0.00294743258,4078.01432,311.845146
0.047400679,0.179897503,0.00350000011,4066.19205,312.461934
0.0426711949,0.174819591,0.00150000001,4077.61422,312.381912
0.0456773947,0.178020391,0.00150000001,4074.20242,312.830573
0.0500721476,0.184628876,0.00150000001,4062.91001,313.428615
0.0418320153,0.173053784,0.00316922856,4085.73766,311.759348
0.0481378415,0.178633445,0.00150000001,4073.70448,312.904255
0.0499687548,0.17974287,0.00150000001,4080.67124,313.025976
0.0438309371,0.173304803,0.00350000011,4091.56844,311.772267
0.0485976353,0.177863759,0.00150000001,4085.0018,312.832316
0.0508338386,0.186953367,0.00150000001,4070.4233,313.59453
0.0496123021,0.179020408,0.00350000011,4084.14695,312.400236
0.0519239684,0.181103035,0.00350000011,4082.80418,312.585344
0.0534418581,0.180911931,0.00150000001,4088.85414,313.132909
0.0451053911,0.172591912,0.00350000011,4099.48193,311.677254
0.048186836,0.175620525,0.00350000011,4092.04082,312.087089
0.0532252764,0.180925353,0.00350000011,4089.06386,312.588664
0.0517759119,0.179102292,0.00150000001,4089.93878,312.975004
0.0453007814,0.172396335,0.00350000011,4099.91122,311.650819
0.0520653079,0.178062422,0.00150000001,4090.43584,312.874724
0.055420909,0.181625079,0.00150000001,4093.34729,313.192446
0.0523080472,0.178359039,0.00350000011,4090.87404,312.406113
0.0507294355,0.175792563,0.00350000011,4094.93545,312.174037
0.0538816973,0.178551869,0.00150000001,4096.06033,312.930868
0.0474990173,0.171946106,0.00283338699,4099.18273,311.615266
0.0488546686,0.173161769,0.00150000001,4097.41057,312.121076
0.0570494864,0.185774708,0.00150000001,4100.83839,313.446561
0.0567294079,0.180138474,0.00350000011,4094.4043,312.620506
0.0501837403,0.173384099,0.00150000001,4096.80164,312.140051
0.0570738401,0.180330985,0.00150000001,4095.48346,313.108199
0.0550358044,0.178324696,0.00350000011,4091.78788,312.484545
0.0531806234,0.176263496,0.00350000011,4094.06236,312.294746
0.0513733252,0.173871428,0.00176944259,4096.41196,312.125224
0.0533967322,0.175689655,0.00150000001,4094.35702,312.55036
0.0547693009,0.1769711,0.00150000001,4095.89354,312.735022
0.0559311845,0.188917886,0.00150000001,4105.07074,313.647385
0.0552239941,0.177223797,0.00150000001,4095.24657,312.766614
0.0572059877,0.179021814,0.00150000001,4095.90917,312.976477
0.0531026492,0.174832161,0.0033552432,4094.63732,312.192736
0.0540384692,0.175352063,0.00271502558,4094.90943,312.297963
0.0556716957,0.176953194,0.00150000001,4095.18343,312.722915
0.0612634605,0.182308564,0.00150000001,4100.51985,313.263173
0.060558134,0.181921594,0.00350000011,4098.95954,312.776028
0.058856089,0.178727397,0.00150000001,4097.5604,312.928334
0.0615957982,0.181642089,0.00150000001,4100.49866,313.205307
0.0582146947,0.188621816,0.00150000001,4091.80931,313.601843
0.0589382305,0.187802407,0.00150000001,4101.333,313.568993
0.0606900688,0.186704465,0.00150000001,4094.20178,313.511259
0.0628344631,0.184133241,0.00150000001,4097.05657,313.382619
0.0600152383,0.186947194,0.00350000011,4108.371,312.972372
0.0609759953,0.186642987,0.00350000011,4088.21854,312.958609
0.0579917167,0.17754831,0.00163663022,4096.58184,312.709002
0.0599083276,0.178963141,0.00150000001,4099.77526,312.939111
0.0626170355,0.181601607,0.00150000001,4101.04491,313.192087
0.0614168832,0.179451185,0.00206514102,4099.45268,312.871803
0.0637771067,0.184663144,0.00150000001,4097.84978,313.405435
0.0587658447,0.189797748,0.00350000011,4103.33315,313.303139
0.0615319173,0.187136509,0.00350000011,4091.71539,312.986617
0.0631476311,0.185460915,0.00350000011,4092.03689,312.916015
0.0612152227,0.188950277,0.00150000001,4107.14494,313.606405
0.0658900801,0.182612976,0.00350000011,4101.30754,312.95836
0.0656399342,0.184906746,0.00350000011,4096.39645,312.934004
0.0670148107,0.183966597,0.00350000011,4097.86256,312.981496
0.0659805996,0.185790274,0.00350000011,4096.11969,312.942864
0.061085655,0.19107673,0.00350000011,4114.68447,313.325467
0.0682465944,0.183245466,0.0017967741,4099.89017,313.180937
0.0676740194,0.18588192,0.00150000001,4092.26321,313.424535
0.0654078269,0.188387688,0.00350000011,4084.62422,313.019161
0.0646367469,0.190102905,0.00150000001,4085.19061,313.651086
0.0630311901,0.191872959,0.00350000011,4102.14297,313.327137
0.069121431,0.186703206,0.00350000011,4076.66793,313.00225
0.0704114437,0.185834282,0.00150000001,4058.14349,313.398434
0.0707049314,0.185304629,0.00150000001,4062.2473,313.358611
0.0707603574,0.185335332,0.00350000011,4062.17043,313.075966
0.0707145601,0.185829412,0.00150000001,4055.2018,313.392575
0.0662819301,0.190512802,0.00150000001,4064.87496,313.652623
0.0666826963,0.190695545,0.00350000011,4075.75202,313.114785
0.0713568904,0.185844511,0.00350000011,4052.99277,313.077578
0.06731938,0.190659637,0.00150000001,4072.9441,313.649623
0.0627792456,0.193935554,0.00321718093,4117.63543,313.717959
0.0689357852,0.18895053,0.00150000001,4070.99749,313.524005
0.0693905919,0.189219414,0.00150000001,4071.72409,313.529395
0.0723898974,0.185547301,0.00216673868,4049.80609,313.243396
0.0689022809,0.189958071,0.00150000001,4073.74969,313.570763
0.0716498255,0.187383145,0.00150000001,4049.17756,313.44943
0.0716583831,0.187903226,0.00150000001,4053.66479,313.464341
0.070769934,0.18946306,0.00150000001,4062.73336,313.517936
0.0743963532,0.188392203,0.00150000001,4065.57595,313.443827
0.0745766513,0.190214879,0.00150000001,4059.60376,313.479528
0.071057076,0.194027371,0.00350000011,4114.0772,313.173323
0.0682170467,0.196610054,0.00150000001,4137.98989,313.82483
0.0737577936,0.191797543,0.00350000011,4085.16889,312.981505
0.0700278294,0.19605886,0.00150000001,4136.30703,313.76255
0.0710908225,0.195087881,0.00350000011,4126.99585,313.258885
0.0690762076,0.197433868,0.00228554824,4140.37529,313.796975
0.0777464573,0.189389858,0.00150000001,4065.76001,313.40144
0.0728863343,0.194540328,0.00350000011,4133.22013,313.130404
0.0708213019,0.196149504,0.00350000011,4124.79046,313.355726
0.0715456661,0.19603928,0.00150000001,4131.82947,313.757059
0.0771579542,0.190445551,0.00150000001,4067.75785,313.441596
0.0755135074,0.192281764,0.00150000001,4082.51032,313.514156
0.0700596775,0.197633846,0.00150000001,4157.90091,313.812614
0.0745311987,0.193060323,0.00350000011,4103.58332,312.988696
0.071120097,0.197876058,0.00150000001,4163.64458,313.809442
0.0759986048,0.193565156,0.00150000001,4114.62837,313.534795
0.0739886714,0.196885654,0.00350000011,4165.48109,313.280234
0.0773537131,0.194302428,0.00150000001,4156.12664,313.541537
0.0798774165,0.189880497,0.00150000001,4062.23761,313.349141
0.0773527451,0.194795464,0.00150000001,4168.56599,313.570491
0.0812073375,0.190445874,0.00202524648,4054.36845,313.223163
0.0747409265,0.197658999,0.00350000011,4180.81329,313.322955
0.073877645,0.199239675,0.00350000011,4190.94197,313.527903
0.0759841308,0.19730051,0.00150000001,4191.19662,313.732211
0.0773058052,0.196176357,0.00350000011,4187.34637,313.10017
0.076136212,0.198086195,0.00150000001,4194.75754,313.779802
0.0808100449,0.194015566,0.00350000011,4170.36812,312.942026
0.0822394725,0.190753202,0.0024025633,4008.11215,313.129584
0.0807049277,0.194922888,0.00150000001,4184.99556,313.564802
0.0832035389,0.19142671,0.00350000011,4153.5025,312.967711
0.080960299,0.195333649,0.00150000001,4195.64011,313.597628
0.082986152,0.194218985,0.00150000001,4193.75607,313.510483
0.0841401418,0.19038992,0.00150000001,4164.52163,313.309371
0.0804649719,0.197118067,0.00350000011,4216.01798,313.130766
0.0789130976,0.19833481,0.00350000011,4218.57482,313.246335
0.0801914114,0.197896201,0.00150000001,4222.72721,313.776766
0.0769972475,0.201834447,0.00219944961,4236.63428,313.826953
0.0820069256,0.196525293,0.00150000001,4217.73647,313.679886
0.0862085042,0.192547848,0.00350000011,4210.92663,312.944118
0.0862524746,0.190943109,0.00150000001,4212.90394,313.35198
0.0863856381,0.191226598,0.00350000011,4209.20005,312.942852
0.078428928,0.20196619,0.00350000011,4237.8692,313.624698
0.0812823114,0.199335597,0.00350000011,4232.98672,313.325533
0.0846335392,0.195640497,0.00350000011,4222.09101,313.052528
0.0807700865,0.200274147,0.00150000001,4236.15789,313.905483
0.0861298805,0.188591871,0.00283337182,4218.35509,313.125984
0.0890977543,0.192265114,0.00350000011,4229.53004,312.939519
0.0839890804,0.19888844,0.00150000001,4235.9158,313.851352
0.0881039979,0.188877886,0.00150000001,4227.02469,313.281212
0.0885529593,0.189145207,0.00150000001,4228.73181,313.292531
0.0817405888,0.20218259,0.00150000001,4242.60062,313.985272
0.0807541295,0.203446879,0.00150000001,4247.94767,313.978417
0.0823061882,0.202169202,0.00150000001,4243.02988,313.990785
0.0887186447,0.188363313,0.00150000001,4223.83707,313.263224
0.0869748204,0.19810112,0.00150000001,4238.68815,313.827494
0.0885005912,0.196533024,0.00150000001,4238.78513,313.759588
0.0915863677,0.193496557,0.00150000001,4236.68181,313.624827
0.0899187948,0.188900517,0.00150000001,4246.80432,313.297335
0.0885815244,0.187575604,0.00150000001,4232.96852,313.235317
0.0831850582,0.201456959,0.00350000011,4242.41119,313.572686
0.0855158805,0.20000189,0.00150000001,4240.30142,313.928195
0.0871379399,0.198323919,0.00350000011,4236.5815,313.364541
0.0935625945,0.192158785,0.00350000011,4231.33594,313.051702
0.0861254595,0.199920042,0.00350000011,4240.48279,313.509116
0.0897443042,0.196008306,0.00350000011,4235.16115,313.234288
0.0925079328,0.19347284,0.00350000011,4242.0628,313.106584
0.0921601228,0.190237543,0.00350000011,4232.96715,312.904105
0.0940177378,0.191844975,0.00350000011,4234.81005,313.044902
0.0830256452,0.203653473,0.00316725713,4243.65559,313.888473
0.0907840362,0.196802576,0.00350000011,4236.97768,313.38513
0.0889301631,0.198870316,0.00150000001,4240.70026,313.929803
0.0901158261,0.186550672,0.00150000001,4234.41501,313.211576
0.086459676,0.200940719,0.00350000011,4241.49166,313.658559
0.0872098848,0.20171937,0.00183380108,4241.94153,314.016979
0.0902677447,0.186293055,0.00207841619,4248.26204,313.128362
0.0893759449,0.199132613,0.00350000011,4240.58716,313.607993
0.0876682662,0.201464716,0.00183376253,4241.69968,314.016445
0.088585934,0.200954904,0.00216668322,4241.20591,314.005273
0.0932607889,0.187910224,0.00350000011,4232.237,312.875606
0.0978559896,0.191508262,0.00150000001,4237.91898,313.718216
0.0962985923,0.190233154,0.00150000001,4238.16029,313.569137
0.0905777532,0.199675506,0.00150000001,4240.53482,314.023425
0.0931327784,0.186603614,0.00350000011,4244.4221,312.883905
0.0968248833,0.190436567,0.00350000011,4240.02113,313.041357
0.0980178286,0.190731431,0.00150000001,4236.09364,313.664732
0.093174009,0.198405967,0.00295844556,4240.93248,313.966541
0.0940778236,0.197903848,0.00283688532,4240.03079,313.981264
0.0928482123,0.185551966,0.00350000011,4242.92827,312.93681
0.0964711239,0.195365257,0.00150000001,4240.35127,313.949555
0.0967166635,0.195054505,0.00350000011,4240.52067,313.593691
0.0979468722,0.194028283,0.00350000011,4240.47932,313.534342
0.0975757187,0.189679451,0.00350000011,4233.57837,313.018395
0.0994961417,0.191963129,0.00350000011,4240.98833,313.35067
0.0963106515,0.187428922,0.00150000001,4243.69942,313.346962
0.0956632314,0.19702307,0.00165264187,4241.00795,314.044561
0.0982527462,0.194893396,0.00150000001,4240.60071,313.980932
0.09795042,0.195406768,0.00150000001,4240.75817,314.005039
0.101409251,0.192098693,0.00150000001,4238.74547,313.87629
0.0997643295,0.194051523,0.00350000011,4240.66172,313.689599
0.0987742678,0.188933803,0.00150000001,4227.18269,313.557679
0.099025402,0.187998921,0.00150000001,4216.42442,313.498073
0.0991322329,0.188181364,0.00350000011,4227.33965,312.960757
0.103214637,0.191614041,0.00150000001,4234.70183,313.885206
0.10025086,0.188895712,0.00150000001,4226.4102,313.598037
0.0949977721,0.184011402,0.00350000011,4249.37041,312.915893
0.102483035,0.190284733,0.00150000001,4234.94959,313.756667
0.102659516,0.192789698,0.00350000011,4240.85213,313.725045
0.0987296193,0.186924843,0.00350000011,4215.93176,312.88326
0.10327376,0.192794999,0.00164757136,4238.26425,313.988821
0.0963982463,0.183750759,0.00150000001,4249.30205,313.13088
0.103964033,0.192411514,0.00336571759,4237.86038,313.856925
0.104198393,0.192281312,0.00218123838,4237.77126,313.949901
0.104133315,0.19005408,0.00150000001,4226.17868,313.78567
0.105396317,0.191268787,0.00350000011,4220.10628,313.672503
0.101173829,0.18558059,0.00150000001,4215.4956,313.37473
0.100227133,0.183954301,0.00150000001,4227.89581,313.226332
0.105710477,0.189705193,0.00350000011,4187.13372,313.438036
0.100692091,0.183630101,0.00150000001,4222.47842,313.219241
0.104982723,0.187842413,0.00350000011,4187.29182,313.133574
0.10282382,0.185162194,0.00350000011,4205.42942,312.838678
0.106040902,0.187916806,0.00150000001,4163.63111,313.664135
0.107829491,0.19026404,0.00290799804,4172.80912,313.825078
0.102473359,0.18346124,0.00150000001,4218.39493,313.246483
0.100366299,0.180682747,0.00292060175,4246.86481,312.835272
0.100464475,0.180932887,0.00150000001,4238.12663,313.008136
0.104402779,0.184890556,0.00350000011,4193.00317,312.830886
0.103962996,0.183590209,0.00150000001,4201.70029,313.268609
0.100832568,0.180987839,0.00150000001,4245.9207,313.016451
0.100529953,0.18094026,0.00350000011,4248.47446,312.76922
0.103834343,0.182388691,0.00350000011,4221.51157,312.707084
0.107018622,0.184801316,0.00150000001,4187.69065,313.38658
0.11066046,0.188350199,0.00150000001,4194.09948,313.776997
0.10933017,0.186803837,0.00350000011,4183.5242,313.19224
0.106596702,0.183060901,0.00150000001,4219.09661,313.253139
0.110972194,0.188518093,0.00323149376,4197.67094,313.704419
0.106191765,0.182456122,0.00350000011,4229.34362,312.671735
0.111415499,0.18827181,0.00296019511,4197.20078,313.719655
0.10514378,0.180887886,0.00150000001,4244.94189,313.07646
0.10301217,0.179389667,0.00350000011,4253.17763,312.698104
0.111455621,0.188249517,0.00163187427,4195.85854,313.791132
0.105745486,0.180459182,0.00150000001,4250.9985,313.046567
0.106038078,0.18047425,0.00150000001,4243.05156,313.051788
0.11289611,0.186583551,0.00150000001,4198.10675,313.633515
0.111854918,0.185821198,0.00350000011,4199.78311,313.145261
0.107064467,0.179751178,0.00350000011,4262.32109,312.554798
0.105734671,0.178393907,0.00350000011,4272.73244,312.574725
0.109650032,0.180559724,0.00150000001,4281.27781,313.038648
0.107095722,0.17815039,0.00350000011,4281.18584,312.515046
0.107982503,0.178675543,0.00350000011,4283.89306,312.495902
0.106661627,0.177357725,0.00350000011,4288.64392,312.534693
0.107870402,0.177372324,0.00350000011,4306.70235,312.471645
0.107121475,0.177101797,0.00350000011,4299.7681,312.510848
0.115441799,0.185861517,0.00150000001,4195.87281,313.566143
0.11207255,0.18099604,0.00150000001,4287.72943,313.067589
0.111458773,0.179527738,0.00350000011,4317.45214,312.440061
0.114177298,0.182420702,0.00350000011,4261.38449,312.679022
0.11651781,0.185089572,0.00350000011,4192.29914,313.199724
0.116523658,0.183531,0.00350000011,4220.54137,312.877487
0.113553181,0.179761278,0.00350000011,4327.8866,312.460768
0.116381328,0.181679786,0.00150000001,4308.60947,313.135573
0.116479047,0.180794717,0.00350000011,4329.02062,312.544216
0.118588267,0.18250008,0.00150000001,4315.32813,313.222037
0.112445455,0.175870293,0.00150000001,4357.65131,312.683265
0.116448321,0.179873855,0.00350000011,4347.97077,312.475899
0.119647568,0.18275917,0.00350000011,4335.76483,312.764155
0.119072874,0.184861256,0.00350000011,4288.15796,313.141589
0.117232811,0.179441196,0.00150000001,4358.14647,313.026316
0.119902698,0.181679662,0.00150000001,4364.08542,313.165782
0.119428401,0.181002354,0.00350000011,4356.10796,312.574953
0.119956882,0.185700909,0.00239692103,4329.93418,313.462996
0.115506701,0.175721748,0.00150000001,4380.56453,312.732772
0.117746483,0.177604492,0.00350000011,4378.70182,312.345939
0.116731539,0.17671408,0.00350000011,4382.42275,312.296107
0.117511264,0.177181543,0.00150000001,4381.55291,312.872956
0.122601098,0.182108172,0.00150000001,4382.27973,313.193085
0.115812874,0.174121261,0.00150000001,4389.53348,312.557241
0.121388575,0.178874661,0.00350000011,4381.42007,312.447321
0.115552419,0.172279948,0.00183469608,4400.08321,312.169045
0.119226139,0.175227874,0.00150000001,4393.26522,312.726933
0.123580208,0.179590898,0.00150000001,4387.70147,313.066673
0.120516822,0.176332539,0.00350000011,4392.59175,312.330488
0.123529923,0.177927759,0.00350000011,4391.34427,312.45956
0.11964249,0.173316812,0.00350000011,4398.4698,312.164298
0.123809857,0.17740016,0.00350000011,4395.05738,312.45471
0.121836197,0.175439737,0.00150000001,4395.28057,312.755403
0.122975274,0.175923787,0.00150000001,4393.54061,312.803412
0.121670214,0.174764689,0.00350000011,4396.17435,312.297783
0.124014957,0.175618061,0.00150000001,4395.09596,312.764481
0.122137691,0.174028182,0.00350000011,4397.12566,312.287403
0.123032373,0.175048011,0.00350000011,4396.12965,312.357697
0.124730099,0.174625194,0.00336726499,4394.90319,312.443723
0.000150804913,0.0224016679,0.00350000011,11464.3012,302.47406
0.000744565307,0.0209071075,0.00150000001,11455.8352,303.087924
0.000450416122,0.0289898384,0.00350000011,11458.853,303.26371
0.00106358986,0.0271634169,0.00150000001,11463.1469,303.269196
0.00166805843,0.0245013372,0.00350000011,11459.9285,302.535595
0.000249270511,0.0293678261,0.00150000001,11463.559,303.618541
0.00151795063,0.0274202071,0.00150000001,11456.7473,303.330611
0.00196921767,0.02715469,0.00150000001,11456.2854,303.308522
0.000598380365,0.0299999993,0.00259824265,11462.884,303.85742
0.00241629017,0.0226560269,0.00350000011,11453.4348,302.563401
0.0024267969,0.0196118788,0.00150000001,11455.0226,303.284359
0.00258653484,0.0285147313,0.00150000001,11457.1782,303.557684
0.00425651955,0.0247573098,0.00350000011,11451.5262,302.678379
0.00381994715,0.0208232993,0.00350000011,11452.5547,302.773271
0.00530070568,0.0213259243,0.00150000001,11449.2318,303.287111
0.00359339781,0.0299999993,0.00323088057,11452.9146,303.860947
0.00588781522,0.0224067819,0.00350000011,11449.2846,302.723688
0.00668281834,0.0251157021,0.00350000011,11443.1634,302.818332
0.00450647404,0.0179999992,0.00242840949,11450.3751,303.565475
0.00710369853,0.0218092332,0.00150000001,11445.7178,303.358196
0.00762276714,0.0218163958,0.00150000001,11444.0695,303.381605
0.00723399887,0.0275652108,0.00350000011,11441.5935,303.177019
0.00760119761,0.0264743263,0.00150000001,11443.7526,303.528977
0.00681870861,0.0284744184,0.00150000001,11444.9951,303.733646
0.0055115849,0.0298477372,0.00150000001,11446.4516,303.939183
0.00853518314,0.0261758468,0.00350000011,11441.4999,303.001024
0.00918489241,0.0274035659,0.00150000001,11438.0287,303.677464
0.0104974377,0.0250852283,0.00150000001,11436.7581,303.534607
0.0101110467,0.0274058105,0.00350000011,11436.9958,303.225709
0.00997345711,0.0275578866,0.00150000001,11436.6754,303.712236
0.0103691781,0.0260166839,0.00350000011,11435.2241,303.039031
0.010237541,0.0190641369,0.00150000001,11439.5854,303.645995
0.0112861904,0.0270983005,0.00150000001,11431.8951,303.695969
0.010236831,0.0289354572,0.00150000001,11434.9807,303.885742
0.0115497006,0.0210568317,0.00150000001,11437.799,303.556808
0.00982619022,0.0299999993,0.003210947,11437.4417,303.972226
0.0111578262,0.0264805398,0.00350000011,11434.9136,303.107449
0.00902022763,0.0179999992,0.00333522082,11441.2418,303.594332
0.0125976048,0.0257079383,0.00150000001,11432.2356,303.617307
0.0115583881,0.0299999993,0.00250375943,11431.3708,304.069317
0.011047065,0.0179999992,0.00177988616,11439.3532,303.770743
0.0131231761,0.028478626,0.00150000001,11427.9972,303.856841
0.0141712913,0.0213656703,0.00150000001,11432.8929,303.600264
0.0129741126,0.018608046,0.00350000011,11435.4299,303.447387
0.013133869,0.0299999993,0.00205414169,11427.7601,304.080496
0.0162830125,0.0241599733,0.00150000001,11424.4515,303.582176
0.0148121883,0.0187600402,0.00350000011,11435.7088,303.463646
0.0139192682,0.0179999992,0.00163566351,11434.1829,303.848181
0.0142215929,0.0299999993,0.00180003252,11424.5118,304.090003
0.015566325,0.0179999992,0.00216638944,11433.2252,303.853797
0.0166515364,0.0204361562,0.00350000011,11430.9365,303.225217
0.0180181617,0.0236136682,0.00350000011,11423.8648,303.004892
0.0178286746,0.0257426018,0.00150000001,11417.8898,303.614704
0.0171553015,0.0299999993,0.00296225897,11410.2388,303.9827
0.0173162049,0.0186069888,0.00150000001,11434.1938,303.835412
0.0184019373,0.0179999992,0.00203067429,11434.7993,303.913354
0.0206798905,0.0257860962,0.00150000001,11412.9074,303.499665
0.0192665227,0.0299999993,0.00321455623,11400.3715,303.876614
0.0216899167,0.0231322711,0.00350000011,11428.2439,302.994006
0.0209127763,0.0285111472,0.00350000011,11390.1902,303.361647
0.0227390569,0.0247937242,0.00350000011,11410.5521,302.970546
0.0223495122,0.021834059,0.00350000011,11427.1294,303.12105
0.0231152907,0.0204574164,0.00150000001,11434.5517,303.702505
0.0227955354,0.0273675714,0.00150000001,11389.3305,303.550795
0.0226731653,0.019866075,0.00150000001,11435.3893,303.753933
0.0239274407,0.0239531107,0.00150000001,11414.7125,303.492534
0.0238476541,0.0281625825,0.00350000011,11376.1107,303.174165
0.0247643489,0.0276465774,0.00150000001,11389.773,303.512365
0.0252002018,0.0273854436,0.00350000011,11393.0146,303.039197
0.0251246443,0.0207244967,0.00350000011,11437.1285,303.304422
0.0259714394,0.0234925834,0.00150000001,11417.1773,303.518827
0.0276648806,0.0210898038,0.00350000011,11429.1454,303.335067
0.0284802183,0.0256472798,0.00150000001,11403.1945,303.48795
0.0268599409,0.0291111355,0.00350000011,11386.0141,303.191708
0.0288580078,0.0264175406,0.00150000001,11400.2732,303.491443
0.0288992867,0.0246604444,0.00150000001,11403.9016,303.505485
0.0287014008,0.027073438,0.00350000011,11391.7431,302.992606
0.0299988777,0.0234230966,0.00350000011,11410.0213,303.115232
0.0265708996,0.0187064053,0.00350000011,11446.0075,303.73932
0.0273386522,0.0192562985,0.00150000001,11452.1945,303.828374
0.0294016391,0.0229039753,0.00350000011,11416.0097,303.148057
0.0305246969,0.0252311281,0.00350000011,11397.5417,303.01039
0.029191145,0.0200202158,0.00216783398,11445.7083,303.699072
0.0293606777,0.0279943225,0.00350000011,11388.7664,303.03113
0.0309077041,0.0233996241,0.00350000011,11408.3926,303.13781
0.0309377912,0.0244405871,0.00350000011,11401.8343,303.055159
0.0275693787,0.0192429119,0.00350000011,11446.7906,303.664232
0.0296609488,0.0202812184,0.00183360362,11446.6301,303.685068
0.0309251996,0.0234067102,0.00150000001,11408.1649,303.51352
0.0295887319,0.028099111,0.00150000001,11387.8449,303.536093
0.0310388684,0.0210467291,0.00183304442,11431.8099,303.648513
0.0302202349,0.0285109732,0.00350000011,11386.6864,303.047399
0.0322930083,0.0246730209,0.00350000011,11392.1344,303.062767
0.0318002911,0.0272974203,0.00150000001,11385.0995,303.487891
0.0279792518,0.0317041554,0.00150000001,11381.714,303.880876
0.0321484822,0.0239137999,0.00150000001,11402.2784,303.475745
0.0306971537,0.0292620627,0.00350000011,11381.1231,303.081678
0.032759818,0.0254478488,0.00350000011,11388.3019,303.026181
0.0285902688,0.032209446,0.00150000001,11379.5443,303.927538
0.030612245,0.0310820861,0.00350000011,11381.8775,303.284637
0.0336712375,0.0264915847,0.00350000011,11384.785,302.989294
0.0344101757,0.0256919697,0.00350000011,11380.0323,303.013746
0.0294539035,0.0331989819,0.00350000011,11381.7457,303.761405
0.0366682543,0.0253884375,0.00350000011,11376.6889,303.050162
0.0361921614,0.024083058,0.00350000011,11383.694,303.267993
0.0322330209,0.0326651938,0.00150000001,11383.9594,303.813243
0.0331174485,0.0315960149,0.00150000001,11380.5588,303.692516
0.0371488927,0.0246148577,0.00150000001,11371.3744,303.420521
0.0373477429,0.0274880144,0.00150000001,11369.4193,303.342974
0.0325466461,0.0331863666,0.00150000001,11377.8037,303.86246
0.0351650925,0.0305966703,0.00150000001,11374.8709,303.573305
0.0365022669,0.0295679736,0.00150000001,11367.4263,303.485288
0.0360987274,0.0303971628,0.00350000011,11369.6198,303.015589
0.0383369039,0.0251011935,0.00316679638,11365.3227,303.313359
0.0386795445,0.0261582547,0.00150000001,11354.4811,303.344915
0.0335412831,0.0333965393,0.00350000011,11381.8607,303.442036
0.036951269,0.0298240374,0.00350000011,11364.4078,302.974679
0.0382611199,0.0290231657,0.00350000011,11357.9858,302.925368
0.0334770978,0.0342237197,0.00150000001,11379.9833,303.954263
0.0333949428,0.036083166,0.00251535759,11383.5827,304.268589
0.0340422456,0.036269572,0.00350000011,11384.4506,304.040767
0.0395103547,0.031079402,0.00350000011,11361.2093,302.947082
0.0367555836,0.035191732,0.00350000011,11382.3054,303.532262
0.0403959036,0.0315961771,0.00350000011,11349.2634,302.943567
0.0376652205,0.0351840825,0.00350000011,11380.6171,303.478415
0.0397578116,0.0340913789,0.00350000011,11371.7774,303.219784
0.0388885173,0.0351794348,0.00350000011,11380.218,303.413709
0.0419130825,0.0325593364,0.00150000001,11355.9138,303.516394
0.0369258906,0.0380448037,0.00296504549,11385.4345,304.344768
0.038075963,0.0372854152,0.00150000001,11384.7982,304.182769
0.0421708959,0.0329210146,0.00150000001,11355.9064,303.541772
0.0385611285,0.0372612039,0.00350000011,11385.3113,303.833224
0.0384377445,0.038039184,0.00350000011,11385.7594,304.025091
0.0399526716,0.0368426726,0.00350000011,11384.8211,303.65836
0.0438701665,0.0330266365,0.00150000001,11346.1174,303.516366
0.0481147262,0.0269963655,0.00350000011,11209.1892,302.967011
0.0429880531,0.0348070923,0.00150000001,11369.0996,303.717652
0.0474340501,0.0323007495,0.00350000011,11321.6776,302.9989
0.0468800361,0.024425116,0.00266371101,11209.9799,303.587301
0.0486891116,0.026189101,0.00150000001,11214.2431,303.436066
0.0408955898,0.0387902131,0.00150000001,11385.9307,304.318504
0.0503458995,0.0269781367,0.00150000001,11218.5104,303.366316
0.042139371,0.0383514088,0.00350000011,11385.7985,303.908593
0.0472861004,0.024199524,0.00164818531,11210.553,303.644765
0.0518518712,0.0284278424,0.00150000001,11240.5383,303.396867
0.0478920148,0.0332836596,0.00150000001,11320.2099,303.571984
0.041398846,0.0399615333,0.00177076409,11386.1037,304.518089
0.0455817347,0.0364497794,0.00350000011,11373.8644,303.57215
0.0529569486,0.029411205,0.00350000011,11239.7283,303.004381
0.0534700774,0.0281607654,0.00150000001,11224.226,303.436815
0.0432459732,0.0386126547,0.00150000001,11385.7262,304.257121
0.0418894636,0.0396908008,0.00150000001,11386.1731,304.442159
0.0508290351,0.0246449906,0.00150000001,11196.2085,303.545069
0.0494776348,0.0339453688,0.00350000011,11320.7636,303.334548
0.0503795729,0.0233001084,0.00350000011,11201.5695,303.388593
0.0450785503,0.0389757874,0.00150000001,11385.2785,304.311281
0.0473911476,0.0361395689,0.00150000001,11367.4569,303.896331
0.0515416492,0.0322733884,0.00150000001,11277.7942,303.567206
0.0547996394,0.028937304,0.00150000001,11227.4488,303.486724
0.0519020119,0.0323699172,0.00350000011,11279.9853,303.223025
0.0498046523,0.0228003294,0.00183332706,11201.8966,303.725642
0.0470710413,0.0371815392,0.00150000001,11378.7548,304.054183
0.0516896826,0.0325368747,0.00150000001,11283.9084,303.591395
0.0561348726,0.0287802043,0.00350000011,11224.8294,303.05146
0.0470642323,0.0377043479,0.00150000001,11379.5669,304.13831
0.0472066037,0.0377980635,0.00350000011,11378.068,303.965311
0.0558068009,0.0275292464,0.00350000011,11215.9476,303.014806
0.0479229742,0.0375732123,0.0021742297,11379.2382,304.144394
0.0505122142,0.0357894622,0.00350000011,11367.5255,303.729389
0.0518530258,0.0339980433,0.00350000011,11316.1722,303.449342
0.0511817457,0.0220352767,0.00183291857,11178.0929,303.749962
0.0538228429,0.0320468387,0.00150000001,11267.7931,303.588345
0.0553580466,0.0310241346,0.00150000001,11254.0644,303.54166
0.0562866432,0.0299942793,0.00150000001,11240.1358,303.494613
0.0543608609,0.0322478952,0.00350000011,11265.2264,303.284984
0.0514832055,0.022040893,0.00150000001,11174.832,303.735259
0.0514840758,0.0220405888,0.00350000011,11178.5769,303.519462
0.055450037,0.0246910867,0.00350000011,11209.3048,303.034979
0.0542145526,0.0340778904,0.00253671628,11301.1695,303.805626
0.056715576,0.0313043065,0.00150000001,11273.5987,303.540531
0.0525543714,0.0212727067,0.00283288725,11168.689,303.700543
0.0535963194,0.022598407,0.00150000001,11153.2888,303.664369
0.0561818024,0.032984974,0.00267410488,11282.9668,303.719568
0.0572010304,0.0247062234,0.00350000011,11227.7136,303.04177
0.0572292763,0.0242065603,0.00150000001,11232.4184,303.558875
0.0555575562,0.0223729193,0.00350000011,11224.7703,303.21868
0.0602013009,0.0269515555,0.00350000011,11230.3359,302.998635
0.0567758076,0.0234282969,0.00150000001,11229.5541,303.586787
0.0607881756,0.0295661378,0.00350000011,11262.7892,303.30054
0.0551117809,0.0215851285,0.00350000011,11223.0439,303.330533
0.0582923852,0.0244614908,0.00150000001,11231.4844,303.544091
0.061635156,0.0271888469,0.00150000001,11247.0596,303.400133
0.0586701352,0.0241647075,0.00350000011,11236.8523,303.043099
0.062663233,0.0274787434,0.00350000011,11252.7623,303.128127
0.0567944503,0.0218606586,0.00150000001,11244.6733,303.665024
0.0635820732,0.0285272104,0.00150000001,11260.3904,303.554906
0.0599843217,0.023210552,0.00150000001,11246.3484,303.554369
0.0596301945,0.0226795322,0.00350000011,11246.1969,303.093802
0.0562225777,0.019234814,0.00183318215,11257.3654,303.84386
0.0577076931,0.0197944125,0.00350000011,11252.3798,303.434927
0.0586286881,0.0208387952,0.00150000001,11252.0232,303.708778
0.0648248992,0.0269701966,0.00150000001,11251.2296,303.441087
0.0622747198,0.0240856697,0.00350000011,11242.7568,302.938199
0.0639304105,0.0253949122,0.00350000011,11236.7822,302.952565
0.0630430915,0.0238276332,0.00350000011,11242.1992,302.920373
0.0599870877,0.0211128533,0.00150000001,11252.4776,303.671109
0.0660294118,0.0275140802,0.00283374329,11250.2565,303.596773
0.0632055944,0.0240671339,0.00150000001,11241.3255,303.374145
0.0645615282,0.0243590734,0.00350000011,11255.526,302.89519
0.0662599471,0.0273860055,0.00166677986,11253.3327,303.647228
0.0582764901,0.0180937525,0.00266663839,11260.5295,303.835818
0.0654791826,0.0243670706,0.00350000011,11253.0378,302.921765
0.0662353271,0.0246357208,0.00150000001,11253.9198,303.33296
0.0622794279,0.018297136,0.00350000011,11255.5583,303.349473
0.0601261685,0.0170661528,0.00166648821,11257.216,303.921337
0.0684888744,0.0259745601,0.00150000001,11246.1681,303.560345
0.061962013,0.0160462393,0.00233325336,11258.003,303.905455
0.0672437298,0.0210529465,0.00150000001,11248.5538,303.354081
0.0703391182,0.0249469562,0.00350000011,11246.8158,303.350245
0.0628068398,0.0164433307,0.00150000001,11255.2298,303.8629
0.0678459289,0.0210516467,0.00150000001,11243.7773,303.324268
0.0656162341,0.0183103529,0.00350000011,11253.1542,303.147411
0.0712758776,0.0233880531,0.00150000001,11232.853,303.386014
0.0646364282,0.0164578363,0.00150000001,11253.8222,303.806567
0.066434106,0.017495206,0.00150000001,11249.6834,303.661634
0.0652019186,0.0154574758,0.00350000011,11254.0162,303.543096
0.0705669761,0.0210365771,0.00150000001,11240.803,303.299378
0.0646034628,0.014926148,0.00350000011,11253.9141,303.703972
0.0665401316,0.016767785,0.00350000011,11252.4766,303.271997
0.072353678,0.022617833,0.00350000011,11231.7758,303.060734
0.069988656,0.0194964999,0.00150000001,11240.41,303.363605
0.0669312962,0.0162089085,0.00150000001,11252.7775,303.743662
0.0745517748,0.0227794335,0.00233319237,11219.5272,303.460233
0.0747782335,0.0226536242,0.00316669455,11218.3166,303.385144
0.0687009367,0.0147219061,0.00350000011,11252.282,303.396396
0.0736165697,0.0200182369,0.00150000001,11217.702,303.319192
0.0671603771,0.0131582602,0.00240790915,11252.9585,303.959203
0.0731820687,0.0192319391,0.00150000001,11223.2359,303.313116
0.069159879,0.0144682865,0.00350000011,11250.4161,303.399573
0.073340848,0.0184741007,0.00350000011,11228.4968,302.826795
0.0760108991,0.0211002397,0.00350000011,11179.8766,303.075981
0.0673417209,0.0130575128,0.00180046966,11252.6773,303.987996
0.0758670693,0.0203127928,0.00350000011,11179.908,302.951078
0.0764740624,0.0213649801,0.00150000001,11162.4868,303.435855
0.0685798409,0.0123696678,0.0032165859,11252.9775,303.91502
0.0744937177,0.0174688974,0.00150000001,11228.3921,303.385243
0.0740708437,0.0164898759,0.00150000001,11238.8763,303.454943
0.0701038393,0.0123879908,0.00350000011,11252.4134,303.658332
0.0772677245,0.0196068836,0.00150000001,11143.4134,303.350346
0.0751351362,0.0165883063,0.00150000001,11231.816,303.443677
0.0776684721,0.0187395437,0.00350000011,11165.3922,302.864235
0.0738382699,0.0141212993,0.00150000001,11246.8534,303.691247
0.0725262785,0.0119032397,0.00350000011,11253.6427,303.565482
0.0776573241,0.0176912959,0.00350000011,11187.0828,302.828505
0.0794516443,0.018615717,0.00150000001,11158.6476,303.33947
0.0716358237,0.0110192915,0.00150000001,11253.6748,304.010431
0.0798726713,0.0211594732,0.00150000001,11080.7601,303.460115
0.0717862299,0.010588341,0.00323327293,11253.6684,303.966673
0.0740632429,0.0123470625,0.00150000001,11252.6641,303.859644
0.074789759,0.0128885265,0.00150000001,11249.3,303.802165
0.0767761,0.0144798286,0.00150000001,11239.473,303.617841
0.0751729227,0.012510045,0.00350000011,11251.0609,303.340633
0.0733074629,0.0106086381,0.00350000011,11253.8137,303.73366
0.0789483892,0.0163267829,0.00350000011,11206.987,302.844244
0.0800002449,0.0176829864,0.00150000001,11165.2223,303.390348
0.0729091841,0.00996447645,0.0028304151,11253.8533,304.034824
0.0825619323,0.0205663177,0.00150000001,11079.8654,303.467079
0.0793882538,0.016016623,0.00350000011,11207.4136,302.869565
0.0795055219,0.0156179948,0.00150000001,11210.1386,303.521151
0.0811418706,0.0174146228,0.00150000001,11167.8905,303.408996
0.0746600457,0.0103882383,0.00350000011,11254.2597,303.69289
0.0768811465,0.0127446322,0.00150000001,11248.4196,303.788183
0.0785977278,0.0143252539,0.00150000001,11232.3296,303.633007
0.0815553718,0.0176388309,0.00150000001,11167.5127,303.394559
0.0803536358,0.0154056283,0.00350000011,11216.995,302.922885
0.0752688807,0.00988881235,0.00350000011,11254.2376,303.747318
0.0850955895,0.0198985495,0.00350000011,11094.2846,303.016239
0.0791463452,0.0134173331,0.00150000001,11239.8419,303.70265
0.0818292957,0.0229911407,0.00179790592,11072.2587,303.747627
0.0783559365,0.0121986079,0.00350000011,11249.3734,303.305213
0.0844987414,0.0215087794,0.00350000011,11077.3757,303.205251
0.0767257564,0.0107678352,0.00150000001,11253.7195,303.957625
0.0785582914,0.0113604312,0.00350000011,11250.0011,303.441178
0.0831716164,0.0237368727,0.00206316878,11072.736,303.846429
0.0861373162,0.0177108114,0.00150000001,11128.6663,303.53339
0.0851314759,0.0236090037,0.00350000011,11070.7505,303.533581
0.0830775808,0.0132677457,0.00350000011,11218.7775,303.280335
0.086334317,0.0230652975,0.00350000011,11067.7169,303.393682
0.0896366172,0.0196200701,0.00350000011,11090.4043,303.119173
0.0879862998,0.0216165701,0.00150000001,11067.7688,303.602345
0.0895179855,0.0188872125,0.00350000011,11089.7924,303.138038
0.0841189786,0.0138620475,0.00150000001,11204.2518,303.714076
0.0871123915,0.0231678153,0.00150000001,11057.3322,303.740605
0.0798011589,0.00828310741,0.00275506054,11258.2078,304.031623
0.0810918803,0.00972126357,0.00150000001,11251.8292,303.982033
0.0914066246,0.0203177861,0.00350000011,11083.1028,303.16698
0.0828258345,0.00981726572,0.00222737123,11249.4595,303.940802
0.0833319238,0.0100984263,0.00248632476,11256.3308,303.869384
0.089101379,0.0165818179,0.00150000001,11126.3494,303.651568
0.0909217597,0.0211086398,0.00150000001,11072.3923,303.651494
0.0883297196,0.0236795767,0.00150000001,11049.3685,303.777765
0.0839853026,0.010461415,0.00257810049,11239.7733,303.878481
0.0880970466,0.0144863575,0.00350000011,11164.8999,303.36721
0.0908521631,0.0219345409,0.00350000011,11074.9929,303.184491
0.0872999682,0.0135145246,0.00150000001,11186.9492,303.761851
0.0920112953,0.0220419107,0.00150000001,11069.1996,303.691891
0.0891562354,0.0142029403,0.00350000011,11173.4404,303.47148
0.0882027619,0.0261843488,0.00350000011,11054.2208,303.815372
0.0904310723,0.0152527991,0.00150000001,11159.3318,303.701039
0.0892830541,0.02591888,0.00350000011,11056.4746,303.686939
0.0914628275,0.0154805362,0.00150000001,11160.894,303.709242
0.0915069609,0.0238778694,0.00150000001,11080.1341,303.768128
0.0936737533,0.017624802,0.00350000011,11131.064,303.358889
0.0931949949,0.0226294139,0.00350000011,11076.4455,303.213907
0.091601512,0.0240339646,0.00350000011,11080.4864,303.315735
0.0957572185,0.0198508072,0.00350000011,11103.4953,303.253814
0.0925752952,0.0241124212,0.00150000001,11083.008,303.778931
0.0926482203,0.0154474493,0.00150000001,11137.4666,303.75786
0.0971205987,0.0195269833,0.00350000011,11114.0302,303.328068
0.092057956,0.0250231503,0.00350000011,11093.7507,303.385322
0.0980545439,0.020546193,0.00350000011,11101.9382,303.268014
0.098663373,0.0205253646,0.00350000011,11121.0253,303.298202
0.0971989627,0.0178023362,0.00166679166,11119.6345,303.76856
0.0933730227,0.0259400909,0.00150000001,11101.8262,303.892204
0.0910380154,0.0281070955,0.00336592594,11103.8579,304.058055
0.0968119081,0.0234306079,0.00150000001,11096.9824,303.634863
0.09426614,0.0268590982,0.00350000011,11104.5741,303.518872
0.0943117841,0.0275007276,0.00150000001,11107.1448,304.000438
0.101775849,0.0203450515,0.00266670448,11109.6929,303.700503
0.0988924675,0.0239473815,0.00350000011,11100.856,303.158103
0.101730475,0.0210147408,0.00150000001,11112.3735,303.638906
0.101415457,0.022040073,0.00350000011,11116.3675,303.275514
0.101864335,0.0217741764,0.00350000011,11116.0444,303.336307
0.0937520682,0.0296149032,0.00336482765,11109.3244,304.137135
0.0956879185,0.0282660931,0.00150000001,11107.617,304.033104
0.10262543,0.0220258828,0.00350000011,11106.7204,303.365282
0.0949188949,0.0302631401,0.00217950399,11110.1402,304.257202
0.103380234,0.0212363771,0.00283332073,11097.3116,303.673313
0.0980750801,0.0271793005,0.00150000001,11102.2336,303.846704
0.0967506648,0.0285114893,0.00150000001,11109.5068,304.012803
0.102678921,0.0230962448,0.00150000001,11101.7174,303.560374
0.0970634001,0.0290309743,0.00150000001,11107.7189,304.048028
0.0965708027,0.029938766,0.00350000011,11109.0361,303.837231
0.0982504314,0.0286449524,0.00350000011,11108.0403,303.521543
0.104182086,0.0225491591,0.00150000001,11103.9195,303.650062
0.105079528,0.0235617427,0.00350000011,11110.352,303.308201
0.10321585,0.0264775502,0.00150000001,11099.1906,303.52463
0.0981569265,0.0320620468,0.00241430171,11108.6524,304.306258
0.101593224,0.0291785642,0.00350000011,11101.7855,303.353742
0.103699687,0.027720138,0.00150000001,11091.8088,303.578058
0.102064574,0.0297306308,0.00150000001,11102.9618,303.852434
0.102999699,0.0312877006,0.00150000001,11106.3219,303.968359
0.109830963,0.0248201145,0.00216680995,11059.1164,303.639026
0.101839969,0.0341081796,0.00214519067,11106.2413,304.37307
0.105755291,0.0314838439,0.00350000011,11103.5159,303.338163
0.110757566,0.0253348943,0.0021669222,11052.6478,303.622112
0.106984199,0.0300904927,0.00150000001,11089.3919,303.626963
0.108711138,0.0285150945,0.00150000001,11084.9659,303.563432
0.103549686,0.0343646702,0.00350000011,11105.8083,304.021318
0.111373849,0.0263690056,0.00350000011,11038.8847,303.335003
0.108702005,0.0300306503,0.00350000011,11087.4118,303.10729
0.110936612,0.027680363,0.00350000011,11061.383,303.168603
0.103449967,0.0350026247,0.0027860416,11105.2872,304.357406
0.103378826,0.0349631017,0.00180489716,11105.678,304.39455
0.10843424,0.030952321,0.00350000011,11093.0463,303.155059
0.107877961,0.0319883795,0.00350000011,11093.207,303.282331
0.11053219,0.0300357089,0.00350000011,11071.4724,303.093911
0.112835859,0.0264895025,0.0033502897,10989.0423,303.448965
0.112026741,0.027944606,0.00150000001,11031.1042,303.544418
0.112008905,0.0294824606,0.00350000011,11062.9191,303.065614
0.106674472,0.0359281413,0.00150000001,11105.2762,304.333258
0.114119943,0.0270696109,0.00182499524,10732.3888,303.547012
0.110652777,0.0329017176,0.00350000011,11093.9432,303.278743
0.108984785,0.0337222845,0.00350000011,11098.9462,303.469734
0.114589991,0.0281974069,0.00350000011,10960.2737,303.173643
0.105788609,0.0363018708,0.00336609288,11104.5308,304.323663
0.113682243,0.029739786,0.00150000001,11039.4037,303.524006
0.112499616,0.030730433,0.00150000001,11071.9481,303.578038
0.114736362,0.0289600062,0.00150000001,11002.7316,303.526773
0.115639052,0.0289932635,0.00350000011,10988.3985,303.101358
0.112169122,0.0329130475,0.00150000001,11086.2812,303.769553
0.107640894,0.0373309175,0.00333323658,11104.1644,304.370107
0.117014978,0.0282281993,0.00350000011,10943.1072,303.173259
0.115924616,0.0300317186,0.00350000011,11010.1154,303.069839
0.115972659,0.0268954597,0.00150000001,10918.195,303.707114
0.115300961,0.0312018737,0.00350000011,11051.3652,303.107091
0.108108621,0.0375907655,0.00233395019,11105.4588,304.466678
0.117286483,0.0291641244,0.00150000001,10975.2156,303.576435
0.110671686,0.0357066217,0.00150000001,11101.5607,304.16739
0.111442708,0.0354972287,0.00350000011,11102.9377,303.639977
0.111951406,0.0352177246,0.00150000001,11100.5682,304.063016
0.118355495,0.0295426853,0.00350000011,10980.3659,303.073777
0.114482625,0.0333593045,0.00150000001,11085.27,303.796568
0.110012636,0.0379721474,0.00150000001,11106.4744,304.444535
0.120200616,0.0279964153,0.00350000011,10938.1493,303.167468
0.11836749,0.0306226735,0.00350000011,11011.761,303.083248
0.116774073,0.0327074232,0.00350000011,11063.4125,303.232163
0.114044888,0.0356093495,0.00150000001,11099.0154,304.081765
0.120360212,0.0269677168,0.00150000001,10930.3427,303.762605
0.121209084,0.0278461682,0.00150000001,10929.3786,303.700508
0.110658753,0.0390075045,0.00215109118,11106.838,304.536655
0.111138177,0.0388749963,0.00150000001,11107.2617,304.512046
0.119187351,0.025119759,0.00350000011,10918.5858,303.602477
0.116543106,0.03442986,0.00150000001,11081.1111,303.937969
0.119862535,0.0254697971,0.00150000001,10919.2988,303.884387
0.120251948,0.024874406,0.00350000011,10917.4532,303.59832
0.113539233,0.0377864325,0.00150000001,11106.3542,304.356872
0.123446074,0.0284473965,0.00150000001,10936.3443,303.742575
0.11698903,0.0352663288,0.00350000011,11085.5952,303.562332
0.115106932,0.0366095619,0.00350000011,11099.6045,303.753268
0.119606388,0.0322595144,0.00350000011,11037.4395,303.224607
0.120180654,0.0322917729,0.00150000001,11026.9097,303.773661
0.117254221,0.0354213301,0.00350000011,11082.7355,303.595581
0.122621814,0.0299841097,0.00150000001,10979.9192,303.738433
0.120408508,0.0235759644,0.00318937134,10917.3474,303.934348
0.125898708,0.0284475907,0.00350000011,10933.7579,303.342872
0.116144895,0.0381658338,0.00150000001,11101.4971,304.357634
0.125988573,0.0283015645,0.00150000001,10940.1087,303.875444
0.121231416,0.0351205193,0.00350000011,11044.7866,303.730168
0.121206311,0.0351409969,0.00150000001,11044.336,304.092839
0.123258086,0.0327778296,0.00150000001,11001.3909,303.987816
0.124632104,0.0312648761,0.00150000001,10984.7603,303.941635
0.126493813,0.0296242284,0.00150000001,10950.1479,303.953244
0.116567836,0.039275742,0.00150000001,11110.4938,304.455322
0.120762374,0.0358991698,0.00350000011,11055.231,303.8331
0.119203596,0.0379728667,0.00183378769,11088.8857,304.336571
0.126924382,0.0302468854,0.00350000011,10958.4028,303.540863
0.120566842,0.0372155092,0.00180561364,11076.0194,304.289443
0.122275481,0.0359201308,0.00350000011,11051.1713,303.973397
0.123853301,0.0216621898,0.0026665528,10889.3615,304.074049
0.128123358,0.0265433834,0.00350000011,10914.5143,303.392547
0.123532704,0.0355678067,0.00164637074,11034.3782,304.26525
0.129554298,0.0297681416,0.00150000001,10961.9833,304.034707
0.130017268,0.0261566659,0.00350000011,10928.1859,303.435192
0.125712084,0.0343570386,0.00237980944,11004.3213,304.216888
0.130499323,0.0292570208,0.00150000001,10945.7169,304.049164
0.12692717,0.0336819933,0.0017912866,10993.4083,304.237761
0.124756067,0.0211606535,0.00166661123,10896.7562,304.152963
0.125285087,0.0210404152,0.00150000001,10915.0542,304.142055
0.129431996,0.0322904209,0.0022347437,10967.0043,304.244224
0.13176496,0.0309943323,0.00217424363,10950.4663,304.224871
0.134345379,0.0295607643,0.00316659023,10964.34,304.128685
0.134258884,0.0261635564,0.00350000011,10956.2311,303.506865
0.129667427,0.0213659761,0.00150000001,10955.6377,304.087244
0.133248087,0.0243444159,0.00150000001,10934.6304,303.943086
0.133258308,0.0238287962,0.00150000001,10935.7209,303.952597
0.134730495,0.0253806036,0.00150000001,10958.7791,303.901163
0.136070876,0.026698786,0.00150000001,10959.1701,303.970962
0.13236979,0.0224206416,0.00350000011,10949.0927,303.468809
0.136971259,0.0272365695,0.00350000011,10968.6666,303.782886
0.134592106,0.0231140238,0.00350000011,10946.5709,303.419603
0.136100603,0.0246165463,0.00350000011,10960.8931,303.44433
0.13788831,0.0267270979,0.00350000011,10962.8934,303.785526
0.135979801,0.0243576445,0.00150000001,10947.5055,303.878739
0.133247277,0.0214020346,0.00350000011,10955.4944,303.491496
0.137756302,0.025413871,0.00350000011,10953.8375,303.565699
0.137341792,0.0246244431,0.00150000001,10956.6099,303.885357
0.139185454,0.0268718347,0.00266577175,10964.7184,304.108465
0.139121092,0.025173254,0.00350000011,10958.5453,303.613693
0.13919684,0.0268655095,0.00166646711,10970.9268,304.152024
0.135157007,0.0212356267,0.00350000011,10950.0553,303.448372
0.1333257,0.0198333005,0.00150000001,10958.8393,304.081402
0.133518033,0.0180190491,0.00150000001,10959.0788,304.193713
0.139195751,0.0230690308,0.00150000001,10959.9251,303.860613
0.140961535,0.0231123628,0.00350000011,10952.1085,303.477541
0.141894059,0.0251939084,0.00150000001,10947.1608,304.070949
0.136848301,0.0179149889,0.00350000011,10957.2845,303.629163
0.135510652,0.0165739445,0.00350000011,10958.174,303.896882
0.138999253,0.0197795591,0.00350000011,10944.8997,303.403169
0.142018669,0.0228695021,0.00350000011,10949.0942,303.518799
0.139463448,0.0199938298,0.00150000001,10949.1855,303.880716
0.14343567,0.023645931,0.00150000001,10954.3253,303.949473
0.136556945,0.0163402121,0.00350000011,10958.4284,303.849316
0.143813485,0.0243007048,0.00222770007,10947.3399,304.041776
0.136020032,0.0149028967,0.0025661135,10958.006,304.312791
0.138364623,0.0163818723,0.00350000011,10958.2363,303.729985
0.1373094,0.0155747419,0.00350000011,10957.0125,303.915229
0.137650594,0.0157262549,0.00150000001,10957.9912,304.204907
0.13791154,0.0155872954,0.00350000011,10957.5858,303.870779
0.141893529,0.0190608048,0.00350000011,10947.1792,303.403088
0.145124836,0.0223620431,0.00150000001,10932.6382,303.922287
0.145721534,0.0228946278,0.00150000001,10924.5745,303.998664
0.145940336,0.021892345,0.00350000011,10920.8716,303.65794
0.143964204,0.0197668326,0.00150000001,10949.4572,303.793682
0.138220145,0.0140262863,0.00350000011,10958.2765,304.107081
0.142140977,0.0177529723,0.00150000001,10944.2107,303.892085
0.14002946,0.0145664306,0.00350000011,10957.2425,303.868493
0.144033807,0.0189193649,0.00350000011,10940.0982,303.403716
0.141131979,0.0154954588,0.00150000001,10951.9762,304.087453
0.141288765,0.015239007,0.00150000001,10956.3161,304.101194
0.145353475,0.0186759212,0.00350000011,10934.8988,303.409137
0.142243244,0.0146428281,0.00350000011,10955.6762,303.735322
0.147000112,0.0192331662,0.00350000011,10921.3623,303.426781
0.145159718,0.0169190384,0.00150000001,10939.9561,303.889438
0.144015159,0.0152164372,0.00350000011,10952.757,303.593842
0.144590036,0.01479747,0.00350000011,10951.5194,303.612588
0.150081195,0.0209088579,0.00270975786,10650.8406,303.868593
0.145235874,0.014776441,0.00150000001,10951.2518,304.02323
0.148369161,0.0167607763,0.00350000011,10925.6786,303.392963
0.142750725,0.0111636222,0.00228710554,10957.7985,304.414876
0.142873315,0.0110955168,0.00277594899,10957.5388,304.391764
0.151536741,0.0203090202,0.00350000011,10779.1689,303.570807
0.14628753,0.014497666,0.00150000001,10949.5656,304.027487
0.150756155,0.0189921278,0.00150000001,10847.4209,303.811852
0.143630675,0.0113655382,0.00150000001,10957.4982,304.3723
0.150596323,0.0171373411,0.00150000001,10895.5883,303.811444
0.152430242,0.0208194694,0.00150000001,10763.2476,304.004377
0.146555218,0.0129722541,0.00150000001,10955.2327,304.160559
0.151499658,0.0176443232,0.00150000001,10874.1559,303.820545
0.144623329,0.0104683497,0.00350000011,10958.5234,304.218872
0.153809785,0.0205600492,0.00350000011,10760.061,303.566827
0.151990647,0.0216202638,0.00350000011,10761.9206,303.817452
0.153513465,0.0185173045,0.00350000011,10824.8551,303.383816
0.148780267,0.0136675025,0.00150000001,10945.8144,304.065589
0.147040763,0.0117170402,0.00150000001,10957.2767,304.26404
0.154713982,0.0205483661,0.00350000011,10766.5991,303.558379
0.146337186,0.0109035295,0.00150000001,10957.455,304.351784
0.150344584,0.0140506633,0.00350000011,10939.6296,303.544203
0.153034545,0.0170333576,0.00350000011,10878.6333,303.347359
0.14923637,0.012543952,0.00350000011,10952.4698,303.727416
0.150155764,0.0129082261,0.00150000001,10948.8171,304.135118
0.15604427,0.0191573924,0.00150000001,10806.2433,303.955744
0.147569953,0.00991866915,0.00150000001,10959.3866,304.418079
0.156071123,0.0212848163,0.00150000001,10771.1525,304.086254
0.157127393,0.021031867,0.00350000011,10775.697,303.577138
0.154435744,0.0231547584,0.00350000011,10766.1297,304.043887
0.156517448,0.0210122716,0.00150000001,10772.3916,304.066421
0.148101714,0.00957524516,0.00350000011,10959.1126,304.177468
0.147061277,0.00894262015,0.00350000011,10959.0729,304.339391
0.154363959,0.0232881744,0.00166661337,10766.1843,304.268267
0.149851862,0.0105100202,0.00150000001,10957.369,304.34584
0.155842139,0.0152167683,0.00350000011,10888.2072,303.528087
0.157700271,0.0167736147,0.00350000011,10854.9536,303.504124
0.151627574,0.0106355944,0.00150000001,10954.8482,304.33321
0.15349941,0.012384586,0.00350000011,10936.6053,303.782711
0.150005087,0.00800458158,0.00282106987,10962.5644,304.497234
0.152542396,0.0109362926,0.00150000001,10949.7356,304.316077
0.15027448,0.00831407808,0.00350000011,10961.5964,304.336748
0.161079613,0.0187992939,0.00350000011,10798.8834,303.577266
0.154310446,0.0119651292,0.00150000001,10934.3376,304.253982
0.151963918,0.00946103387,0.00150000001,10956.9204,304.426385
0.160460302,0.0215971176,0.00150000001,10758.5043,304.111363
0.151848728,0.00909708686,0.00350000011,10959.1894,304.215123
0.160767022,0.0220373737,0.00350000011,10762.6149,303.630039
0.161361504,0.0177567472,0.00350000011,10809.6434,303.650216
0.15938561,0.0163674947,0.00150000001,10845.0155,304.098018
0.161822321,0.0213171681,0.00150000001,10770.9324,304.101604
0.15779239,0.0138908408,0.00350000011,10883.0359,303.784399
0.162262011,0.0179605397,0.00150000001,10799.7839,304.134044
0.155121757,0.009981666,0.00294807788,10947.3167,304.324556
0.161702435,0.0230528908,0.00350000011,10761.3942,303.707149
0.157810112,0.0126931966,0.00150000001,10892.8866,304.250353
0.15620942,0.0107594854,0.00350000011,10928.898,304.147922
0.161169282,0.0157796754,0.00150000001,10838.8722,304.18133
0.163039703,0.0223340102,0.00150000001,10772.2193,304.14553
0.165027449,0.018888756,0.00150000001,10794.1433,304.192235
0.163894969,0.0214261313,0.00150000001,10769.9364,304.145919
0.162471076,0.0238278266,0.00350000011,10775.5173,303.762661
0.159783583,0.0259524099,0.00350000011,10748.8787,304.204303
0.15986169,0.0259910082,0.00150000001,10749.7731,304.43046
0.16195333,0.0242834729,0.00150000001,10758.1567,304.278447
0.16350978,0.0230540609,0.00350000011,10776.4511,303.685894
0.159250439,0.0122753805,0.00165797888,10898.5474,304.336552
0.161554986,0.0135556831,0.00163612425,10861.0481,304.326224
0.165778372,0.0159020085,0.0029028063,10821.5377,304.250699
0.166451099,0.0162757464,0.00259551294,10834.4948,304.265224
0.168915961,0.0190301339,0.00150000001,10821.4877,304.228678
0.168798852,0.0208415347,0.00150000001,10800.0871,304.156086
0.166595395,0.0163559125,0.00178442508,10819.7807,304.3389
0.16880679,0.0175844617,0.00248213925,10828.6197,304.295409
0.165235986,0.0253455677,0.00350000011,10793.7296,303.819229
0.1625342,0.0274794323,0.00350000011,10795.4137,304.277784
0.169451335,0.0179425434,0.00291521787,10825.0182,304.259598
0.168300755,0.0231401119,0.00350000011,10786.1257,303.670606
0.170624165,0.0208344614,0.00150000001,10816.6814,304.160651
0.16345973,0.0283413814,0.00211302056,10806.268,304.546449
0.168287324,0.0244959568,0.00150000001,10793.0339,304.205731
0.172271419,0.019509256,0.00272703803,10832.1064,304.259041
0.166174512,0.026900441,0.00350000011,10800.831,303.943756
0.166627106,0.0266315843,0.00350000011,10802.4625,303.884267
0.172452843,0.021336603,0.00150000001,10817.5274,304.177404
0.167255222,0.0266619293,0.00150000001,10800.7967,304.329043
0.173800355,0.0203586665,0.00336494077,10812.2029,304.196654
0.173940195,0.0228639728,0.00350000011,10826.6455,303.745609
0.167174951,0.029538761,0.00150000001,10807.6686,304.54511
0.176361115,0.0217813106,0.00316625055,10805.5134,304.219235
0.17294436,0.0257386745,0.00150000001,10796.3019,304.126867
0.17247469,0.0269383446,0.00350000011,10793.1442,303.672234
0.176599377,0.0219136789,0.00266652857,10808.2613,304.248529
0.171685581,0.0284426533,0.00150000001,10800.0745,304.294522
0.170366887,0.0307955323,0.00150000001,10806.8523,304.521411
0.177164166,0.0225739835,0.00150000001,10811.6259,304.25546
0.17431188,0.0274896151,0.00350000011,10801.1679,303.630135
0.17746623,0.0225685284,0.00150000001,10793.8435,304.272224
0.176579704,0.0256920658,0.00350000011,10797.676,303.656938
0.17367277,0.0291929086,0.00150000001,10807.8807,304.257751
0.170916049,0.0324837795,0.00266696638,10806.6198,304.619143
0.173514453,0.029969759,0.00350000011,10799.9815,303.862942
0.173973056,0.0302314933,0.00350000011,10802.8903,303.863461
0.171750686,0.0320821545,0.00150000001,10807.3311,304.576373
0.179818404,0.0237020262,0.00233348037,10798.3484,304.224757
0.173692471,0.0312705652,0.00350000011,10806.8651,304.00187
0.172065166,0.0331221809,0.0028335913,10806.7583,304.612572
0.178119414,0.0272364383,0.00350000011,10802.8564,303.596984
0.177691309,0.0275102245,0.00150000001,10792.4123,304.086957
0.179328118,0.0256817742,0.00150000001,10786.9763,304.119315
0.176247309,0.0294350782,0.00150000001,10791.4529,304.171071
0.1816498,0.0247194687,0.00233374435,10781.0608,304.185392
0.174633519,0.0323004008,0.00150000001,10806.4634,304.470934
0.180239417,0.0272219042,0.00350000011,10781.3413,303.658984
0.179051996,0.0288221787,0.00150000001,10794.43,304.08143
0.176018671,0.0335872833,0.00150000001,10804.1031,304.521143
0.174824216,0.0346549854,0.00183332921,10804.9539,304.6757
0.184176856,0.0261233883,0.00282786369,10713.1522,304.06465
0.180348295,0.0313124766,0.00350000011,10791.761,303.634098
0.183429194,0.0279539979,0.00350000011,10747.8509,303.656414
0.176201193,0.0354199723,0.00183340046,10805.4783,304.67828
0.181639115,0.0295848681,0.00150000001,10780.5957,304.089652
0.179466088,0.0327857144,0.00350000011,10798.2151,303.812233
0.182104558,0.0298074597,0.00350000011,10766.1237,303.565095
0.17666022,0.0356749865,0.00183336353,10804.3391,304.674865
0.184338465,0.0279526343,0.00150000001,10722.8203,304.084417
0.180065067,0.0327859263,0.00350000011,10801.4962,303.774954
0.184786419,0.0281915237,0.00350000011,10713.7564,303.635935
0.185236119,0.0284460808,0.00350000011,10690.6261,303.617685
0.184941212,0.0289866355,0.00150000001,10733.22,304.02859
0.186720655,0.028462234,0.00350000011,10673.0975,303.619564
0.181321689,0.0343061494,0.00350000011,10799.0716,303.913849
0.180870337,0.0350707883,0.00150000001,10800.7741,304.485665
0.187060514,0.0274179522,0.00150000001,10616.9917,304.150457
0.188498096,0.0279915372,0.00350000011,10643.5107,303.659064
0.181515824,0.0356039204,0.00350000011,10802.0614,304.08339
0.187524633,0.0266373312,0.00150000001,10618.0628,304.224692
0.183733327,0.0340888393,0.00350000011,10795.2749,303.793291
0.188796326,0.0269649004,0.00350000011,10618.363,303.829415
0.183262873,0.0358491626,0.00350000011,10802.8971,304.029924
0.187324811,0.0314871988,0.00350000011,10750.634,303.55397
0.188372032,0.0305837638,0.00350000011,10724.2323,303.522689
0.185486697,0.0333758349,0.00150000001,10783.8234,304.222192
0.189490761,0.026932622,0.00150000001,10622.5365,304.23385
0.183026406,0.0362884643,0.00350000011,10803.0443,304.101687
0.188945146,0.0256729776,0.00350000011,10623.3206,304.083349
0.19020873,0.0306389044,0.00350000011,10727.7435,303.533668
0.191956455,0.0288494971,0.00350000011,10661.8643,303.576759
0.189214583,0.0253503663,0.00257445078,10623.558,304.310133
0.18203779,0.0384675406,0.00350000011,10805.5004,304.50295
0.19202101,0.0297979004,0.00150000001,10679.0286,304.089119
0.193810285,0.027348618,0.00350000011,10634.6674,303.685163
0.185292026,0.0373897769,0.00150000001,10804.6327,304.573242
0.193518422,0.0292078035,0.00150000001,10660.1619,304.148136
0.186979249,0.0372732087,0.00350000011,10801.7088,304.127721
0.192756604,0.0311614404,0.00350000011,10714.8586,303.610405
0.193897626,0.0261858214,0.00150000001,10630.3679,304.290665
0.187966726,0.0372435599,0.00350000011,10798.3209,304.127998
0.185110756,0.0393030095,0.00150000001,10807.7616,304.69259
0.192693656,0.0331780123,0.00350000011,10739.3555,303.776749
0.185742072,0.0398278197,0.00350000011,10808.6692,304.493618
0.187344768,0.0385076448,0.00150000001,10803.5291,304.61324
0.19068322,0.0353073003,0.00150000001,10774.8319,304.392978
0.198507504,0.0284204887,0.00150000001,10640.5147,304.318683
0.194776612,0.0327068422,0.00350000011,10710.4186,303.865915
0.196990873,0.0263798187,0.00350000011,10626.6529,303.759805
0.198808268,0.0284091718,0.00150000001,10640.5839,304.337255
0.193137473,0.0344804152,0.00350000011,10742.8942,303.969559
0.196756107,0.0253267647,0.00350000011,10608.2621,303.855523
0.190513345,0.0371479073,0.00150000001,10782.8118,304.503527
0.196735156,0.0314930224,0.00350000011,10682.2651,303.885131
0.19281275,0.0353555993,0.00150000001,10746.5857,304.418816
0.191490242,0.0378136168,0.00242865374,10783.7858,304.489641
0.192395047,0.03731095,0.0029582954,10771.5064,304.441005
0.1947944,0.0345954093,0.00150000001,10730.2031,304.402471
0.198936598,0.0302330285,0.00150000001,10665.3477,304.381796
0.197845882,0.0243622914,0.00350000011,10602.7161,303.941982
0.201245354,0.0280361066,0.00350000011,10646.9453,303.886843
0.199846573,0.0297115576,0.00150000001,10652.1241,304.398852
0.198794455,0.03160409,0.00350000011,10674.381,304.016061
0.201415426,0.0289375821,0.00350000011,10651.9263,303.948164
0.201323602,0.0272172259,0.00350000011,10639.7447,303.858126
0.197413797,0.0333197498,0.00350000011,10695.6794,304.115886
0.202204976,0.0274891983,0.00350000011,10640.1315,303.896997
0.196922619,0.03358678,0.00150000001,10709.9835,304.432749
0.200138535,0.0302398444,0.00150000001,10660.257,304.413002
0.201152377,0.0260347545,0.00350000011,10637.3017,303.820787
0.202721477,0.0273723875,0.00350000011,10643.1304,303.903595
0.198882596,0.0333611096,0.00150000001,10701.7273,304.471551
0.20087564,0.0252149035,0.00150000001,10631.4918,304.41948
0.200660927,0.0323933534,0.00350000011,10679.8859,304.292758
0.198839722,0.0211890156,0.00350000011,10640.6737,304.296969
0.202273626,0.0318228506,0.00201970032,10669.4858,304.540599
0.201167304,0.0242098305,0.00150000001,10640.2163,304.438845
0.204433836,0.0256718327,0.00350000011,10650.506,303.873242
0.206050629,0.0297245166,0.00332160408,10663.5281,304.442138
0.200668221,0.0207110586,0.00350000011,10658.8286,304.2557
0.199328845,0.0199029514,0.00350000011,10656.5165,304.493634
0.204489262,0.0245686172,0.00150000001,10645.4611,304.445143
0.20516255,0.0248401615,0.00350000011,10639.784,303.863762
0.206679516,0.0259167793,0.00350000011,10662.1079,303.899417
0.206424967,0.0255517399,0.00150000001,10654.3434,304.418449
0.199641514,0.0197312719,0.00150000001,10659.1358,304.712021
0.20113883,0.0199366657,0.00350000011,10660.2384,304.342399
0.200099585,0.0194766601,0.00150000001,10661.2111,304.720754
0.205006317,0.0230782644,0.00150000001,10648.1195,304.464053
0.206575855,0.0250719105,0.00150000001,10653.3683,304.418334
0.208974768,0.027255443,0.00150000001,10674.9889,304.469563
0.202941608,0.0204920982,0.00350000011,10659.7776,304.152898
0.20140609,0.0185773076,0.00242938308,10664.3006,304.720344
0.201567631,0.0184875634,0.00283231019,10663.559,304.691815
0.208955193,0.0256978054,0.00350000011,10661.8555,303.955693
0.202817529,0.0195057373,0.00150000001,10662.0951,304.653909
0.203407436,0.0197141763,0.00350000011,10661.0274,304.226515
0.207955024,0.0237989982,0.00150000001,10656.9261,304.405304
0.204308636,0.0197280582,0.00350000011,10661.0639,304.165901
0.202821795,0.0186564988,0.00350000011,10662.6078,304.419887
0.210325547,0.0266122384,0.00150000001,10663.0168,304.496609
0.20887479,0.0238844911,0.00350000011,10646.7076,303.846743
0.210182443,0.0251908629,0.00350000011,10661.1188,303.976975
0.206520692,0.0210442368,0.00350000011,10658.7791,303.943795
0.211167476,0.0268818209,0.00265188577,10671.6481,304.471054
0.210943176,0.0270064331,0.00181705095,10665.7026,304.533005
0.205957195,0.0194883127,0.00350000011,10661.8881,304.094041
0.206568799,0.0202664197,0.00150000001,10654.773,304.535214
0.211670041,0.0254567425,0.00150000001,10661.7752,304.433941
0.207433566,0.020012021,0.00350000011,10658.3031,303.976078
0.205421027,0.0182450417,0.00150000001,10661.8435,304.666446
0.209316945,0.0214756449,0.00150000001,10651.6096,304.408688
0.207297681,0.0192229289,0.00150000001,10659.6343,304.561128
0.212972626,0.0251991936,0.00150000001,10659.0995,304.445717
0.207764723,0.0184696521,0.00350000011,10659.0692,304.099729
0.208528886,0.0196462124,0.00150000001,10655.047,304.512875
0.205563584,0.016613201,0.00350000011,10661.8008,304.547264
0.211377048,0.0208134257,0.00350000011,10650.1849,303.817839
0.214609294,0.0249697013,0.00319360627,10662.3588,304.387459
0.209115485,0.0187174795,0.00150000001,10659.2991,304.53671
0.206865564,0.0155442666,0.00216075007,10661.694,304.803349
0.211079109,0.0191077194,0.00150000001,10657.528,304.425053
0.208849508,0.0166801252,0.00350000011,10659.9002,304.250963
0.208339437,0.0159552888,0.00150000001,10660.5404,304.729604
0.211035065,0.0185159215,0.00350000011,10657.8672,303.931693
0.216184631,0.0234003503,0.00150000001,10643.1153,304.35962
0.208872899,0.0151205637,0.00350000011,10660.4526,304.500253
0.215895409,0.0213253043,0.00350000011,10657.0774,303.839114
0.214863685,0.0200255463,0.00350000011,10652.3673,303.781601
0.212372296,0.0173239925,0.00150000001,10654.6823,304.480963
0.217998669,0.0229137411,0.00350000011,10626.3487,304.197875
0.213206097,0.0159799368,0.00350000011,10653.8918,304.054387
0.217142246,0.0192844644,0.00350000011,10629.8835,303.771194
0.214104617,0.0159888124,0.00350000011,10650.7707,304.004074
0.214576724,0.0147005764,0.00350000011,10656.998,304.125089
0.214741253,0.0139255225,0.00350000011,10659.137,304.214256
0.214302694,0.0131395424,0.00350000011,10658.671,304.366806
0.21286355,0.0122120522,0.00257547522,10659.5269,304.838131
0.220282667,0.0185095967,0.00350000011,10606.4889,303.768405
0.215508321,0.013158028,0.00350000011,10657.847,304.279221
0.218270165,0.0155315162,0.00350000011,10647.2687,303.881258
0.219063151,0.0153604317,0.00350000011,10646.5081,303.880471
0.223208787,0.0203188771,0.00150000001,10480.2617,304.289851
0.224081265,0.0202835353,0.00350000011,10461.3139,303.981962
0.221703071,0.0171769513,0.00150000001,10608.3419,304.267912
0.224854284,0.0195231326,0.00150000001,10513.0307,304.284836
0.219544523,0.0143226925,0.00150000001,10651.0514,304.478903
0.224548662,0.0210648931,0.00350000011,10459.2118,304.105466
0.220365011,0.014148927,0.00150000001,10647.12,304.486353
0.218076249,0.0125155638,0.00150000001,10655.3837,304.678286
0.223417343,0.0171175226,0.00350000011,10587.7492,303.764786
0.219275698,0.0124650416,0.00350000011,10655.0694,304.202277
0.221696204,0.0144512646,0.00350000011,10640.1564,303.920486
0.225268725,0.0181383094,0.00350000011,10540.0958,303.791871
0.217996027,0.0107338248,0.00150000001,10659.4333,304.839593
0.228468816,0.0194695498,0.00150000001,10494.7307,304.373135
0.224500757,0.0156276495,0.00150000001,10607.5968,304.347725
0.22765485,0.0176684614,0.00350000011,10544.1834,303.80916
0.2275944,0.0220686734,0.00350000011,10462.5837,304.179085
0.229531021,0.0191760386,0.00150000001,10497.1654,304.372021
0.222576117,0.011486742,0.00150000001,10654.7182,304.729852
0.229403596,0.0177414644,0.00150000001,10533.3221,304.393705
0.226163695,0.0144119559,0.00150000001,10618.8918,304.478264
0.231164289,0.0199896148,0.00150000001,10467.8383,304.457448
0.225282137,0.0132796337,0.00350000011,10632.7651,304.088468
0.228700352,0.0228564271,0.00150000001,10458.559,304.587025
0.224998042,0.0122196842,0.00350000011,10642.5053,304.220814
0.221582329,0.00802325104,0.00320929639,10661.8343,304.942442
0.220822812,0.00827904637,0.00350000011,10661.5057,304.837731
0.23196475,0.0184448065,0.00150000001,10491.0628,304.49085
0.226586313,0.0136323924,0.00150000001,10617.5224,304.565718
0.222264589,0.00918766915,0.00150000001,10660.9933,304.928123
0.223796358,0.0101045921,0.00350000011,10657.7248,304.514946
0.226333889,0.0114349583,0.00350000011,10636.0113,304.3931
0.232515327,0.0172500519,0.00350000011,10511.4544,304.076292
0.231450813,0.0166732287,0.00150000001,10532.9787,304.547093
0.224439793,0.00852565698,0.00234628844,10667.3901,304.917904
0.224561163,0.00942841477,0.00350000011,10656.6088,304.639697
0.227010894,0.0118135101,0.00150000001,10627.3848,304.729647
0.225658156,0.0105293961,0.00150000001,10646.2375,304.808643
0.231266026,0.0241094801,0.00350000011,10423.7864,304.315974
0.235210902,0.0193243241,0.00350000011,10478.135,304.1042
0.234919813,0.0214775,0.00350000011,10458.2895,304.048218
0.233105942,0.0230336366,0.00150000001,10441.0204,304.598964
0.23382426,0.017127132,0.00150000001,10499.6499,304.618955
0.228897115,0.0109679769,0.00257957589,10630.7024,304.76335
0.23783535,0.0198592651,0.00150000001,10489.3969,304.642987
0.230366277,0.0121310187,0.00350000011,10599.4253,304.533517
0.231112417,0.0128920014,0.00350000011,10583.2702,304.46116
0.229569883,0.0115145384,0.00150000001,10613.3731,304.786032
0.237667275,0.0185875808,0.00150000001,10496.6043,304.655189
0.235424202,0.0158017131,0.00150000001,10518.0009,304.694156
0.234853833,0.0146231703,0.00350000011,10545.1035,304.544053
0.237905001,0.0177005417,0.00350000011,10515.1119,304.34411
0.239506558,0.020233637,0.00350000011,10506.3596,304.179157
0.23942376,0.0186946767,0.00350000011,10515.7666,304.318557
0.23805231,0.0219040334,0.00350000011,10479.0332,304.098064
0.237897797,0.0171780871,0.00350000011,10511.1056,304.41217
0.239626243,0.0208699544,0.00150000001,10491.4854,304.645672
0.237712351,0.0158653309,0.00216742392,10517.0151,304.789954
0.235859659,0.0250907596,0.00350000011,10488.3581,304.23334
0.239625709,0.0218941651,0.00150000001,10480.7591,304.634512
0.237488242,0.0157408263,0.0020343324,10517.8081,304.791053
0.23961997,0.0224080874,0.00150000001,10489.4786,304.635024
0.237681865,0.0246039418,0.00150000001,10485.1746,304.660925
0.240189832,0.0172417096,0.00199357638,10521.2403,304.787766
0.237687611,0.0251155001,0.00150000001,10489.2714,304.674632
0.240853032,0.0176101528,0.00163822097,10507.683,304.819984
0.243697723,0.0191905371,0.00323523493,10519.6512,304.69587
0.244300709,0.0195255309,0.00204012239,10519.6457,304.778437
0.244584845,0.0196833847,0.002970017,10509.8406,304.730615
0.240388282,0.0251453733,0.00150000001,10488.6088,304.654382
0.242704219,0.0233094267,0.00350000011,10507.6658,304.093585
0.244970222,0.0202374573,0.00350000011,10514.8,304.540635
0.244891729,0.0200276014,0.00150000001,10518.8311,304.765049
0.244170147,0.0229106438,0.00150000001,10515.2666,304.567824
0.245515232,0.0215853389,0.00150000001,10511.1395,304.676046
0.238557731,0.02918914,0.00350000011,10504.8252,304.557658
0.238960198,0.0288909958,0.00350000011,10504.6317,304.488453
0.246168288,0.0205630734,0.00283094423,10521.3349,304.722237
0.244183421,0.0239422557,0.00150000001,10510.8083,304.545305
0.24642276,0.0215707021,0.00150000001,10507.3512,304.697491
0.237737098,0.0296065855,0.0033656245,10505.057,304.772625
0.246833514,0.0217980007,0.00350000011,10512.9899,304.413463
0.243632966,0.0254672477,0.00150000001,10502.9674,304.578317
0.243363176,0.0264030066,0.00150000001,10504.4351,304.615635
0.245997206,0.0249564764,0.00350000011,10497.294,304.059365
0.247616002,0.0231018279,0.00350000011,10496.6574,304.278857
0.242443547,0.0284227329,0.00150000001,10502.2056,304.703875
0.243799276,0.0266653215,0.00150000001,10499.1468,304.612073
0.245561847,0.0257124228,0.00150000001,10494.3608,304.559322
0.245035165,0.0277320307,0.00350000011,10499.5931,304.066925
0.249130398,0.0225554238,0.00350000011,10504.3376,304.488528
0.244116318,0.028679347,0.00150000001,10503.1244,304.665833
0.241066096,0.031456029,0.00163727182,10504.8015,304.893272
0.247678978,0.0262671915,0.00350000011,10485.153,304.00185
0.247240324,0.0264645389,0.00150000001,10500.6457,304.538715
0.248705215,0.0248934096,0.00150000001,10506.1221,304.570794
0.249925781,0.0238645852,0.00150000001,10504.215,304.641113
0.250080563,0.0230839518,0.00150000001,10507.9478,304.686757
0.250661376,0.0230592342,0.0031935955,10492.7306,304.635828
0.249442554,0.0251389629,0.00150000001,10498.126,304.579687
0.2446693,0.0306763819,0.00350000011,10505.5784,304.297844
0.246564482,0.0286129027,0.00150000001,10501.6827,304.587396
0.246937258,0.0298694435,0.00350000011,10501.367,304.086334
0.250112349,0.0262000082,0.00350000011,10494.2458,304.085734
0.244622807,0.0320452377,0.00150000001,10502.3178,304.795178
0.252272033,0.0239540432,0.00266659965,10502.9121,304.64092
0.249848906,0.0274200281,0.00150000001,10494.2416,304.509038
0.247733135,0.0317035127,0.00350000011,10500.4489,304.203149
0.250905156,0.02801375,0.00350000011,10489.9862,304.000393
0.250626204,0.0290360174,0.00350000011,10488.1989,303.975118
0.249514221,0.0299605759,0.00150000001,10502.5904,304.516788
0.248787024,0.0314392165,0.00350000011,10499.3958,304.118583
0.246620235,0.0333244184,0.00150000001,10503.8285,304.786333
0.250829431,0.0300863826,0.00150000001,10489.1003,304.481363
0.246629355,0.0338513398,0.00150000001,10503.2498,304.81431
0.251016145,0.0303424458,0.00150000001,10497.1141,304.490868
0.251362169,0.0305975009,0.00350000011,10491.3255,303.969405
0.247392252,0.0341021895,0.00150000001,10503.0669,304.798894
0.247549045,0.0343633274,0.00150000001,10502.2645,304.805715
0.251773096,0.030899266,0.00350000011,10484.198,303.968793
0.256329905,0.027424349,0.00150000001,10417.1731,304.529578
0.255163104,0.0290141891,0.00350000011,10460.0909,303.987547
0.257694344,0.0276666105,0.00350000011,10352.1317,304.141026
0.255844382,0.0297781106,0.00150000001,10461.9447,304.450186
0.257383145,0.0281896678,0.00150000001,10390.4783,304.467884
0.2564534,0.029237972,0.00150000001,10437.7837,304.454694
0.256307107,0.0305737121,0.00150000001,10463.9005,304.456912
0.254092616,0.0341099304,0.00350000011,10496.358,304.089283
0.250918926,0.0369298271,0.00181093975,10503.0415,304.789553
0.259228683,0.0271461471,0.00150000001,10316.5494,304.598135
0.256715214,0.032912962,0.00350000011,10486.331,303.940287
0.261272401,0.0287844979,0.00350000011,10361.4482,303.976714
0.262189606,0.0277633595,0.00350000011,10335.7249,304.087548
0.258786229,0.0323355621,0.00150000001,10466.4975,304.482383
0.263230753,0.0291217864,0.00350000011,10368.2943,303.933264
0.260614143,0.032504454,0.00350000011,10459.9813,303.929864
0.264457548,0.0275601903,0.00350000011,10328.6571,304.068765
0.262226487,0.03084818,0.00150000001,10416.1909,304.427602
0.265062739,0.0275711663,0.00350000011,10337.3623,304.062349
0.259783803,0.0338055717,0.00150000001,10479.1103,304.531412
0.257774986,0.0366233166,0.00350000011,10500.4889,304.204582
0.263109142,0.0256862048,0.00350000011,10322.6108,304.388697
0.262457755,0.0246597194,0.00216346487,10322.3794,304.838143
0.260578064,0.0342882377,0.00350000011,10477.665,304.016594
0.262937311,0.0243932986,0.00296787254,10322.3944,304.808542
0.255589287,0.0394885996,0.00239400192,10505.573,304.6895
0.262679139,0.0317812466,0.00150000001,10434.7806,304.462521
0.255425293,0.0392661009,0.00350000011,10504.7645,304.560418
0.257515225,0.0384425261,0.00350000011,10504.5473,304.372931
0.263383426,0.0241454526,0.0029672318,10322.4734,304.830092
0.263597129,0.0240267311,0.00205353017,10322.4231,304.898996
0.257213954,0.0383695212,0.00150000001,10504.735,304.715495
0.262115355,0.0345890467,0.00350000011,10471.8699,304.055345
0.258359883,0.037982746,0.00150000001,10503.191,304.695722
0.26805798,0.0275724157,0.00350000011,10318.3261,304.047987
0.257460343,0.0392370382,0.00150000001,10506.0517,304.725039
0.257577291,0.039976447,0.00246679605,10508.4783,304.626237
0.264056954,0.0335601425,0.00150000001,10448.1933,304.519483
0.265807999,0.0321424428,0.00350000011,10412.5479,304.022891
0.264582834,0.0234791192,0.00258151403,10321.7825,304.914264
0.268691162,0.0270746824,0.00350000011,10322.9657,304.085349
0.258629922,0.0393741421,0.00150000001,10506.9964,304.702144
0.26302444,0.0353509625,0.00350000011,10466.8245,304.150796
0.265096748,0.0233668062,0.00350000011,10321.8615,304.735022
0.267641026,0.0252341664,0.00350000011,10306.8889,304.280342
0.262074785,0.0363728965,0.00150000001,10479.2047,304.617196
0.269843139,0.0285116856,0.00150000001,10335.2697,304.637703
0.26734656,0.0247084285,0.00350000011,10307.7225,304.368991
0.266498192,0.0238023894,0.00150000001,10313.3824,304.900807
0.269600129,0.0267806008,0.00150000001,10315.4734,304.668576
0.266147652,0.0330714547,0.00150000001,10419.5031,304.55954
0.269336596,0.0302752421,0.00150000001,10366.8621,304.623995
0.267953849,0.0320621062,0.00150000001,10391.6371,304.592046
0.269448136,0.025242489,0.00350000011,10312.8407,304.219803
0.271386069,0.0270625096,0.00350000011,10324.4418,304.149946
0.262984645,0.0380945053,0.0016670707,10488.24,304.592814
0.269752361,0.0315780921,0.00150000001,10376.4898,304.627114
0.272418422,0.029922783,0.00350000011,10358.4086,304.239871
0.271982873,0.0260668625,0.00150000001,10319.0916,304.743925
0.269733515,0.032618142,0.00150000001,10384.7572,304.617257
0.269467155,0.0332765765,0.00350000011,10391.0877,304.307909
0.2697256,0.0331395437,0.00150000001,10391.9685,304.619354
0.272466103,0.0300571916,0.00150000001,10358.7287,304.680095
0.272854717,0.0307113067,0.00350000011,10370.6798,304.298521
0.273898775,0.0261552446,0.00350000011,10330.551,304.213078
0.270328198,0.0230816034,0.00150000001,10306.5998,304.910693
0.267734487,0.0354557053,0.00179931183,10430.2932,304.600439
0.269863552,0.033926856,0.00150000001,10404.6404,304.637071
0.272844748,0.0312338968,0.00350000011,10377.2723,304.335973
0.269499231,0.021595074,0.00350000011,10310.299,304.741171
0.271031411,0.0231151312,0.00350000011,10323.6703,304.43064
0.272669109,0.0325411786,0.00350000011,10374.3069,304.499312
0.275472288,0.0266854028,0.00350000011,10341.7791,304.244272
0.275023118,0.031406468,0.0028317918,10370.4506,304.652643
0.276539096,0.027215473,0.00350000011,10346.3979,304.290117
0.278521633,0.0291154825,0.00150000001,10362.7594,304.754479
0.27260053,0.0199584404,0.00350000011,10358.3351,304.808988
0.275302051,0.0229119653,0.00350000011,10344.7508,304.321317
0.278857975,0.0264856141,0.00150000001,10354.2804,304.689867
0.280369338,0.0270450241,0.00150000001,10374.1521,304.694286
0.272811096,0.0189078596,0.00205443414,10360.443,305.171355
0.278870424,0.0248911905,0.00150000001,10345.9022,304.709598
0.281131293,0.0267958844,0.00150000001,10361.7445,304.723697
0.279244612,0.024497112,0.00350000011,10346.2825,304.242801
0.274613239,0.0179066642,0.00205991205,10359.3895,305.209521
0.283882055,0.024594392,0.00350000011,10358.9381,304.362707
0.276181127,0.0173836659,0.00150000001,10358.5831,305.21741
0.276568905,0.016994981,0.00350000011,10357.7096,305.037578
0.276037435,0.0171154496,0.00179706843,10358.3336,305.251218
0.285357288,0.0256652609,0.002968728,10370.6002,304.70076
0.282087228,0.0209694746,0.00150000001,10348.4167,304.780832
0.284062079,0.0228854172,0.00150000001,10361.7777,304.673315
0.279279027,0.0175764873,0.00350000011,10356.439,304.700621
0.286006272,0.0253047134,0.00176473036,10366.2577,304.76694
0.27787987,0.0160918743,0.00176461867,10357.0864,305.283966
0.28232576,0.019513855,0.00350000011,10350.6139,304.330743
0.286347196,0.0226716964,0.00150000001,10348.775,304.717438
0.287623957,0.0244060007,0.0016345167,10348.8501,304.795488
0.281650343,0.016960956,0.00150000001,10352.9081,305.059819
0.285578384,0.0196393456,0.00350000011,10343.2414,304.229563
0.28622623,0.0191926963,0.00350000011,10352.1081,304.216046
0.287788497,0.0210512541,0.00350000011,10339.3671,304.25527
0.281230667,0.0145775838,0.00150000001,10356.3214,305.285762
0.281334319,0.0141727379,0.00296996715,10355.409,305.269979
0.283742219,0.0152649539,0.00350000011,10354.6514,304.712574
0.285300195,0.0170430686,0.00150000001,10346.5809,304.941867
0.28825647,0.0197965695,0.00350000011,10337.1908,304.228177
0.290846202,0.0226158648,0.0025092097,10314.4124,304.730021
0.291036,0.0206286725,0.00350000011,10321.7909,304.309339
0.283678875,0.013043808,0.00150000001,10354.9848,305.342572
0.287572215,0.0146942918,0.00150000001,10350.5718,305.087469
0.290652336,0.0178074218,0.00350000011,10330.1917,304.204897
0.285055299,0.0122789334,0.00150000001,10354.8751,305.372803
0.285421315,0.011902183,0.00218181108,10354.0096,305.386312
0.292635519,0.0190539854,0.00150000001,10275.6485,304.81234
0.29348335,0.0204635327,0.00150000001,10231.2976,304.810249
0.285670025,0.0117640122,0.00252953624,10354.4146,305.372451
0.294285733,0.0193229751,0.00350000011,10239.2434,304.297486
0.290535503,0.015540446,0.00150000001,10339.7543,305.008391
0.294821728,0.0209642631,0.00161857616,10139.2778,304.79629
0.290755853,0.0148098831,0.00350000011,10344.4067,304.410162
0.2902423,0.0138797935,0.00150000001,10349.7148,305.131739
0.295226257,0.0202506326,0.00150000001,10184.0854,304.82244
0.292806225,0.015302905,0.00350000011,10332.4362,304.326556
0.29549021,0.0173623844,0.00350000011,10284.9679,304.245444
0.297516018,0.0198650143,0.00350000011,10180.0119,304.413598
0.294264795,0.0153848727,0.00150000001,10325.6183,305.019748
0.293537519,0.0133443531,0.00350000011,10347.0428,304.559255
0.29680387,0.0170410438,0.00350000011,10281.1084,304.293272
0.296764401,0.0165286627,0.00350000011,10292.8666,304.312731
0.296780641,0.0160879853,0.00150000001,10306.4044,304.988832
0.290396685,0.00931070734,0.00350000011,10355.7189,305.333772
0.298682807,0.0227193024,0.0027239341,10177.7832,304.93174
0.301057106,0.0196527404,0.00150000001,10200.9022,304.960365
0.291283727,0.00934617,0.00350000011,10355.9824,305.268753
0.301599697,0.0197337559,0.00350000011,10195.3971,304.47027
0.299574161,0.017677199,0.00150000001,10253.0118,304.953979
0.291545925,0.00853115712,0.00246710434,10356.9001,305.567218
0.297500222,0.0150239531,0.00350000011,10309.9398,304.445466
0.292180731,0.00998728543,0.00150000001,10355.3352,305.473061
0.30038631,0.0173070972,0.00350000011,10256.6809,304.420656
0.29983474,0.0229090994,0.00150000001,10177.3519,305.043469
0.302659701,0.0212045626,0.00350000011,10179.844,304.550649
0.29607499,0.0116889384,0.00150000001,10345.153,305.348007
0.299496816,0.0155824562,0.00150000001,10294.5185,305.113247
0.293026502,0.00838756876,0.00350000011,10356.6997,305.406738
0.295150257,0.01017123,0.00350000011,10352.5255,305.093332
0.293581205,0.00802112603,0.00216252114,10358.2314,305.624067
0.304048772,0.0181101157,0.00350000011,10225.8793,304.583647
0.303789789,0.0218800005,0.00350000011,10162.378,304.611322
0.299361717,0.0135089582,0.00150000001,10313.9428,305.277114
0.30400899,0.0175828764,0.00350000011,10245.0779,304.618766
0.301860234,0.0241635847,0.0032353926,10163.8988,304.968012
0.302932717,0.0162709437,0.00150000001,10263.6178,305.228832
0.301587325,0.0240395334,0.0017674111,10167.9288,305.061289
0.306310179,0.0204175856,0.00150000001,10194.1166,305.226573
0.301492751,0.013630996,0.00350000011,10295.8494,304.876846
0.301643584,0.0135441089,0.00150000001,10291.4977,305.379632
0.303654981,0.0159337128,0.00150000001,10259.2404,305.298074
0.304640697,0.0168539705,0.00150000001,10250.1257,305.291096
0.306531415,0.0184477999,0.00350000011,10233.1645,304.718753
0.301126922,0.0128109463,0.00150000001,10301.7115,305.413424
0.303611901,0.0154225835,0.00150000001,10265.3963,305.335015
0.305414683,0.0164249715,0.00350000011,10253.1787,304.840439
0.305617829,0.0225576694,0.00150000001,10184.2398,305.155984
0.303482776,0.0138782536,0.00150000001,10278.5131,305.428723
0.304867785,0.0242016922,0.00150000001,10176.7265,305.144675
0.3080212,0.0180776528,0.00150000001,10242.4948,305.435585
0.300041631,0.0101554421,0.00163195598,10327.5683,305.593276
0.306177214,0.0238016408,0.00150000001,10194.9427,305.182539
0.308715308,0.0174155104,0.00350000011,10254.2996,304.97937
0.309985823,0.0211874008,0.00150000001,10220.0014,305.411765
0.304832697,0.0123332004,0.0027025173,10287.8945,305.572788
0.309974448,0.0178256418,0.00350000011,10255.9678,305.065337
0.306680311,0.025017914,0.00350000011,10209.5402,304.801949
0.310610323,0.0185937504,0.00150000001,10256.0563,305.549862
0.309708669,0.0229662514,0.00150000001,10205.8663,305.336196
0.307212422,0.0257552471,0.00350000011,10212.5555,304.848457
0.310901132,0.0220874228,0.00150000001,10218.3919,305.422866
0.308231899,0.0249061993,0.00150000001,10209.8738,305.222002
0.3102689,0.023243818,0.00350000011,10212.0644,304.726437
0.30749454,0.0137094043,0.00150000001,10277.4576,305.689403
0.310791816,0.0231185966,0.00150000001,10211.3975,305.382785
0.310370905,0.0160126193,0.00150000001,10277.259,305.704101
0.307858154,0.0268899096,0.00333288251,10212.4254,304.999905
0.308704113,0.0269299808,0.00350000011,10207.9705,304.873224
0.313325884,0.0229700953,0.00350000011,10248.3014,304.853898
0.315730791,0.0204878767,0.00150000001,10315.2085,305.803032
0.308808221,0.0273217612,0.00334599794,10204.2961,304.977895
0.314517045,0.0169017233,0.00150000001,10306.5304,306.026445
0.314874008,0.0233427612,0.00150000001,10271.303,305.532992
0.315602177,0.0230610925,0.00350000011,10278.1856,304.990262
0.317924141,0.0204739815,0.00150000001,10342.7636,305.998858
0.316404164,0.0222109397,0.00150000001,10314.7162,305.71492
0.312444731,0.0267713852,0.00350000011,10186.9012,304.696155
0.314864686,0.0244909239,0.00350000011,10254.911,304.82649
0.314226088,0.0267320621,0.00150000001,10211.27,305.380684
0.312561358,0.0286517154,0.00150000001,10174.7441,305.310415
0.318503859,0.0237643196,0.00150000001,10323.57,305.749949
0.310151187,0.0302625008,0.00150000001,10151.4424,305.256967
0.315662575,0.0270777295,0.00350000011,10228.0034,304.739663
0.317824007,0.0258437761,0.00350000011,10285.683,304.988093
0.316192657,0.0276879867,0.00350000011,10224.3854,304.750118
0.314068251,0.0295212008,0.00350000011,10182.8141,304.654361
0.318958376,0.0247044397,0.00150000001,10311.6582,305.722243
0.315666888,0.0281487779,0.00150000001,10214.6775,305.38739
0.311213552,0.0333836319,0.00350000011,10152.8459,304.913689
0.310000002,0.033655899,0.00276620336,10152.8679,305.20522
0.317582946,0.0280763058,0.00150000001,10246.3485,305.47536
0.32199834,0.0241097574,0.00283329019,10401.2198,306.067219
0.318047523,0.0283345937,0.00150000001,10235.265,305.506822
0.31725041,0.0298145768,0.00350000011,10210.9405,304.757474
0.310151675,0.0347061162,0.00350000011,10152.6611,305.086993
0.320934396,0.0259809172,0.00150000001,10319.0738,305.79203
0.314365195,0.0329356933,0.00150000001,10160.3725,305.290995
0.320784331,0.0272829716,0.00150000001,10277.8018,305.710083
0.316426904,0.031664825,0.00150000001,10183.3937,305.350261
0.310151812,0.0362796818,0.00350000011,10150.6248,305.101803
0.314423526,0.0346919739,0.00350000011,10161.2156,304.68951
0.310759615,0.0383760003,0.00350000011,10152.64,305.023683
0.318525823,0.0312103766,0.00150000001,10207.5716,305.456202
0.319880006,0.0299011161,0.00150000001,10220.4812,305.543884
0.313728568,0.0361130566,0.00150000001,10153.2619,305.29384
0.321106153,0.029340083,0.00350000011,10267.2206,305.29216
0.310000002,0.0384403085,0.001787141,10153.754,305.297259
0.313362844,0.0381113099,0.00350000011,10159.5999,304.77951
0.320486333,0.0314751642,0.00150000001,10215.4476,305.5373
0.318986401,0.0330449705,0.00150000001,10182.337,305.434532
0.310273644,0.0399961937,0.00150000001,10162.9722,305.321378
0.317550525,0.0352160069,0.00350000011,10168.7878,304.774831
0.321241435,0.0321095125,0.00350000011,10212.6168,305.240081
0.310607336,0.0417893113,0.00350000011,10165.8921,305.047524
0.319099204,0.0347042569,0.00350000011,10175.1281,304.893447
0.317547125,0.0362665322,0.00350000011,10165.6215,304.78395
0.310000002,0.0410154477,0.00335585072,10165.9306,305.190379
0.31453287,0.0400933594,0.00150000001,10159.2051,305.247017
0.313515991,0.0420489296,0.00350000011,10162.865,304.797837
0.314154686,0.0412152273,0.00150000001,10164.4647,305.228479
0.321999997,0.0333737232,0.00244324415,10214.9406,305.74363
0.316306671,0.039944822,0.00350000011,10162.774,304.761005
0.31475459,0.0415223434,0.00350000011,10159.1354,304.752811
0.321999997,0.034376517,0.00242682773,10202.6016,305.731758
0.316312235,0.0404418257,0.00150000001,10160.3527,305.272412
0.321999997,0.0346169223,0.00202951906,10197.9614,305.745903
0.318051478,0.0393815655,0.00150000001,10160.9279,305.312971
0.316605368,0.0411663247,0.00150000001,10164.4331,305.263683
0.320939222,0.0380387138,0.00150000001,10184.1669,305.535302
0.321999997,0.0370412588,0.00242499144,10182.3321,305.740646
0.319557219,0.0412527027,0.00350000011,10168.3367,305.005017
0.320017115,0.0420396458,0.00350000011,10169.9643,305.103657
