x_m,y_m,z_m,temperature_K
0.339949558,0.28987288,0.00499999989,319.732682
0.338532411,0.289339283,0.00499999989,319.58999
0.338989963,0.287158192,0.00499999989,319.326311
0.334570089,0.288783026,0.00499999989,319.548519
0.332160692,0.290739861,0.00499999989,319.862098
0.336796763,0.30901018,0.00499999989,321.373002
0.337391082,0.308712378,0.00499999989,321.373002
0.33944451,0.287246956,0.00499999989,319.296908
0.333759233,0.276040056,0.00499999989,319.218002
0.335635229,0.272577786,0.00499999989,319.192249
0.336411628,0.286891815,0.00499999989,319.272455
0.331744778,0.289906836,0.00499999989,319.685596
0.33776491,0.281771735,0.00499999989,319.104951
0.332795614,0.288484116,0.00499999989,319.45807
0.323429962,0.30576168,0.00499999989,321.303633
0.333880425,0.287045198,0.00499999989,319.302822
0.339040085,0.285149481,0.00499999989,319.142424
0.324461716,0.293300415,0.00499999989,320.365022
0.321703374,0.296360166,0.00499999989,320.712898
0.329102419,0.274793256,0.00499999989,319.089
0.337220418,0.283241375,0.00499999989,319.087335
0.336463245,0.265807072,0.00499999989,318.982932
0.336836584,0.265175798,0.00499999989,318.982932
0.330028116,0.280336755,0.00499999989,319.090488
0.331151207,0.286531805,0.00499999989,319.233733
0.330471132,0.267147774,0.00499999989,318.851557
0.335049278,0.284534663,0.00499999989,319.116632
0.318329437,0.306481253,0.00499999989,321.324575
0.331196616,0.283258802,0.00499999989,319.070969
0.33098916,0.284564491,0.00499999989,319.104905
0.327742206,0.287543226,0.00499999989,319.327049
0.326460026,0.280057569,0.00499999989,319.016483
0.326827666,0.281540553,0.00499999989,318.999117
0.324625666,0.289230755,0.00499999989,319.523843
0.327624151,0.261146912,0.00499999989,318.406852
0.327544669,0.261509018,0.00499999989,318.406852
0.318329018,0.27504501,0.00499999989,318.700603
0.337684764,0.255031981,0.00499999989,318.470482
0.322055661,0.28934088,0.00499999989,319.538348
0.310012324,0.301045404,0.00499999989,321.093971
0.309176341,0.298162147,0.00499999989,320.883
0.316406106,0.291640823,0.00499999989,320.072976
0.326847193,0.285000148,0.00499999989,319.058461
0.319266093,0.26769677,0.00499999989,318.239748
0.323993912,0.259762513,0.00499999989,317.983443
0.326440824,0.283833301,0.00499999989,319.007735
0.313022701,0.292399767,0.00499999989,320.30556
0.337270354,0.252042514,0.00499999989,318.333145
0.324688418,0.283190135,0.00499999989,318.95185
0.320382471,0.288598369,0.00499999989,319.434654
0.316011866,0.276250529,0.00499999989,318.574821
0.317283553,0.277974325,0.00499999989,318.708209
0.318215991,0.278853734,0.00499999989,318.742324
0.305941567,0.304287504,0.00499999989,321.219323
0.324475357,0.284999887,0.00499999989,319.019358
0.318034122,0.261733509,0.00499999989,317.497973
0.320333901,0.259474123,0.00499999989,317.530365
0.318485061,0.279551106,0.00499999989,318.761792
0.32264802,0.257604653,0.00499999989,317.594128
0.327053403,0.252435941,0.00499999989,317.781168
0.320834006,0.28709069,0.00499999989,319.195951
0.319067396,0.288147022,0.00499999989,319.320287
0.316515887,0.28941795,0.00499999989,319.591205
0.313535585,0.26537087,0.00499999989,317.481304
0.319380044,0.280460317,0.00499999989,318.773207
0.322922714,0.282896555,0.00499999989,318.894344
0.322426214,0.282559291,0.00499999989,318.878615
0.303160429,0.305132582,0.00499999989,321.22295
0.313128184,0.276374182,0.00499999989,318.442381
0.318983437,0.281052839,0.00499999989,318.762187
0.318537227,0.280930144,0.00499999989,318.743852
0.331306354,0.248896805,0.00499999989,317.900179
0.32348054,0.254513814,0.00499999989,317.472902
0.314983722,0.278700245,0.00499999989,318.604115
0.330434144,0.24825083,0.00499999989,317.784957
0.321041555,0.256966321,0.00499999989,317.276626
0.322314778,0.254429544,0.00499999989,317.327292
0.320143775,0.257574907,0.00499999989,317.151875
0.319933871,0.285225672,0.00499999989,318.970275
0.320203008,0.285362499,0.00499999989,318.970275
0.310327916,0.290223134,0.00499999989,319.966175
0.312025338,0.289147844,0.00499999989,319.665399
0.315836065,0.260731088,0.00499999989,317.001516
0.311009694,0.265691251,0.00499999989,317.388569
0.315749925,0.27986302,0.00499999989,318.646259
0.312420313,0.26294983,0.00499999989,317.049509
0.331000585,0.24507359,0.00499999989,317.725531
0.298640845,0.296048808,0.00499999989,320.647116
0.308922328,0.289175536,0.00499999989,319.86789
0.314354094,0.279465066,0.00499999989,318.576494
0.310312607,0.276301016,0.00499999989,318.296739
0.311529746,0.277987448,0.00499999989,318.433977
0.311899951,0.278360112,0.00499999989,318.460981
0.3188648,0.28290582,0.00499999989,318.787655
0.32314644,0.248796771,0.00499999989,317.079255
0.319981299,0.255601493,0.00499999989,316.907128
0.302998241,0.28968295,0.00499999989,320.079167
0.297916551,0.294292622,0.00499999989,320.55245
0.30913627,0.288651796,0.00499999989,319.759215
0.314314283,0.260615317,0.00499999989,316.822286
0.309718718,0.265212952,0.00499999989,317.188103
0.307864792,0.275051357,0.00499999989,318.13059
0.311107713,0.278053646,0.00499999989,318.413612
0.320203988,0.254689755,0.00499999989,316.827587
0.316650141,0.285146823,0.00499999989,318.955942
0.302423246,0.289070761,0.00499999989,319.978656
0.307532338,0.275786199,0.00499999989,318.138072
0.323765946,0.2448788,0.00499999989,316.934169
0.321207224,0.251688759,0.00499999989,316.827459
0.314897726,0.285363995,0.00499999989,318.984485
0.315222412,0.285459436,0.00499999989,318.984485
0.315595379,0.257790998,0.00499999989,316.422869
0.309180993,0.263862997,0.00499999989,316.84435
0.312522552,0.260233615,0.00499999989,316.493045
0.305472227,0.270030214,0.00499999989,317.53529
0.321922388,0.247565412,0.00499999989,316.716844
0.296558791,0.289648508,0.00499999989,320.005475
0.296985689,0.289515583,0.00499999989,320.005475
0.295631966,0.288341735,0.00499999989,319.889183
0.292284571,0.298458357,0.00499999989,320.748371
0.30342256,0.270276713,0.00499999989,317.485634
0.311377464,0.280182339,0.00499999989,318.514217
0.317792737,0.254789944,0.00499999989,316.42467
0.317091312,0.255802551,0.00499999989,316.382779
0.321083979,0.248945488,0.00499999989,316.657625
0.322350987,0.246058566,0.00499999989,316.782099
0.309776725,0.286722318,0.00499999989,319.29236
0.313149526,0.284904763,0.00499999989,318.924649
0.312971156,0.258622179,0.00499999989,316.296867
0.321029164,0.248150558,0.00499999989,316.53347
0.317807275,0.252779706,0.00499999989,316.252087
0.29003339,0.300068579,0.00499999989,320.770264
0.303129089,0.272008838,0.00499999989,317.657102
0.306305572,0.26430589,0.00499999989,316.560874
0.310117126,0.26028145,0.00499999989,316.232243
0.317204266,0.254281735,0.00499999989,316.263842
0.307332902,0.262079753,0.00499999989,316.222193
0.315811613,0.254332161,0.00499999989,316.112123
0.287584541,0.304250673,0.00499999989,320.851217
0.301722129,0.272279489,0.00499999989,317.632917
0.303557372,0.266302053,0.00499999989,316.745817
0.306787398,0.278878214,0.00499999989,318.339325
0.305050867,0.277446701,0.00499999989,318.165335
0.308796848,0.281255647,0.00499999989,318.550138
0.321185033,0.243460233,0.00499999989,316.33956
0.316073211,0.253359343,0.00499999989,316.06336
0.287495288,0.293718157,0.00499999989,320.250643
0.29365056,0.28453229,0.00499999989,319.289306
0.3030285,0.266571462,0.00499999989,316.824393
0.303026712,0.274892874,0.00499999989,317.894597
0.307404181,0.279896827,0.00499999989,318.413003
0.30314292,0.275236926,0.00499999989,317.950008
0.305318239,0.278862056,0.00499999989,318.31068
0.318504731,0.247716458,0.00499999989,316.063966
0.316566327,0.250674254,0.00499999989,315.947214
0.285773085,0.298261922,0.00499999989,320.497242
0.300852825,0.268251064,0.00499999989,316.966583
0.304236302,0.277142271,0.00499999989,318.121069
0.303025044,0.276242708,0.00499999989,318.030354
0.320846762,0.241602367,0.00499999989,316.166367
0.284367923,0.298409907,0.00499999989,320.437441
0.300702825,0.274053167,0.00499999989,317.74442
0.30718316,0.281870444,0.00499999989,318.62301
0.316461116,0.248124652,0.00499999989,315.878552
0.283768199,0.291905323,0.00499999989,319.921566
0.295965579,0.282819172,0.00499999989,318.978183
0.292796019,0.283301984,0.00499999989,319.011225
0.302194974,0.282354097,0.00499999989,318.756286
0.311383461,0.254867987,0.00499999989,315.855728
0.309271121,0.256717617,0.00499999989,315.862366
0.299879143,0.273014961,0.00499999989,317.638133
0.299332735,0.273275838,0.00499999989,317.654559
0.300676346,0.266029272,0.00499999989,316.543469
0.305081172,0.260156854,0.00499999989,315.929139
0.302832384,0.278282096,0.00499999989,318.213486
0.317602118,0.246794736,0.00499999989,315.907264
0.292952966,0.282044358,0.00499999989,318.808905
0.291341541,0.282978418,0.00499999989,318.874043
0.290604644,0.283157545,0.00499999989,318.9086
0.281665473,0.30487314,0.00499999989,320.698286
0.30101488,0.281827709,0.00499999989,318.685328
0.311422648,0.25347993,0.00499999989,315.826417
0.301476728,0.276961059,0.00499999989,318.071996
0.303554806,0.261649947,0.00499999989,315.983668
0.28308875,0.290252996,0.00499999989,319.656509
0.28052605,0.305329265,0.00499999989,320.680667
0.308736896,0.255268224,0.00499999989,315.830239
0.301037793,0.264277643,0.00499999989,316.237825
0.302642303,0.262082335,0.00499999989,316.01338
0.316721154,0.245096608,0.00499999989,315.789868
0.284107238,0.288194774,0.00499999989,319.363119
0.291515029,0.281675448,0.00499999989,318.629177
0.303119405,0.260424785,0.00499999989,315.900654
0.299436157,0.275521683,0.00499999989,317.899254
0.281503161,0.290983107,0.00499999989,319.605818
0.278181622,0.297947342,0.00499999989,320.17729
0.289123795,0.283326134,0.00499999989,318.860024
0.297147838,0.268135264,0.00499999989,316.861533
0.298601611,0.265451882,0.00499999989,316.306064
0.300727562,0.278932768,0.00499999989,318.284205
0.317233527,0.240037315,0.00499999989,315.704437
0.312576776,0.249728778,0.00499999989,315.802307
0.280230731,0.291443044,0.00499999989,319.603733
0.277084768,0.296321016,0.00499999989,319.989711
0.291666022,0.280743938,0.00499999989,318.498302
0.298239265,0.279988453,0.00499999989,318.41303
0.29295766,0.279724382,0.00499999989,318.372653
0.304015494,0.258035561,0.00499999989,315.833306
0.303715521,0.257077415,0.00499999989,315.843994
0.306377985,0.254362634,0.00499999989,315.898241
0.31708041,0.238516545,0.00499999989,315.661396
0.316958802,0.240419118,0.00499999989,315.690849
0.277458654,0.293855534,0.00499999989,319.744701
0.2823456,0.288700255,0.00499999989,319.307217
0.276609234,0.30964052,0.00499999989,320.601531
0.303448074,0.257296016,0.00499999989,315.84035
0.305999271,0.254380009,0.00499999989,315.930112
0.316792735,0.238113618,0.00499999989,315.638609
0.272864102,0.304377056,0.00499999989,320.381455
0.285723778,0.284113766,0.00499999989,318.81822
0.314339144,0.243328513,0.00499999989,315.723841
0.316131353,0.238091407,0.00499999989,315.622877
0.271997827,0.302436574,0.00499999989,320.221429
0.27621421,0.293274332,0.00499999989,319.589908
0.285953527,0.282859354,0.00499999989,318.648923
0.273075227,0.296567863,0.00499999989,319.804562
0.300534061,0.259582515,0.00499999989,315.838057
0.29528309,0.265909226,0.00499999989,316.404932
0.310982314,0.248576592,0.00499999989,315.919325
0.277672513,0.291331052,0.00499999989,319.39561
0.28476849,0.283447278,0.00499999989,318.668718
0.285275998,0.2827651,0.00499999989,318.607546
0.308056685,0.251159384,0.00499999989,316.042745
0.307975065,0.250550794,0.00499999989,316.062755
0.29415305,0.268682512,0.00499999989,316.975772
0.296440809,0.276512171,0.00499999989,317.971814
0.304577388,0.252867844,0.00499999989,316.090869
0.274270078,0.294055598,0.00499999989,319.53207
0.273873633,0.29422085,0.00499999989,319.554148
0.283575589,0.282923877,0.00499999989,318.575587
0.289600985,0.278595641,0.00499999989,318.203367
0.293357224,0.270635043,0.00499999989,317.315847
0.298575907,0.259672771,0.00499999989,315.831826
0.30366697,0.252710636,0.00499999989,316.144926
0.303501099,0.252790345,0.00499999989,316.144926
0.312854383,0.242730903,0.00499999989,315.770458
0.269092942,0.309152547,0.00499999989,320.363342
0.275058435,0.292431927,0.00499999989,319.341201
0.275185029,0.292078058,0.00499999989,319.323427
0.283246756,0.282234514,0.00499999989,318.541927
0.285691083,0.280462994,0.00499999989,318.399521
0.290730316,0.277748299,0.00499999989,318.121133
0.306901696,0.250378284,0.00499999989,316.141087
0.300834671,0.255491521,0.00499999989,316.025535
0.267578666,0.309023726,0.00499999989,320.326316
0.282710443,0.281931083,0.00499999989,318.511328
0.279365023,0.285589022,0.00499999989,318.764753
0.287874678,0.278155838,0.00499999989,318.196298
0.292738551,0.27180746,0.00499999989,317.497545
0.292662204,0.268043342,0.00499999989,316.925273
0.266386185,0.301577359,0.00499999989,319.960863
0.274572848,0.290475117,0.00499999989,319.069983
0.280625467,0.284106165,0.00499999989,318.650391
0.27533249,0.289326172,0.00499999989,318.950492
0.289289742,0.276535129,0.00499999989,318.039813
0.268892352,0.297420598,0.00499999989,319.629204
0.298441393,0.256622535,0.00499999989,315.947836
0.267877868,0.298463888,0.00499999989,319.695378
0.273460173,0.291393794,0.00499999989,319.083506
0.278802343,0.284914186,0.00499999989,318.68562
0.285179088,0.278382173,0.00499999989,318.236375
0.300279389,0.2529851,0.00499999989,316.223603
0.279536137,0.283653024,0.00499999989,318.620119
0.274657354,0.288124232,0.00499999989,318.825771
0.283715349,0.27950888,0.00499999989,318.325209
0.268070872,0.296639827,0.00499999989,319.435031
0.290775782,0.271246483,0.00499999989,317.485511
0.284508754,0.277443494,0.00499999989,318.180981
0.289836395,0.268230802,0.00499999989,317.142294
0.29100663,0.265294682,0.00499999989,316.516549
0.291173197,0.264578563,0.00499999989,316.405306
0.293340001,0.260951806,0.00499999989,315.833916
0.311162625,0.237322182,0.00499999989,315.844213
0.310677289,0.238931239,0.00499999989,315.931579
0.284271272,0.277302682,0.00499999989,318.200687
0.288060958,0.274709741,0.00499999989,317.892441
0.292579031,0.261850204,0.00499999989,315.925666
0.296612495,0.256204805,0.00499999989,315.969037
0.2965339,0.256352891,0.00499999989,315.969037
0.293479814,0.258967628,0.00499999989,315.784291
0.310354496,0.23826892,0.00499999989,315.973686
0.306797659,0.243327888,0.00499999989,316.257016
0.308669128,0.241246873,0.00499999989,316.154941
0.264669389,0.298196876,0.00499999989,319.426272
0.266423203,0.29646618,0.00499999989,319.274242
0.277423745,0.282957239,0.00499999989,318.57687
0.28203111,0.279158191,0.00499999989,318.336924
0.287291397,0.274422369,0.00499999989,317.893281
0.275045939,0.284388658,0.00499999989,318.633171
0.277558397,0.282021074,0.00499999989,318.538662
0.270263979,0.290107219,0.00499999989,318.797726
0.291434952,0.261824429,0.00499999989,315.961271
0.300126189,0.242627242,0.00499999989,316.455586
0.310673348,0.23603256,0.00499999989,315.883291
0.263411033,0.298621717,0.00499999989,319.422268
0.276766286,0.282559279,0.00499999989,318.55883
0.278008451,0.28182874,0.00499999989,318.520103
0.274554443,0.283949423,0.00499999989,318.613533
0.282058161,0.277306213,0.00499999989,318.27154
0.262047801,0.299201373,0.00499999989,319.487695
0.263779063,0.296697212,0.00499999989,319.148994
0.259808066,0.301353886,0.00499999989,319.736761
0.272311483,0.286292928,0.00499999989,318.667552
0.284553772,0.274784616,0.00499999989,318.035004
0.269180903,0.290559546,0.00499999989,318.762531
0.265654843,0.293451157,0.00499999989,318.844355
0.286480715,0.270592956,0.00499999989,317.652535
0.285403884,0.266384435,0.00499999989,317.158166
0.286476546,0.27197255,0.00499999989,317.731365
0.293023015,0.255298194,0.00499999989,315.954398
0.260374136,0.299087493,0.00499999989,319.382456
0.271662467,0.285044233,0.00499999989,318.637892
0.278304679,0.278478657,0.00499999989,318.434292
0.278175094,0.278573098,0.00499999989,318.434292
0.287741052,0.261669168,0.00499999989,316.129432
0.270676975,0.284361841,0.00499999989,318.648196
0.283053147,0.272895496,0.00499999989,318.00909
0.294685211,0.239903066,0.00499999989,316.487621
0.291033952,0.245069803,0.00499999989,316.44748
0.298983698,0.237219356,0.00499999989,316.41438
0.294629901,0.23790299,0.00499999989,316.46772
0.291755196,0.254811721,0.00499999989,315.929907
0.287288939,0.261732837,0.00499999989,316.198058
0.27392955,0.280995961,0.00499999989,318.594048
0.288148998,0.259709507,0.00499999989,315.874897
0.247643478,0.308072084,0.00499999989,320.259729
0.247644082,0.307348838,0.00499999989,320.259729
0.275778512,0.278240781,0.00499999989,318.523304
0.270312792,0.283270066,0.00499999989,318.674206
0.265104149,0.289710434,0.00499999989,318.627517
0.259581226,0.297388938,0.00499999989,319.1084
0.267177438,0.286827371,0.00499999989,318.668829
0.287981169,0.25722747,0.00499999989,315.776118
0.290127664,0.254290605,0.00499999989,315.923295
0.290147551,0.254102198,0.00499999989,315.923295
0.286947096,0.248602027,0.00499999989,316.2657
0.259939026,0.294732097,0.00499999989,318.785175
0.252220423,0.300475078,0.00499999989,319.747625
0.264926935,0.288789033,0.00499999989,318.634999
0.286175361,0.242296753,0.00499999989,316.415048
0.286960962,0.239213342,0.00499999989,316.410487
0.260430333,0.293152686,0.00499999989,318.669999
0.2651565,0.287770537,0.00499999989,318.659476
0.285839022,0.258094991,0.00499999989,315.877432
0.258551019,0.294771391,0.00499999989,318.775506
0.246196866,0.301940874,0.00499999989,320.032477
0.251491512,0.299493638,0.00499999989,319.649349
0.271252913,0.279486944,0.00499999989,318.671319
0.273429306,0.261913678,0.00499999989,317.32142
0.286809944,0.251335473,0.00499999989,316.022355
0.256843821,0.296289219,0.00499999989,318.96779
0.25832256,0.294894879,0.00499999989,318.78781
0.268842663,0.281316758,0.00499999989,318.745095
0.271693073,0.2767351,0.00499999989,318.591067
0.272926606,0.260295297,0.00499999989,317.221648
0.285824514,0.256490086,0.00499999989,315.79043
0.254958321,0.297590868,0.00499999989,319.184841
0.265860303,0.284525397,0.00499999989,318.75906
0.281284329,0.259606828,0.00499999989,316.387692
0.255552458,0.296490682,0.00499999989,318.989224
0.260847358,0.288292677,0.00499999989,318.677889
0.276039022,0.2593318,0.00499999989,316.849098
0.279802419,0.258402523,0.00499999989,316.292755
0.282623073,0.258196787,0.00499999989,316.051193
0.256084041,0.293897247,0.00499999989,318.706001
0.240363745,0.300244625,0.00499999989,320.103878
0.274150732,0.258250343,0.00499999989,316.861833
0.26781045,0.261112251,0.00499999989,317.544571
0.267658842,0.260686611,0.00499999989,317.544571
0.285464455,0.254559458,0.00499999989,315.793194
0.264122498,0.282166823,0.00499999989,318.821939
0.284600601,0.252064835,0.00499999989,315.871302
0.252951894,0.295560349,0.00499999989,318.948968
0.255823785,0.2932584,0.00499999989,318.642856
0.246273072,0.296052587,0.00499999989,319.450753
0.251457781,0.295999597,0.00499999989,319.093573
0.265076012,0.274453182,0.00499999989,318.59901
0.2597529,0.287090796,0.00499999989,318.749261
0.263880116,0.267657464,0.00499999989,318.216065
0.270954163,0.256737358,0.00499999989,316.870561
0.266963733,0.257333426,0.00499999989,317.127124
0.266508725,0.257840226,0.00499999989,317.210933
0.283068536,0.255789418,0.00499999989,315.825479
0.255173735,0.292697571,0.00499999989,318.623778
0.232581608,0.304400697,0.00499999989,320.449284
0.262839592,0.275038534,0.00499999989,318.672609
0.270465448,0.256500294,0.00499999989,316.799327
0.268614538,0.2562266,0.00499999989,316.944763
0.255724255,0.291089186,0.00499999989,318.557093
0.261230976,0.280679929,0.00499999989,318.823674
0.277255379,0.256560163,0.00499999989,316.195879
0.265412742,0.255690811,0.00499999989,317.019939
0.274066107,0.255514788,0.00499999989,316.384575
0.282537831,0.254152129,0.00499999989,315.798491
0.28289195,0.25271727,0.00499999989,315.813719
0.253097103,0.293718384,0.00499999989,318.732991
0.235874711,0.296572879,0.00499999989,320.015887
0.259882155,0.280215322,0.00499999989,318.811269
0.257792839,0.286782603,0.00499999989,318.751747
0.258022337,0.285457653,0.00499999989,318.79218
0.275701721,0.24361347,0.00499999989,316.062872
0.276193566,0.244200448,0.00499999989,316.045312
0.253158328,0.291487738,0.00499999989,318.56596
0.229810846,0.305739377,0.00499999989,320.507135
0.257145454,0.286821547,0.00499999989,318.740874
0.272045799,0.238576493,0.00499999989,316.011064
0.271804244,0.237218988,0.00499999989,315.966771
0.25519459,0.289366894,0.00499999989,318.56674
0.227895734,0.304645915,0.00499999989,320.487982
0.251538438,0.293139607,0.00499999989,318.70155
0.256976973,0.28132832,0.00499999989,318.811549
0.25628633,0.278298895,0.00499999989,318.76314
0.256563267,0.286451318,0.00499999989,318.747694
0.275100038,0.244778503,0.00499999989,315.956735
0.274873678,0.244632294,0.00499999989,315.956735
0.278961394,0.250789732,0.00499999989,315.812732
0.277393836,0.254078924,0.00499999989,315.939037
0.264635966,0.253695724,0.00499999989,316.740331
0.255994276,0.287746711,0.00499999989,318.66157
0.273632992,0.244006964,0.00499999989,315.925673
0.271029541,0.238901456,0.00499999989,315.957398
0.277211547,0.253480788,0.00499999989,315.912369
0.22703122,0.300731122,0.00499999989,320.368922
0.228941706,0.295309912,0.00499999989,320.044386
0.273019034,0.242795919,0.00499999989,315.951314
0.276811882,0.249169895,0.00499999989,315.822231
0.276870015,0.249332112,0.00499999989,315.822231
0.248997035,0.291444194,0.00499999989,318.620111
0.227209785,0.297662369,0.00499999989,320.192951
0.224267866,0.308663264,0.00499999989,320.560285
0.250338187,0.277312758,0.00499999989,318.66274
0.252991538,0.268968243,0.00499999989,318.305482
0.274103953,0.245604591,0.00499999989,315.868344
0.276417586,0.249722566,0.00499999989,315.81557
0.277458692,0.251693329,0.00499999989,315.825394
0.255300847,0.258833599,0.00499999989,317.465421
0.264028577,0.252003832,0.00499999989,316.51427
0.265848317,0.252112732,0.00499999989,316.383364
0.250446393,0.291399407,0.00499999989,318.582059
0.243691099,0.291234675,0.00499999989,318.858592
0.251761553,0.281057081,0.00499999989,318.722664
0.273213085,0.245346399,0.00499999989,315.855871
0.273292537,0.24630108,0.00499999989,315.827845
0.254632537,0.257178567,0.00499999989,317.288524
0.268751197,0.251780645,0.00499999989,316.191947
0.246545283,0.290714663,0.00499999989,318.678725
0.248840835,0.280314629,0.00499999989,318.662643
0.268321494,0.23962826,0.00499999989,315.841096
0.275653825,0.250257046,0.00499999989,315.824007
0.273998467,0.251404473,0.00499999989,315.884895
0.222293283,0.29802661,0.00499999989,320.183418
0.227206075,0.290114894,0.00499999989,319.611032
0.249133523,0.270956717,0.00499999989,318.387785
0.251563622,0.2860033,0.00499999989,318.588405
0.271978434,0.246761435,0.00499999989,315.794755
0.2715535,0.244916848,0.00499999989,315.81024
0.259033849,0.251194264,0.00499999989,316.473024
0.256949257,0.253073454,0.00499999989,316.72017
0.268183334,0.250372839,0.00499999989,316.017614
0.235060444,0.289031002,0.00499999989,319.132307
0.228421685,0.288385512,0.00499999989,319.407075
0.250797091,0.260129671,0.00499999989,317.545883
0.252089284,0.25672038,0.00499999989,317.17726
0.248197016,0.288784907,0.00499999989,318.48723
0.241333632,0.288453489,0.00499999989,318.696875
0.223678891,0.289380402,0.00499999989,319.543687
0.248267811,0.265361784,0.00499999989,317.955659
0.248648452,0.26541665,0.00499999989,317.955659
0.270733292,0.246082245,0.00499999989,315.777982
0.262410583,0.248971636,0.00499999989,316.04892
0.256178254,0.251766289,0.00499999989,316.427863
0.261011256,0.24897682,0.00499999989,316.033499
0.244463602,0.288193017,0.00499999989,318.556065
0.23470064,0.288399621,0.00499999989,319.027111
0.21860219,0.298507619,0.00499999989,320.15431
0.24016153,0.288025555,0.00499999989,318.6738
0.27096804,0.248544344,0.00499999989,315.812161
0.250754427,0.256922427,0.00499999989,317.138767
0.264192973,0.248659508,0.00499999989,315.976173
0.254860757,0.252513173,0.00499999989,316.549053
0.231401297,0.287458816,0.00499999989,319.127139
0.237780143,0.287639075,0.00499999989,318.795875
0.217669406,0.291856957,0.00499999989,319.648885
0.249104215,0.258374582,0.00499999989,317.217501
0.251129429,0.255980774,0.00499999989,316.970436
0.247681784,0.260042955,0.00499999989,317.394943
0.245662448,0.264305881,0.00499999989,317.784053
0.25767758,0.249497403,0.00499999989,316.115527
0.262616451,0.247636837,0.00499999989,315.867897
0.261079858,0.247430555,0.00499999989,315.841892
0.231360002,0.287098715,0.00499999989,319.035649
0.234287898,0.287158923,0.00499999989,318.876585
0.237779305,0.287259424,0.00499999989,318.726638
0.213931467,0.306950054,0.00499999989,320.400132
0.244815469,0.281259644,0.00499999989,318.511325
0.247504934,0.285013071,0.00499999989,318.477937
0.266609957,0.242829501,0.00499999989,315.705303
0.256392597,0.250164492,0.00499999989,316.149532
0.245196072,0.286958734,0.00499999989,318.4644
0.212720917,0.297544949,0.00499999989,319.96232
0.268338791,0.246436489,0.00499999989,315.755069
0.252644594,0.251574974,0.00499999989,316.297415
0.239328396,0.286232318,0.00499999989,318.554528
0.239480849,0.286320779,0.00499999989,318.554528
0.235574506,0.285640336,0.00499999989,318.648989
0.227888646,0.285447077,0.00499999989,318.952267
0.245266423,0.283292926,0.00499999989,318.462758
0.242305741,0.280781176,0.00499999989,318.426909
0.26660682,0.243760212,0.00499999989,315.702525
0.265230525,0.243258743,0.00499999989,315.67793
0.265368178,0.243889854,0.00499999989,315.689081
0.253680498,0.250607963,0.00499999989,316.194474
0.216080599,0.288417463,0.00499999989,319.268203
0.238982233,0.285623464,0.00499999989,318.506046
0.22436701,0.284605283,0.00499999989,318.950995
0.221524492,0.284086951,0.00499999989,318.883391
0.243687361,0.282330882,0.00499999989,318.445983
0.239530308,0.277737137,0.00499999989,318.356245
0.265699946,0.244938164,0.00499999989,315.704748
0.250393829,0.253287035,0.00499999989,316.42711
0.255607713,0.247555598,0.00499999989,315.867299
0.260183473,0.245893468,0.00499999989,315.742465
0.219024188,0.285121405,0.00499999989,318.941368
0.215671195,0.287671188,0.00499999989,319.108264
0.229894262,0.283906088,0.00499999989,318.604518
0.238386658,0.277125711,0.00499999989,318.309276
0.264544498,0.244371229,0.00499999989,315.687234
0.257167564,0.246706615,0.00499999989,315.800243
0.242454423,0.284670033,0.00499999989,318.423298
0.22344451,0.283413851,0.00499999989,318.728657
0.214522784,0.287856034,0.00499999989,319.060604
0.2296866,0.283348798,0.00499999989,318.535738
0.212937393,0.288977826,0.00499999989,319.192061
0.206573129,0.307915514,0.00499999989,320.250879
0.206480861,0.308660003,0.00499999989,320.243339
0.240453465,0.262577426,0.00499999989,317.397958
0.240922703,0.26259487,0.00499999989,317.403094
0.247526063,0.254429182,0.00499999989,316.467754
0.232845648,0.282955823,0.00499999989,318.408971
0.206188328,0.301611941,0.00499999989,320.023763
0.20955032,0.291710024,0.00499999989,319.37554
0.21678292,0.285775851,0.00499999989,318.90691
0.217686757,0.28520701,0.00499999989,318.819415
0.216295315,0.286142537,0.00499999989,318.928199
0.228535291,0.282656652,0.00499999989,318.471163
0.234142205,0.270745668,0.00499999989,317.928255
0.261527319,0.243688899,0.00499999989,315.667486
0.233231473,0.282266176,0.00499999989,318.35851
0.209553302,0.290943929,0.00499999989,319.244488
0.22155346,0.282246995,0.00499999989,318.549327
0.211762894,0.288351297,0.00499999989,319.027751
0.237002196,0.278095842,0.00499999989,318.244379
0.237760901,0.278810975,0.00499999989,318.27737
0.239664841,0.281785788,0.00499999989,318.3442
0.246329936,0.254103439,0.00499999989,316.437792
0.249000055,0.251261918,0.00499999989,316.151205
0.252591652,0.248079295,0.00499999989,315.913369
0.251367894,0.248820689,0.00499999989,315.982135
0.209412702,0.290381279,0.00499999989,319.172804
0.210026183,0.289814266,0.00499999989,319.124485
0.238818274,0.281859669,0.00499999989,318.335644
0.217248235,0.28427397,0.00499999989,318.634666
0.236924989,0.263430554,0.00499999989,317.275147
0.24301404,0.257108095,0.00499999989,316.671508
0.248395549,0.251348054,0.00499999989,316.173981
0.251879905,0.247956849,0.00499999989,315.924052
0.249907459,0.249506448,0.00499999989,316.045803
0.250825007,0.24821987,0.00499999989,315.957154
0.210927295,0.288101112,0.00499999989,318.874991
0.230367409,0.280672596,0.00499999989,318.22179
0.23705116,0.263215342,0.00499999989,317.174957
0.244418466,0.254609295,0.00499999989,316.402194
0.24181327,0.257459984,0.00499999989,316.625269
0.248127517,0.250685176,0.00499999989,316.130663
0.222391945,0.280396336,0.00499999989,318.238618
0.228350227,0.280429214,0.00499999989,318.220373
0.233035626,0.266083735,0.00499999989,317.412094
0.233747883,0.265327035,0.00499999989,317.286335
0.200292964,0.300434804,0.00499999989,319.717296
0.209503955,0.288489539,0.00499999989,318.83564
0.223445728,0.280004332,0.00499999989,318.185008
0.23252061,0.266183018,0.00499999989,317.373947
0.242643678,0.254339374,0.00499999989,316.303931
0.233282799,0.280019945,0.00499999989,318.203403
0.199940004,0.2986195,0.00499999989,319.580851
0.203905764,0.293662948,0.00499999989,319.254166
0.204029721,0.293010332,0.00499999989,319.151267
0.231403918,0.279319739,0.00499999989,318.13472
0.244342817,0.252601198,0.00499999989,316.218842
0.2016446,0.295532818,0.00499999989,319.333317
0.221213267,0.27903277,0.00499999989,318.112913
0.215423993,0.282189119,0.00499999989,318.300708
0.228562901,0.27874389,0.00499999989,318.084589
0.195045801,0.305908271,0.00499999989,319.870577
0.229099663,0.27106967,0.00499999989,317.790668
0.237558731,0.259758333,0.00499999989,316.696891
0.203268692,0.291909344,0.00499999989,318.92506
0.223950587,0.277933058,0.00499999989,318.024772
0.216022577,0.279875997,0.00499999989,318.154092
0.229955554,0.278252768,0.00499999989,318.073803
0.231204408,0.27781562,0.00499999989,318.071894
0.231859177,0.276777311,0.00499999989,318.04918
0.234722711,0.261699125,0.00499999989,316.756802
0.239152491,0.256829326,0.00499999989,316.426537
0.197680274,0.297239833,0.00499999989,319.300072
0.22442471,0.277695903,0.00499999989,318.008543
0.215251485,0.280184079,0.00499999989,318.15889
0.194320837,0.300268893,0.00499999989,319.496943
0.217110872,0.278299428,0.00499999989,318.071695
0.19246932,0.302353857,0.00499999989,319.61895
0.227629307,0.271970686,0.00499999989,317.788451
0.2267869,0.269147362,0.00499999989,317.537828
0.229870237,0.264749153,0.00499999989,316.965537
0.242223675,0.250824291,0.00499999989,316.114308
0.2342229,0.259455888,0.00499999989,316.465784
0.230739328,0.262954069,0.00499999989,316.725969
0.206543625,0.285581552,0.00499999989,318.435319
0.212213571,0.28098019,0.00499999989,318.225387
0.211608732,0.281112316,0.00499999989,318.224028
0.214353885,0.278718463,0.00499999989,318.108303
0.238860335,0.253925798,0.00499999989,316.219518
0.192234715,0.29977559,0.00499999989,319.317697
0.195004217,0.296647794,0.00499999989,319.03758
0.212010571,0.280014518,0.00499999989,318.194234
0.225839016,0.275096458,0.00499999989,317.877312
0.215692708,0.277352966,0.00499999989,318.052124
0.18701548,0.305845182,0.00499999989,319.765829
0.226927926,0.27428695,0.00499999989,317.857929
0.235469515,0.256403658,0.00499999989,316.307744
0.239966676,0.251446968,0.00499999989,316.17078
0.234234455,0.257622406,0.00499999989,316.330953
0.196910697,0.29446129,0.00499999989,318.852677
0.191501591,0.300318135,0.00499999989,319.369578
0.186129701,0.305191385,0.00499999989,319.730113
0.230164896,0.260216698,0.00499999989,316.392517
0.196022933,0.294824325,0.00499999989,318.811221
0.190906849,0.299600695,0.00499999989,319.227445
0.194245515,0.296232716,0.00499999989,318.913711
0.194164055,0.296523555,0.00499999989,318.913711
0.20278053,0.28654413,0.00499999989,318.460383
0.207139626,0.283349917,0.00499999989,318.348118
0.22135962,0.27418795,0.00499999989,317.829432
0.214360671,0.276533898,0.00499999989,318.054845
0.227135845,0.263806239,0.00499999989,316.709168
0.225513974,0.266468121,0.00499999989,317.101718
0.2395293,0.249720245,0.00499999989,316.241287
0.199217176,0.288914767,0.00499999989,318.489838
0.212439498,0.276435325,0.00499999989,318.122441
0.184432343,0.309642242,0.00499999989,319.863334
0.183421468,0.305682377,0.00499999989,319.787128
0.226697509,0.262760497,0.00499999989,316.575921
0.22334557,0.270966414,0.00499999989,317.652119
0.227223806,0.262135914,0.00499999989,316.520042
0.236627404,0.251926885,0.00499999989,316.276029
0.236346176,0.251791349,0.00499999989,316.276029
0.238537658,0.249158345,0.00499999989,316.305933
0.196617427,0.292067982,0.00499999989,318.55551
0.21716358,0.273724601,0.00499999989,317.919366
0.18570217,0.302795638,0.00499999989,319.591184
0.195040848,0.293172757,0.00499999989,318.56765
0.188312128,0.300415928,0.00499999989,319.244473
0.187934314,0.301085821,0.00499999989,319.361033
0.180920332,0.305521867,0.00499999989,319.8111
0.225718043,0.263205246,0.00499999989,316.607857
0.237031113,0.249428101,0.00499999989,316.385595
0.187994081,0.300116497,0.00499999989,319.232625
0.200066614,0.286487443,0.00499999989,318.429019
0.197803906,0.288371841,0.00499999989,318.433173
0.214793775,0.273861516,0.00499999989,318.012753
0.210063081,0.276560279,0.00499999989,318.227001
0.185386701,0.301589734,0.00499999989,319.406318
0.22173652,0.268160138,0.00499999989,317.409137
0.198938898,0.286442685,0.00499999989,318.430152
0.177693939,0.306827441,0.00499999989,319.899971
0.221425821,0.268580796,0.00499999989,317.457299
0.231229596,0.254825222,0.00499999989,316.329747
0.227472479,0.258738401,0.00499999989,316.295464
0.193066626,0.292700699,0.00499999989,318.439376
0.209374539,0.276333172,0.00499999989,318.273677
0.220441155,0.268478968,0.00499999989,317.486999
0.225996835,0.259909325,0.00499999989,316.328526
0.234424568,0.250974,0.00499999989,316.424835
0.196180053,0.288239939,0.00499999989,318.410419
0.203675852,0.280577962,0.00499999989,318.426608
0.207482595,0.277453608,0.00499999989,318.349029
0.215213437,0.271820193,0.00499999989,317.943624
0.209909711,0.27426958,0.00499999989,318.22939
0.210434448,0.273991435,0.00499999989,318.209047
0.185232204,0.300207922,0.00499999989,319.201315
0.224351503,0.259932439,0.00499999989,316.339906
0.233448103,0.251199061,0.00499999989,316.470083
0.23343033,0.250882711,0.00499999989,316.470083
0.223923943,0.259537186,0.00499999989,316.323801
0.191367831,0.292497041,0.00499999989,318.386522
0.182994174,0.299518139,0.00499999989,319.185645
0.193209987,0.28854284,0.00499999989,318.403223
0.188015929,0.294195452,0.00499999989,318.45035
0.198916331,0.28302254,0.00499999989,318.517077
0.20343607,0.278113587,0.00499999989,318.509185
0.184201109,0.298529472,0.00499999989,318.979154
0.221521427,0.261463267,0.00499999989,316.478958
0.224960958,0.257632079,0.00499999989,316.32992
0.223346321,0.25828363,0.00499999989,316.320173
0.198477691,0.282569402,0.00499999989,318.546981
0.206599683,0.273827368,0.00499999989,318.360666
0.175664139,0.300267251,0.00499999989,319.581425
0.21944228,0.265032052,0.00499999989,317.068404
0.221053801,0.260752793,0.00499999989,316.445369
0.228770939,0.251821968,0.00499999989,316.619025
0.23136142,0.243740129,0.00499999989,316.689351
0.189744414,0.290469919,0.00499999989,318.34778
0.205447799,0.27435427,0.00499999989,318.403648
0.213737085,0.266610008,0.00499999989,317.666978
0.171415606,0.301920614,0.00499999989,319.834354
0.194785548,0.283912749,0.00499999989,318.621702
0.21531526,0.265962584,0.00499999989,317.517384
0.214896189,0.266147026,0.00499999989,317.517384
0.206019831,0.268930881,0.00499999989,318.110583
0.203236984,0.272593235,0.00499999989,318.411443
0.169559907,0.302550121,0.00499999989,319.945849
0.18271525,0.296951992,0.00499999989,318.823758
0.188140176,0.291969164,0.00499999989,318.342595
0.202967886,0.271560198,0.00499999989,318.392566
0.179882862,0.297837473,0.00499999989,319.070924
0.218231905,0.262516176,0.00499999989,316.78072
0.189231329,0.289226975,0.00499999989,318.40249
0.168809283,0.297712029,0.00499999989,319.640507
0.183051779,0.295289627,0.00499999989,318.60529
0.223154494,0.254750435,0.00499999989,316.521518
0.192486259,0.284296419,0.00499999989,318.658804
0.196484454,0.275549326,0.00499999989,318.658284
0.217885157,0.261958988,0.00499999989,316.723903
0.218467697,0.261012584,0.00499999989,316.57373
0.18273112,0.294603621,0.00499999989,318.521997
0.211311578,0.26321866,0.00499999989,317.366751
0.203015357,0.2645565,0.00499999989,317.888656
0.19974343,0.269071221,0.00499999989,318.327747
0.216516043,0.263115961,0.00499999989,316.951807
0.191432243,0.282964256,0.00499999989,318.719274
0.173332632,0.295543304,0.00499999989,319.171222
0.21941461,0.256896114,0.00499999989,316.370111
0.222725746,0.253004553,0.00499999989,316.653468
0.196089592,0.268933229,0.00499999989,318.423662
0.195283367,0.270500792,0.00499999989,318.49259
0.193118535,0.271982617,0.00499999989,318.575322
0.171771618,0.294654238,0.00499999989,319.115234
0.207960404,0.260884855,0.00499999989,317.309806
0.170753128,0.294379064,0.00499999989,319.15936
0.169606179,0.293996785,0.00499999989,319.231786
0.179638511,0.294741266,0.00499999989,318.614236
0.175658526,0.294281099,0.00499999989,318.783221
0.219576775,0.250973136,0.00499999989,316.705959
0.18481903,0.289617015,0.00499999989,318.372023
0.188124903,0.281311203,0.00499999989,318.741415
0.188430288,0.279001466,0.00499999989,318.74918
0.206552486,0.260002927,0.00499999989,317.254002
0.202812043,0.2595262,0.00499999989,317.458203
0.172739754,0.293614192,0.00499999989,318.87414
0.178766503,0.294311361,0.00499999989,318.60142
0.216794503,0.257435196,0.00499999989,316.406596
0.218876552,0.23893007,0.00499999989,316.707889
0.196960636,0.262742441,0.00499999989,317.976677
0.215101504,0.244086149,0.00499999989,316.757997
0.183451143,0.288496287,0.00499999989,318.404888
0.183597216,0.288721328,0.00499999989,318.404888
0.174884694,0.292274498,0.00499999989,318.575763
0.216458246,0.255611299,0.00499999989,316.41011
0.215121993,0.241709591,0.00499999989,316.728598
0.206149284,0.2582532,0.00499999989,317.002835
0.183037914,0.278623565,0.00499999989,318.699401
0.216039306,0.254534,0.00499999989,316.432495
0.215822272,0.250446646,0.00499999989,316.642385
0.212613595,0.237666654,0.00499999989,316.554854
0.183446284,0.275874318,0.00499999989,318.681352
0.184573378,0.26765109,0.00499999989,318.428923
0.182756495,0.276320067,0.00499999989,318.671371
0.192934418,0.256266234,0.00499999989,317.448682
0.211604924,0.258411998,0.00499999989,316.67288
0.207621797,0.256466223,0.00499999989,316.68698
0.210704341,0.24297794,0.00499999989,316.650917
0.178704788,0.290132624,0.00499999989,318.289697
0.19361401,0.255997759,0.00499999989,317.364501
0.189322521,0.259646072,0.00499999989,317.812799
0.187060791,0.260593914,0.00499999989,317.936759
0.171768433,0.290184474,0.00499999989,318.503638
0.177821722,0.290589343,0.00499999989,318.317224
0.200578629,0.255543377,0.00499999989,316.986797
0.211229109,0.248437424,0.00499999989,316.567006
0.207756781,0.243016681,0.00499999989,316.5709
0.177796522,0.281484083,0.00499999989,318.561749
0.196109155,0.254257899,0.00499999989,317.091823
0.2082095,0.255624695,0.00499999989,316.569947
0.212649064,0.255326714,0.00499999989,316.447564
0.208829878,0.245692683,0.00499999989,316.589953
0.180009267,0.265600193,0.00499999989,318.181446
0.181081404,0.263376512,0.00499999989,318.08847
0.178293613,0.28507598,0.00499999989,318.411146
0.19452489,0.253347854,0.00499999989,316.981037
0.210647588,0.255011262,0.00499999989,316.4747
0.210477599,0.254976988,0.00499999989,316.4747
0.209283363,0.254876829,0.00499999989,316.497851
0.168555613,0.288233326,0.00499999989,318.452441
0.176897312,0.288107793,0.00499999989,318.255403
0.209727709,0.248127674,0.00499999989,316.523561
0.206062383,0.231306811,0.00499999989,316.038103
0.204595098,0.232822783,0.00499999989,316.074034
0.203229837,0.239184494,0.00499999989,316.372939
0.175885054,0.28261053,0.00499999989,318.455281
0.173561709,0.279143173,0.00499999989,318.469671
0.178052463,0.285784872,0.00499999989,318.346774
0.178247675,0.286474006,0.00499999989,318.327209
0.195054201,0.252183619,0.00499999989,316.784919
0.204498151,0.243037401,0.00499999989,316.447003
0.17287291,0.274506853,0.00499999989,318.403201
0.172038196,0.274222087,0.00499999989,318.403201
0.18771942,0.252451923,0.00499999989,317.060906
0.183511088,0.255034254,0.00499999989,317.337156
0.205612825,0.252792755,0.00499999989,316.448499
0.202171891,0.252542655,0.00499999989,316.477153
0.171194645,0.286560275,0.00499999989,318.241554
0.171378325,0.286803068,0.00499999989,318.241554
0.211622633,0.253139468,0.00499999989,316.420507
0.211072743,0.252413465,0.00499999989,316.420277
0.2100572,0.22462951,0.00499999989,315.510989
0.208485797,0.249797773,0.00499999989,316.416492
0.172481474,0.279720982,0.00499999989,318.410147
0.176258141,0.285862149,0.00499999989,318.282991
0.175210792,0.28632541,0.00499999989,318.244114
0.175484675,0.286298605,0.00499999989,318.244114
0.212403356,0.223458535,0.00499999989,315.429984
0.206842347,0.248115797,0.00499999989,316.409143
0.175459694,0.28440759,0.00499999989,318.317862
0.178030258,0.259170504,0.00499999989,317.644282
0.179134709,0.258597244,0.00499999989,317.595992
0.171575974,0.285357721,0.00499999989,318.203173
0.170455229,0.279055643,0.00499999989,318.343879
0.203257812,0.25125401,0.00499999989,316.379002
0.201814891,0.24340405,0.00499999989,316.316957
0.172542788,0.282944162,0.00499999989,318.264087
0.196532525,0.249714721,0.00499999989,316.385717
0.174124174,0.260671738,0.00499999989,317.619386
0.167710216,0.28506111,0.00499999989,318.241622
0.212828244,0.221672193,0.00499999989,315.150115
0.197543171,0.238193086,0.00499999989,316.10246
0.197331721,0.238322659,0.00499999989,316.10246
0.172718039,0.283455193,0.00499999989,318.249979
0.175858072,0.259162249,0.00499999989,317.514821
0.179060718,0.255602837,0.00499999989,317.197226
0.196750895,0.248790174,0.00499999989,316.288354
0.199024082,0.230648713,0.00499999989,315.550752
0.205937332,0.224530748,0.00499999989,315.187444
0.200484143,0.243152455,0.00499999989,316.247164
0.200562905,0.243661754,0.00499999989,316.241045
0.173384958,0.259678553,0.00499999989,317.455953
0.171056498,0.283164321,0.00499999989,318.212144
0.181003953,0.253298307,0.00499999989,316.928027
0.167919964,0.284446737,0.00499999989,318.194338
0.177263232,0.256182256,0.00499999989,317.124667
0.194273105,0.236950854,0.00499999989,315.911155
0.199281854,0.244232707,0.00499999989,316.181304
0.174474242,0.257578372,0.00499999989,317.165295
0.175399182,0.256841829,0.00499999989,317.11314
0.193645426,0.247133006,0.00499999989,316.163437
0.192983845,0.246684701,0.00499999989,316.123841
0.185891886,0.248293772,0.00499999989,316.26322
0.186923385,0.247571146,0.00499999989,316.1874
0.199519857,0.228377784,0.00499999989,315.306066
0.19824161,0.229162443,0.00499999989,315.274844
0.194282482,0.233920961,0.00499999989,315.654086
0.195100369,0.232911088,0.00499999989,315.580009
0.195231486,0.232758112,0.00499999989,315.580009
0.174297022,0.2571298,0.00499999989,317.070661
0.193871061,0.233038519,0.00499999989,315.513294
0.179203413,0.251770039,0.00499999989,316.594309
0.18024041,0.250964228,0.00499999989,316.526673
0.190540777,0.245480362,0.00499999989,316.039489
0.179985382,0.249982612,0.00499999989,316.416776
0.209375167,0.217968037,0.00499999989,314.677531
0.204756399,0.221685096,0.00499999989,314.85676
0.193376225,0.244491828,0.00499999989,316.028236
0.185815273,0.245705679,0.00499999989,316.045044
0.202024642,0.223174291,0.00499999989,314.897496
0.193868905,0.241301097,0.00499999989,315.976349
0.207571445,0.218226062,0.00499999989,314.694914
0.195409818,0.243081249,0.00499999989,316.047757
0.195846653,0.244613607,0.00499999989,316.079841
0.199048245,0.224555287,0.00499999989,314.877673
0.193627889,0.241770986,0.00499999989,315.972326
0.194493309,0.242635967,0.00499999989,316.014808
0.192691914,0.240374174,0.00499999989,315.927365
0.194355762,0.22814363,0.00499999989,314.920154
0.205102473,0.218972746,0.00499999989,314.732628
0.177510596,0.249038673,0.00499999989,316.325232
0.20116722,0.221386421,0.00499999989,314.789368
0.192101531,0.24136841,0.00499999989,315.92358
0.190936638,0.230324426,0.00499999989,315.002039
0.20728022,0.216738269,0.00499999989,314.664654
0.201744389,0.220694951,0.00499999989,314.779742
0.171190936,0.253746417,0.00499999989,316.529487
0.179142594,0.247693907,0.00499999989,316.231415
0.18721299,0.2428963,0.00499999989,315.928019
0.199090848,0.221654891,0.00499999989,314.781104
0.195270172,0.224925347,0.00499999989,314.771517
0.188627043,0.233692538,0.00499999989,315.381974
0.192340281,0.22714349,0.00499999989,314.781814
0.190432795,0.229452694,0.00499999989,314.891733
0.178570789,0.247052373,0.00499999989,316.211336
0.173372595,0.251127144,0.00499999989,316.418157
0.197218621,0.222156221,0.00499999989,314.775219
0.18840463,0.234127596,0.00499999989,315.420332
0.189451849,0.240524349,0.00499999989,315.861661
0.201254954,0.218487362,0.00499999989,314.771321
0.178504312,0.245888897,0.00499999989,316.193543
0.181411636,0.24363844,0.00499999989,316.062878
0.188401055,0.241012658,0.00499999989,315.875694
0.19394435,0.224454896,0.00499999989,314.739042
0.201956368,0.218279432,0.00499999989,314.7614
0.169941742,0.252260229,0.00499999989,316.439886
0.204483048,0.214847417,0.00499999989,314.737921
0.179214016,0.244190296,0.00499999989,316.15116
0.180485082,0.242666948,0.00499999989,316.090549
0.182273292,0.241950739,0.00499999989,316.028922
0.196174142,0.220698026,0.00499999989,314.819028
0.197335189,0.220065016,0.00499999989,314.825069
0.191091657,0.225172236,0.00499999989,314.709411
0.168502387,0.252164738,0.00499999989,316.426891
0.17077342,0.249993891,0.00499999989,316.397666
0.192740363,0.223476758,0.00499999989,314.750929
0.185710113,0.238402807,0.00499999989,315.834338
0.186427185,0.231235892,0.00499999989,315.02438
0.200632209,0.216520847,0.00499999989,314.845633
0.199680019,0.217731496,0.00499999989,314.841299
0.166849906,0.253074603,0.00499999989,316.438804
0.176741061,0.245354709,0.00499999989,316.246029
0.185622043,0.239128387,0.00499999989,315.87629
0.175390413,0.244677476,0.00499999989,316.310413
0.189373627,0.225538736,0.00499999989,314.697966
0.189312566,0.225392099,0.00499999989,314.697966
0.189026385,0.225485848,0.00499999989,314.697966
0.184663303,0.23390805,0.00499999989,315.387485
0.200534545,0.214458274,0.00499999989,314.925257
0.182485234,0.238929518,0.00499999989,315.975383
0.193040708,0.220659959,0.00499999989,314.893013
0.185134641,0.229787892,0.00499999989,314.870461
0.201071326,0.21370334,0.00499999989,314.915357
0.195510678,0.218233497,0.00499999989,314.954478
0.192720913,0.220254532,0.00499999989,314.927546
0.189441719,0.222432515,0.00499999989,314.851228
0.191775467,0.221346565,0.00499999989,314.8827
0.172634168,0.243912301,0.00499999989,316.463594
0.171844666,0.245414873,0.00499999989,316.4801
0.191832578,0.220226629,0.00499999989,314.966557
0.183490084,0.230054343,0.00499999989,314.945865
0.185028148,0.227679307,0.00499999989,314.728634
0.170282847,0.246557279,0.00499999989,316.503478
0.170888169,0.24523694,0.00499999989,316.508152
0.191763096,0.219509471,0.00499999989,314.990615
0.182054283,0.231624081,0.00499999989,315.222074
0.185436847,0.226029962,0.00499999989,314.683421
0.197147589,0.212650675,0.00499999989,315.027653
0.186479826,0.220774251,0.00499999989,314.974618
0.180124128,0.235063182,0.00499999989,315.81529
0.165910194,0.245426137,0.00499999989,316.693601
0.175017512,0.236214978,0.00499999989,316.156244
0.181456686,0.229045927,0.00499999989,314.885825
0.183396434,0.225610147,0.00499999989,314.676306
0.192777252,0.212663659,0.00499999989,315.078334
0.173720296,0.234578857,0.00499999989,316.105624
0.180862762,0.227675354,0.00499999989,314.782306
0.193285848,0.208199132,0.00499999989,314.978313
0.177323111,0.233775144,0.00499999989,315.840598
0.167757194,0.236793979,0.00499999989,316.44149
0.177938533,0.231337788,0.00499999989,315.415838
0.180241934,0.225378038,0.00499999989,314.673698
0.182245851,0.217883925,0.00499999989,314.993431
0.178222592,0.228761052,0.00499999989,315.00309
0.182203492,0.219991386,0.00499999989,314.912765
0.177578481,0.227351602,0.00499999989,314.907753
0.179692027,0.222910662,0.00499999989,314.672826
0.175947954,0.228648224,0.00499999989,315.142891
0.177607291,0.225717759,0.00499999989,314.732907
0.173077706,0.228716108,0.00499999989,315.378947
0.00194837882,0.148674013,0.00499999989,312.557185
0.0026813085,0.152077135,0.00499999989,312.805401
0.00500608187,0.151443911,0.00499999989,312.659223
0.00706303221,0.152086414,0.00499999989,312.648842
0.00964983573,0.154226168,0.00499999989,312.57398
0.00464062447,0.167887257,0.00499999989,313.870353
0.00524423518,0.170252861,0.00499999989,314.067067
0.00900886695,0.174318466,0.00499999989,314.156677
0.00863794957,0.175384689,0.00499999989,314.238406
0.0152226622,0.172435863,0.00499999989,313.673951
0.00316536538,0.175601042,0.00499999989,314.451258
0.00960264111,0.175815026,0.00499999989,314.226039
0.0230527342,0.171192162,0.00499999989,312.892102
0.00643315801,0.180482998,0.00499999989,314.616586
0.0262797928,0.170665355,0.00499999989,312.542235
0.0159868706,0.180192635,0.00499999989,314.03405
0.0228503328,0.176768966,0.00499999989,313.396012
0.0139573489,0.184391084,0.00499999989,314.382227
0.0269808113,0.17743124,0.00499999989,313.049481
0.0146138901,0.186962192,0.00499999989,314.393426
0.00628441018,0.188699599,0.00499999989,315.023219
0.0164417191,0.186563144,0.00499999989,314.219807
0.00230446275,0.188921381,0.00499999989,315.144553
0.0301002951,0.177015914,0.00499999989,312.761036
0.026508523,0.179825584,0.00499999989,313.145196
0.0179078175,0.185883854,0.00499999989,314.041318
0.0209394116,0.183255462,0.00499999989,313.660397
0.0121421116,0.193344426,0.00499999989,314.841816
0.0179077544,0.186279072,0.00499999989,314.022808
0.0180730169,0.186322937,0.00499999989,314.022808
0.0172407359,0.188642163,0.00499999989,314.13648
0.0229451021,0.182118567,0.00499999989,313.466083
0.00133835275,0.193963722,0.00499999989,315.347861
0.0371089737,0.173198495,0.00499999989,312.014647
0.00956775772,0.195588381,0.00499999989,315.105742
0.0212269519,0.184384501,0.00499999989,313.629472
0.0210745731,0.18443182,0.00499999989,313.629472
0.021298345,0.184747727,0.00499999989,313.629472
0.0200343499,0.186315172,0.00499999989,313.76377
0.018082899,0.189620947,0.00499999989,314.029992
0.0209872813,0.185214088,0.00499999989,313.645837
0.0219267821,0.183993911,0.00499999989,313.54406
0.000365794817,0.195430079,0.00499999989,315.432806
0.02240116,0.184622586,0.00499999989,313.48266
0.0387114647,0.174599603,0.00499999989,312.068231
0.0275543814,0.183336605,0.00499999989,313.097054
0.0381447061,0.169571759,0.00499999989,311.328865
0.0393249883,0.170001322,0.00499999989,311.360795
0.0215959967,0.187427321,0.00499999989,313.571611
0.0149870971,0.201952295,0.00499999989,314.779847
0.0159049683,0.200070693,0.00499999989,314.59203
0.0192273868,0.194051812,0.00499999989,313.915344
0.0357724049,0.180706371,0.00499999989,312.643629
0.0408663624,0.175512228,0.00499999989,312.064547
0.0372216499,0.179376033,0.00499999989,312.488936
0.0405796647,0.176877463,0.00499999989,312.199688
0.0144236667,0.205046305,0.00499999989,314.982753
0.021709722,0.190997766,0.00499999989,313.588836
0.0424482909,0.175152914,0.00499999989,312.024622
0.0296033592,0.185382703,0.00499999989,313.109037
0.0168085259,0.202999539,0.00499999989,314.603548
0.000375264549,0.207393819,0.00499999989,316.0253
0.0253815523,0.188277199,0.00499999989,313.31738
0.03091721,0.186190645,0.00499999989,313.154873
0.0152167497,0.206523774,0.00499999989,314.942712
0.0181873275,0.201262415,0.00499999989,314.244421
0.0223455439,0.192277675,0.00499999989,313.551203
0.0284398659,0.187890214,0.00499999989,313.246023
0.0434729325,0.170386129,0.00499999989,311.290951
0.0433171323,0.170304861,0.00499999989,311.290951
0.0436003174,0.174642987,0.00499999989,311.938162
0.00978572182,0.21031821,0.00499999989,315.820095
0.0201554232,0.198224332,0.00499999989,313.860516
0.0225175218,0.193102923,0.00499999989,313.536403
0.0266470756,0.188997147,0.00499999989,313.308649
0.0418530193,0.178729207,0.00499999989,312.339733
0.0437264954,0.169416763,0.00499999989,311.128334
0.00902905098,0.211494646,0.00499999989,315.907674
0.0233133254,0.194361179,0.00499999989,313.545515
0.0216860087,0.196436594,0.00499999989,313.66935
0.0242280534,0.192068617,0.00499999989,313.449832
0.0283953839,0.190210791,0.00499999989,313.392382
0.0359329256,0.185146322,0.00499999989,313.04999
0.0417191042,0.179979789,0.00499999989,312.476851
0.0455331717,0.174343061,0.00499999989,311.89816
0.0462180555,0.172723326,0.00499999989,311.714269
0.0222958843,0.197354516,0.00499999989,313.645661
0.0236953794,0.195577132,0.00499999989,313.55553
0.0158020199,0.21181515,0.00499999989,315.152889
0.00354987967,0.215073827,0.00499999989,316.381069
0.0463625753,0.17248681,0.00499999989,311.654469
0.0463898107,0.170761686,0.00499999989,311.439134
0.0213537792,0.201452958,0.00499999989,313.768448
0.00133449506,0.21800773,0.00499999989,316.662912
0.0454320616,0.17742297,0.00499999989,312.227958
0.0336600341,0.189012265,0.00499999989,313.521359
0.0146085037,0.216110438,0.00499999989,315.623144
0.0198603444,0.206957205,0.00499999989,314.137693
0.0228531189,0.200494666,0.00499999989,313.670245
0.0291286924,0.192005906,0.00499999989,313.586555
0.0470417659,0.167289418,0.00499999989,310.820727
0.00638747146,0.220171008,0.00499999989,316.636206
0.00674829825,0.22079657,0.00499999989,316.636206
0.0240772761,0.200961158,0.00499999989,313.659562
0.0167858864,0.215850081,0.00499999989,315.339121
0.0488712457,0.168845881,0.00499999989,311.2511
0.00853565934,0.221836132,0.00499999989,316.600653
0.0225550933,0.204623852,0.00499999989,313.785778
0.0261999395,0.197665306,0.00499999989,313.613179
0.0306277238,0.19250708,0.00499999989,313.750897
0.0491123544,0.173621932,0.00499999989,311.907761
0.0492649193,0.171569037,0.00499999989,311.7114
0.0179228482,0.216050715,0.00499999989,315.02006
0.0176588188,0.216889794,0.00499999989,315.22334
0.04947535,0.172133347,0.00499999989,311.787024
0.0500043024,0.168762284,0.00499999989,311.312908
0.025835614,0.200626269,0.00499999989,313.675003
0.0287479355,0.19440024,0.00499999989,313.718058
0.0362122369,0.190275899,0.00499999989,313.792007
0.0514883712,0.169800744,0.00499999989,311.559699
0.0519575144,0.171442077,0.00499999989,311.781081
0.0514634892,0.171248797,0.00499999989,311.781081
0.022395721,0.209487429,0.00499999989,313.910773
0.0219917246,0.210523592,0.00499999989,313.979243
0.0202766249,0.215328876,0.00499999989,314.497929
0.0170428778,0.223247943,0.00499999989,315.855872
0.00533762842,0.229602924,0.00499999989,317.355682
0.0277153744,0.200554179,0.00499999989,313.790013
0.0242258103,0.207822233,0.00499999989,313.802698
0.0280056089,0.200737144,0.00499999989,313.831894
0.0270720818,0.202616147,0.00499999989,313.778
0.0294030759,0.197293365,0.00499999989,313.861589
0.0290339622,0.197343986,0.00499999989,313.861589
0.0481907514,0.183585957,0.00499999989,312.944617
0.0505859411,0.177384577,0.00499999989,312.296733
0.0454848773,0.185842022,0.00499999989,313.394549
0.0111178687,0.229140299,0.00499999989,317.023647
0.023476896,0.209688939,0.00499999989,313.863002
0.0525793886,0.175085328,0.00499999989,312.205516
0.0269203163,0.204797396,0.00499999989,313.829198
0.0459394548,0.186883343,0.00499999989,313.531033
0.0506321043,0.179845464,0.00499999989,312.481355
0.0496341409,0.18276312,0.00499999989,312.800806
0.0530345755,0.173896787,0.00499999989,312.116205
0.0228083721,0.2141561,0.00499999989,314.042813
0.000364599558,0.231728035,0.00499999989,317.579805
0.0254497826,0.211108601,0.00499999989,313.873656
0.0216419776,0.219212079,0.00499999989,314.484214
0.0404635146,0.197132017,0.00499999989,314.330679
0.047663927,0.191064017,0.00499999989,313.874292
0.0483397749,0.185936015,0.00499999989,313.323329
0.0519350515,0.180539204,0.00499999989,312.567686
0.0265946153,0.208891442,0.00499999989,313.881795
0.0247417944,0.214038383,0.00499999989,313.934391
0.0416881177,0.199718884,0.00499999989,314.430917
0.0479264173,0.187926032,0.00499999989,313.624436
0.0515636663,0.18152483,0.00499999989,312.650653
0.0530106163,0.179779861,0.00499999989,312.5197
0.0561489944,0.174600475,0.00499999989,312.326209
0.0209037543,0.227354231,0.00499999989,315.734786
0.0215654618,0.227592319,0.00499999989,315.740483
0.020650788,0.223445473,0.00499999989,315.126643
0.00777982475,0.237154071,0.00499999989,317.784826
0.0604842886,0.171174627,0.00499999989,312.230096
0.0546653048,0.177946798,0.00499999989,312.462903
0.0215760923,0.226709584,0.00499999989,315.496332
0.00631667515,0.239671637,0.00499999989,317.940309
0.0319320695,0.202264572,0.00499999989,314.242565
0.0275031129,0.209909252,0.00499999989,313.947104
0.0255432812,0.214309071,0.00499999989,313.937469
0.0493989285,0.188616832,0.00499999989,313.640826
0.0500995656,0.187039179,0.00499999989,313.434338
0.00206463466,0.239071816,0.00499999989,318.042274
0.031112356,0.204025628,0.00499999989,314.222319
0.0517270174,0.191101891,0.00499999989,313.867301
0.0510670098,0.18935793,0.00499999989,313.665192
0.0244226308,0.229329358,0.00499999989,315.568191
0.0528848882,0.184861634,0.00499999989,312.967403
0.0520296839,0.186136635,0.00499999989,313.180649
0.0562882935,0.178104259,0.00499999989,312.521426
0.0227840549,0.223482075,0.00499999989,314.740231
0.0234486315,0.224810028,0.00499999989,314.844777
0.0042460057,0.241558517,0.00499999989,318.142825
0.0518387879,0.187528394,0.00499999989,313.411041
0.0233312267,0.225612748,0.00499999989,315.021487
0.0236929067,0.224514719,0.00499999989,314.731095
0.0238042028,0.224249566,0.00499999989,314.731095
0.0279947468,0.213470221,0.00499999989,314.024712
0.0619445564,0.177843172,0.00499999989,312.762373
0.0242213057,0.224980093,0.00499999989,314.721113
0.0283514562,0.214975756,0.00499999989,314.04467
0.0303939067,0.210500421,0.00499999989,314.220134
0.0278901849,0.21675916,0.00499999989,314.01964
0.0320507392,0.209176571,0.00499999989,314.372797
0.0297821452,0.212863911,0.00499999989,314.173716
0.0273475867,0.21924767,0.00499999989,314.023054
0.0605780452,0.17872357,0.00499999989,312.725808
0.025784522,0.223091708,0.00499999989,314.317695
0.00556336639,0.248767262,0.00499999989,318.435709
0.0549942875,0.203194227,0.00499999989,314.471513
0.0573317792,0.198073397,0.00499999989,314.197442
0.0601218979,0.178821557,0.00499999989,312.70389
0.0317231691,0.211728241,0.00499999989,314.331042
0.0527955326,0.205605191,0.00499999989,314.569894
0.0727154018,0.172512746,0.00499999989,312.808889
0.0561442124,0.189957173,0.00499999989,313.475899
0.0319678362,0.235966239,0.00499999989,315.822215
0.00317823528,0.250034091,0.00499999989,318.538328
0.0595376401,0.193733555,0.00499999989,313.783512
0.0573887506,0.184220865,0.00499999989,312.834264
0.0614275048,0.180648415,0.00499999989,312.791302
0.0634449463,0.180478206,0.00499999989,312.868683
0.0275469941,0.226903494,0.00499999989,314.650834
0.0287256065,0.22318272,0.00499999989,314.135859
0.0500581319,0.211635129,0.00499999989,314.617625
0.0550098713,0.206912897,0.00499999989,314.543443
0.0331965383,0.215840221,0.00499999989,314.369608
0.0594792569,0.192876135,0.00499999989,313.715984
0.0571980748,0.185668796,0.00499999989,312.93466
0.0625274377,0.181185714,0.00499999989,312.841766
0.0572552643,0.190231325,0.00499999989,313.444828
0.0567220008,0.188779088,0.00499999989,313.298404
0.0291056574,0.228940142,0.00499999989,314.810043
0.0294047337,0.228941293,0.00499999989,314.810043
0.0344014437,0.235909415,0.00499999989,315.58333
0.0291414223,0.223003132,0.00499999989,314.10585
0.061494655,0.197527487,0.00499999989,314.036497
0.0593997081,0.19233127,0.00499999989,313.616462
0.0697671678,0.181571967,0.00499999989,313.09736
0.0757710432,0.16822323,0.00499999989,312.49489
0.000134105064,0.25262452,0.00499999989,318.684298
0.0318479145,0.217292268,0.00499999989,314.268055
0.0514334716,0.214194891,0.00499999989,314.554617
0.0631054479,0.198543392,0.00499999989,314.025437
0.0592734813,0.184768175,0.00499999989,312.86806
0.0768815329,0.170895115,0.00499999989,312.781
0.0712508719,0.182071712,0.00499999989,313.147968
0.0641300988,0.182859984,0.00499999989,312.899961
0.0581753497,0.189482221,0.00499999989,313.336975
0.031122571,0.220867805,0.00499999989,314.059505
0.0326428021,0.218636489,0.00499999989,314.24089
0.0652655466,0.199103299,0.00499999989,314.000266
0.0623289027,0.194286205,0.00499999989,313.692892
0.0774108663,0.177854096,0.00499999989,313.136349
0.0328515087,0.229878983,0.00499999989,314.613021
0.0310134494,0.22785165,0.00499999989,314.439472
0.0314694848,0.227940579,0.00499999989,314.439468
0.0520761019,0.215723026,0.00499999989,314.480378
0.0432027506,0.220255249,0.00499999989,314.424543
0.0623441131,0.183452068,0.00499999989,312.865879
0.0486493115,0.218591344,0.00499999989,314.435904
0.0654307718,0.197771923,0.00499999989,313.86986
0.0659615487,0.184335887,0.00499999989,312.95693
0.0673449467,0.184361744,0.00499999989,312.996004
0.0334624587,0.22101618,0.00499999989,314.134379
0.0375821086,0.221436638,0.00499999989,314.254488
0.0352159751,0.221426712,0.00499999989,314.186192
0.031323548,0.225408271,0.00499999989,314.162991
0.054747622,0.216056579,0.00499999989,314.362836
0.0434838045,0.222284175,0.00499999989,314.29646
0.0381201561,0.222952349,0.00499999989,314.159155
0.0650813154,0.209118366,0.00499999989,314.238272
0.0647767773,0.193781863,0.00499999989,313.482092
0.0610200051,0.187951777,0.00499999989,313.068348
0.0838270445,0.175664533,0.00499999989,313.040642
0.049082128,0.22086997,0.00499999989,314.232633
0.0434350558,0.222559017,0.00499999989,314.250592
0.0423673581,0.22286612,0.00499999989,314.233875
0.0363680492,0.222487912,0.00499999989,314.1461
0.0366620159,0.222543038,0.00499999989,314.1461
0.0870143408,0.172414584,0.00499999989,312.850357
0.0350797421,0.228914448,0.00499999989,314.260163
0.0386599522,0.234931153,0.00499999989,315.004726
0.049775847,0.220449836,0.00499999989,314.228181
0.0466044057,0.221774297,0.00499999989,314.220393
0.0467736961,0.221875717,0.00499999989,314.220393
0.0523194759,0.218919155,0.00499999989,314.21986
0.0433387605,0.223569505,0.00499999989,314.163319
0.0353308103,0.223044573,0.00499999989,314.089834
0.0611584066,0.212796705,0.00499999989,314.246361
0.0687610666,0.20768882,0.00499999989,314.119664
0.06952333,0.199509246,0.00499999989,313.818021
0.0691964191,0.198907434,0.00499999989,313.779706
0.0681305044,0.196714174,0.00499999989,313.636385
0.0650976177,0.186593885,0.00499999989,312.97184
0.0763525707,0.18665083,0.00499999989,313.198783
0.0682313591,0.186870951,0.00499999989,312.998577
0.0342093748,0.224347294,0.00499999989,314.058731
0.034059569,0.224252773,0.00499999989,314.058731
0.0487493472,0.221780159,0.00499999989,314.143506
0.0576567438,0.215690453,0.00499999989,314.225915
0.0596237502,0.214517195,0.00499999989,314.211915
0.0404115957,0.223869681,0.00499999989,314.127882
0.0437283351,0.224352581,0.00499999989,314.071076
0.0612245346,0.214070851,0.00499999989,314.157567
0.0713460836,0.200517971,0.00499999989,313.79838
0.0655767421,0.191805426,0.00499999989,313.233258
0.0741879327,0.187322123,0.00499999989,313.117677
0.0851913829,0.184910314,0.00499999989,313.204796
0.0361480666,0.228294245,0.00499999989,314.17146
0.034220673,0.225982793,0.00499999989,314.10562
0.039244915,0.232031932,0.00499999989,314.409022
0.0395707432,0.231250575,0.00499999989,314.327021
0.0529441157,0.220369597,0.00499999989,314.103713
0.0490901376,0.222024358,0.00499999989,314.091893
0.0541755046,0.219618636,0.00499999989,314.09687
0.0401447706,0.224819892,0.00499999989,314.052843
0.0703425964,0.207447407,0.00499999989,314.052152
0.064307624,0.212206176,0.00499999989,314.111971
0.0724532401,0.20058507,0.00499999989,313.74964
0.0901570987,0.17407298,0.00499999989,312.883522
0.052662681,0.220537551,0.00499999989,314.078487
0.0590800797,0.216561359,0.00499999989,314.103513
0.0598173269,0.215443676,0.00499999989,314.128846
0.0704701717,0.207500658,0.00499999989,314.02661
0.0691277974,0.209666195,0.00499999989,314.001615
0.0693771394,0.195782282,0.00499999989,313.436624
0.0727708334,0.199510622,0.00499999989,313.642248
0.074961773,0.20265373,0.00499999989,313.819912
0.0635011647,0.213975802,0.00499999989,314.060296
0.0663518639,0.19077957,0.00499999989,313.126685
0.0412922017,0.233545985,0.00499999989,314.589025
0.0509493127,0.222664214,0.00499999989,314.013698
0.0572002734,0.218342619,0.00499999989,314.076875
0.0729454755,0.206587878,0.00499999989,313.944481
0.0678654232,0.19175261,0.00499999989,313.148689
0.0890788328,0.18399693,0.00499999989,313.11944
0.0384128181,0.227776288,0.00499999989,314.059105
0.0419461231,0.233157781,0.00499999989,314.521656
0.0391578683,0.228116218,0.00499999989,314.04869
0.0564754811,0.219374614,0.00499999989,314.039022
0.0406509652,0.226662046,0.00499999989,314.003175
0.0709010728,0.209205391,0.00499999989,313.948774
0.0680821602,0.190474199,0.00499999989,313.085591
0.0936043264,0.174816607,0.00499999989,312.884633
0.0934222243,0.175664609,0.00499999989,312.884633
0.0934639099,0.172989113,0.00499999989,312.741343
0.0884434954,0.18608947,0.00499999989,313.099302
0.0898749875,0.184455355,0.00499999989,313.097152
0.0720033786,0.189994812,0.00499999989,313.01266
0.0479363166,0.225014539,0.00499999989,313.971712
0.0753747174,0.206003891,0.00499999989,313.860169
0.095681,0.170066458,0.00499999989,312.482736
0.0737392964,0.190689375,0.00499999989,313.004035
0.0420899844,0.230524469,0.00499999989,314.159592
0.041196738,0.228569966,0.00499999989,314.042733
0.0652567578,0.215203046,0.00499999989,313.941866
0.0683620996,0.213900921,0.00499999989,313.898302
0.0943013653,0.180393196,0.00499999989,313.006692
0.0933056834,0.182232897,0.00499999989,313.032522
0.0899378569,0.185438398,0.00499999989,313.065711
0.0824922984,0.190499177,0.00499999989,313.06356
0.0780060794,0.19070456,0.00499999989,313.022223
0.0721475253,0.210667038,0.00499999989,313.858195
0.0754802419,0.199076405,0.00499999989,313.432808
0.0917978478,0.184270303,0.00499999989,313.045512
0.0830200847,0.190630513,0.00499999989,313.035718
0.0786363764,0.191372478,0.00499999989,313.004571
0.0893307568,0.187559467,0.00499999989,313.012188
0.0910859176,0.185650664,0.00499999989,313.019201
0.0954632552,0.163450797,0.00499999989,311.86489
0.0444993886,0.234896753,0.00499999989,314.836218
0.0708151671,0.212325544,0.00499999989,313.85972
0.0768775198,0.20692752,0.00499999989,313.810207
0.0725661102,0.19391315,0.00499999989,313.104686
0.0563189802,0.223360279,0.00499999989,314.0502
0.0781554919,0.200808954,0.00499999989,313.535773
0.0769069486,0.20779816,0.00499999989,313.804123
0.0897587358,0.188244832,0.00499999989,312.964517
0.100860662,0.170540754,0.00499999989,312.363656
0.0667625606,0.217314247,0.00499999989,313.94719
0.0688616541,0.215398062,0.00499999989,313.904388
0.0750404683,0.195723146,0.00499999989,313.143951
0.0776914252,0.208104752,0.00499999989,313.79449
0.0963004019,0.182753744,0.00499999989,312.915572
0.0858730575,0.192197634,0.00499999989,312.964175
0.0797425268,0.202698315,0.00499999989,313.691356
0.0979056887,0.18202303,0.00499999989,312.876993
0.0587147217,0.224490369,0.00499999989,314.198728
0.077481753,0.196409927,0.00499999989,313.133796
0.0754374888,0.193701749,0.00499999989,313.031871
0.0790239463,0.207754944,0.00499999989,313.797142
0.0934992234,0.158518715,0.00499999989,311.199319
0.0929078156,0.187491141,0.00499999989,312.906164
0.0800715625,0.193716032,0.00499999989,312.971691
0.0882904774,0.19130214,0.00499999989,312.943857
0.0772403357,0.194194889,0.00499999989,313.012207
0.0770662246,0.194250932,0.00499999989,313.012207
0.102838214,0.168032227,0.00499999989,312.082994
0.101828184,0.166018339,0.00499999989,311.859624
0.0520264484,0.228164028,0.00499999989,314.202109
0.0601934598,0.22335572,0.00499999989,314.190979
0.049879942,0.229660782,0.00499999989,314.225246
0.0760062436,0.210895249,0.00499999989,313.795188
0.0776346305,0.20992725,0.00499999989,313.788282
0.0937533952,0.15804109,0.00499999989,311.10054
0.092945479,0.188770904,0.00499999989,312.905591
0.077509411,0.194418109,0.00499999989,313.020682
0.10245082,0.165676873,0.00499999989,311.789722
0.106736439,0.173056684,0.00499999989,312.357966
0.0611286927,0.223271638,0.00499999989,314.21556
0.0674067034,0.219662774,0.00499999989,314.133988
0.0810353621,0.204049467,0.00499999989,313.777991
0.0658281116,0.220723646,0.00499999989,314.173151
0.0657736265,0.220553749,0.00499999989,314.173151
0.101999109,0.179899805,0.00499999989,312.736818
0.091903923,0.189845796,0.00499999989,312.923954
0.0485427315,0.233139815,0.00499999989,314.700376
0.0596109708,0.225740393,0.00499999989,314.413316
0.0612329951,0.223846707,0.00499999989,314.267408
0.0755773147,0.213328293,0.00499999989,313.839662
0.0771099568,0.212016148,0.00499999989,313.806399
0.0817061628,0.204019198,0.00499999989,313.793896
0.079612121,0.195685588,0.00499999989,313.057218
0.0819331327,0.201832558,0.00499999989,313.577091
0.104712777,0.177600999,0.00499999989,312.623405
0.0928076757,0.189503174,0.00499999989,312.92478
0.0829274697,0.19571777,0.00499999989,313.051658
0.0909978278,0.191711481,0.00499999989,312.972488
0.0809898583,0.195845607,0.00499999989,313.060129
0.103732236,0.166653902,0.00499999989,311.831804
0.108121217,0.170951211,0.00499999989,312.153655
0.0992220859,0.160971262,0.00499999989,311.178294
0.0570790926,0.22838883,0.00499999989,314.620223
0.0579154973,0.227676508,0.00499999989,314.567966
0.0606705078,0.225929841,0.00499999989,314.529839
0.0803811086,0.210109793,0.00499999989,313.804649
0.0823737309,0.206146396,0.00499999989,313.858462
0.101924695,0.163925972,0.00499999989,311.493418
0.0989488838,0.184496071,0.00499999989,312.829831
0.10416179,0.178521114,0.00499999989,312.648509
0.0924232881,0.191113838,0.00499999989,312.974438
0.109605923,0.1739782,0.00499999989,312.326843
0.100119514,0.160305618,0.00499999989,311.042728
0.0497900547,0.232797578,0.00499999989,314.803491
0.0530162876,0.230397578,0.00499999989,314.570392
0.0947048772,0.156253035,0.00499999989,310.782448
0.0940646925,0.190237093,0.00499999989,312.972031
0.0862991725,0.195733164,0.00499999989,313.121444
0.0875100705,0.195182934,0.00499999989,313.103898
0.0929295615,0.191352975,0.00499999989,313.003041
0.0927752218,0.191680975,0.00499999989,313.003041
0.101567907,0.182713493,0.00499999989,312.768406
0.104271553,0.165323504,0.00499999989,311.532544
0.107568694,0.167062169,0.00499999989,311.645972
0.10811438,0.168083479,0.00499999989,311.777475
0.0683433409,0.221294214,0.00499999989,314.460676
0.0822950592,0.208782076,0.00499999989,313.846416
0.0948645725,0.155640602,0.00499999989,310.720997
0.104113979,0.181130365,0.00499999989,312.675017
0.0920790183,0.193288754,0.00499999989,313.110267
0.107338521,0.177386655,0.00499999989,312.499134
0.0999874151,0.159086413,0.00499999989,310.883207
0.0842909406,0.197943935,0.00499999989,313.260107
0.0914839421,0.19386006,0.00499999989,313.144768
0.0944751072,0.192048064,0.00499999989,313.099261
0.0886885424,0.196128688,0.00499999989,313.211252
0.087294445,0.197067893,0.00499999989,313.254645
0.10119982,0.159292057,0.00499999989,310.840503
0.0587570806,0.231037963,0.00499999989,315.168804
0.0987354903,0.187932372,0.00499999989,312.952428
0.101987623,0.184568483,0.00499999989,312.823013
0.084091642,0.198621976,0.00499999989,313.318138
0.0921645872,0.194373647,0.00499999989,313.200881
0.0933705508,0.193293077,0.00499999989,313.160697
0.107242415,0.165379982,0.00499999989,311.325303
0.111867246,0.170715014,0.00499999989,311.947266
0.0519894289,0.233380334,0.00499999989,315.05957
0.0606451893,0.23023803,0.00499999989,315.236001
0.0602142195,0.230643657,0.00499999989,315.236001
0.0546383604,0.232316796,0.00499999989,315.073386
0.0857010964,0.20100822,0.00499999989,313.655521
0.108910151,0.178087485,0.00499999989,312.473974
0.0975545413,0.19034698,0.00499999989,313.090795
0.106382915,0.164126171,0.00499999989,311.188394
0.110422656,0.16782522,0.00499999989,311.558421
0.112703894,0.172220864,0.00499999989,312.116798
0.112497398,0.174555891,0.00499999989,312.238794
0.0752277837,0.219993777,0.00499999989,314.681662
0.0775736525,0.218356741,0.00499999989,314.565557
0.0779480532,0.218796548,0.00499999989,314.620674
0.0831814927,0.212786031,0.00499999989,313.890812
0.0692100616,0.223528173,0.00499999989,314.931058
0.107882811,0.180361703,0.00499999989,312.562306
0.107881001,0.180179164,0.00499999989,312.562306
0.111426711,0.168636876,0.00499999989,311.634677
0.0864920398,0.202314387,0.00499999989,313.834623
0.105077153,0.161028325,0.00499999989,310.83963
0.0936181273,0.195283446,0.00499999989,313.43391
0.111156346,0.167222904,0.00499999989,311.419694
0.113299411,0.170246093,0.00499999989,311.821686
0.100766651,0.156339647,0.00499999989,310.602784
0.073541088,0.221910475,0.00499999989,314.942396
0.0805946786,0.216233199,0.00499999989,314.143856
0.07757793,0.219724162,0.00499999989,314.781025
0.106194071,0.160705187,0.00499999989,310.781753
0.0956686274,0.194586036,0.00499999989,313.420888
0.109691104,0.180429941,0.00499999989,312.544727
0.108422401,0.16347668,0.00499999989,310.969165
0.111621563,0.167023297,0.00499999989,311.371415
0.113498793,0.16928978,0.00499999989,311.660342
0.0789463103,0.220168572,0.00499999989,314.855328
0.0939536833,0.15222446,0.00499999989,310.488304
0.0970287549,0.152054882,0.00499999989,310.489948
0.093594957,0.197644841,0.00499999989,313.72781
0.0860941322,0.211344653,0.00499999989,313.942763
0.0975892051,0.15160411,0.00499999989,310.498357
0.0969322634,0.151617138,0.00499999989,310.48619
0.101245554,0.189331631,0.00499999989,313.163348
0.101292063,0.190411003,0.00499999989,313.275363
0.0967967483,0.194936735,0.00499999989,313.630382
0.113929911,0.167756757,0.00499999989,311.439736
0.113001934,0.177478436,0.00499999989,312.362881
0.0823380078,0.217411456,0.00499999989,314.381916
0.0901944709,0.205578678,0.00499999989,314.169438
0.0882019099,0.201261798,0.00499999989,313.821414
0.0716575103,0.228177308,0.00499999989,315.620872
0.0947413797,0.150699409,0.00499999989,310.437469
0.103117412,0.189005883,0.00499999989,313.231287
0.112217749,0.179632176,0.00499999989,312.462452
0.108436258,0.18405173,0.00499999989,312.816889
0.116348223,0.173432246,0.00499999989,312.115508
0.113448928,0.17860716,0.00499999989,312.412517
0.0899955988,0.202260945,0.00499999989,314.015218
0.0875642076,0.211006194,0.00499999989,313.990437
0.104119172,0.188099029,0.00499999989,313.164154
0.112367558,0.180247133,0.00499999989,312.491358
0.11534348,0.166895975,0.00499999989,311.309031
0.106544667,0.158157933,0.00499999989,310.661444
0.0673158331,0.237664658,0.00499999989,316.291625
0.0812698209,0.220796857,0.00499999989,314.9857
0.105913592,0.188618754,0.00499999989,313.273456
0.110818071,0.183180194,0.00499999989,312.747047
0.101266878,0.193139528,0.00499999989,313.697604
0.0832039765,0.218320019,0.00499999989,314.510626
0.0961900617,0.149485579,0.00499999989,310.520546
0.0952417968,0.14903675,0.00499999989,310.489122
0.10337318,0.191176332,0.00499999989,313.503213
0.0958289968,0.199638444,0.00499999989,314.115498
0.114457954,0.179951484,0.00499999989,312.484609
0.095537401,0.204024456,0.00499999989,314.319485
0.102217785,0.194236588,0.00499999989,313.869115
0.117610556,0.17699182,0.00499999989,312.314383
0.10396577,0.152819387,0.00499999989,310.761085
0.0883791687,0.21420278,0.00499999989,314.045759
0.102631221,0.19333779,0.00499999989,313.821636
0.103227694,0.193679436,0.00499999989,313.882391
0.107030715,0.188853712,0.00499999989,313.433496
0.114042407,0.16302328,0.00499999989,310.824317
0.116977966,0.178569603,0.00499999989,312.400861
0.116420197,0.179258757,0.00499999989,312.439418
0.119362253,0.172635065,0.00499999989,312.107057
0.104684249,0.152496147,0.00499999989,310.813578
0.105205135,0.153038947,0.00499999989,310.804691
0.102917382,0.150853018,0.00499999989,310.818611
0.0812056796,0.231748815,0.00499999989,316.127662
0.0889571878,0.213796489,0.00499999989,314.045716
0.0879527364,0.21590401,0.00499999989,314.117715
0.0992906043,0.199064311,0.00499999989,314.223493
0.114970539,0.162780043,0.00499999989,310.809676
0.119414732,0.174031658,0.00499999989,312.207478
0.0838380826,0.23120591,0.00499999989,316.074253
0.085480185,0.229674798,0.00499999989,316.000014
0.10828312,0.18939304,0.00499999989,313.533168
0.107225189,0.190879746,0.00499999989,313.747699
0.117950098,0.165005025,0.00499999989,311.094417
0.0970313393,0.211892245,0.00499999989,314.44205
0.108491636,0.190268053,0.00499999989,313.702233
0.116751337,0.162927824,0.00499999989,310.831252
0.0998598613,0.212462803,0.00499999989,314.572796
0.0800916873,0.238922999,0.00499999989,316.638642
0.110842258,0.156057389,0.00499999989,310.887952
0.097274229,0.144691534,0.00499999989,310.742069
0.106095516,0.195249839,0.00499999989,314.174534
0.121589407,0.170247011,0.00499999989,312.010876
0.120676388,0.168337581,0.00499999989,311.711923
0.109857993,0.154149239,0.00499999989,310.954713
0.109656697,0.154099206,0.00499999989,310.954713
0.113890121,0.187201585,0.00499999989,313.480779
0.117539571,0.161835576,0.00499999989,310.764741
0.12009697,0.165606004,0.00499999989,311.243411
0.122289028,0.173194121,0.00499999989,312.249169
0.121490822,0.176177138,0.00499999989,312.342344
0.109614649,0.153677564,0.00499999989,310.975792
0.0998479869,0.213931867,0.00499999989,314.503825
0.106241695,0.200947138,0.00499999989,314.53406
0.111263133,0.189463066,0.00499999989,313.735054
0.121865079,0.176903567,0.00499999989,312.3848
0.0875136539,0.222467559,0.00499999989,315.021787
0.0913060614,0.22949826,0.00499999989,315.851024
0.0913182914,0.229888875,0.00499999989,315.851024
0.0902916555,0.226054134,0.00499999989,315.505186
0.0896589299,0.218690555,0.00499999989,314.358309
0.0893328873,0.219642498,0.00499999989,314.466259
0.109634929,0.197537426,0.00499999989,314.387713
0.115806287,0.157649545,0.00499999989,310.856043
0.120429926,0.163900107,0.00499999989,311.034492
0.12346822,0.172911241,0.00499999989,312.30403
0.122778966,0.17679144,0.00499999989,312.411866
0.108054759,0.207118929,0.00499999989,314.810985
0.10381875,0.215189239,0.00499999989,314.665354
0.107229691,0.142497574,0.00499999989,311.06575
0.110506157,0.194653061,0.00499999989,314.201639
0.121922366,0.179151022,0.00499999989,312.484446
0.109415237,0.210290663,0.00499999989,314.874456
0.0997359265,0.215930676,0.00499999989,314.413517
0.10895348,0.142255566,0.00499999989,311.088543
0.109209939,0.141025967,0.00499999989,311.070932
0.116455996,0.157144529,0.00499999989,310.920188
0.123664311,0.168408849,0.00499999989,311.908072
0.124306844,0.174933703,0.00499999989,312.408067
0.0942145501,0.22935463,0.00499999989,315.784919
0.0994277972,0.216500602,0.00499999989,314.377371
0.0928199911,0.218970269,0.00499999989,314.313903
0.0928141208,0.218610704,0.00499999989,314.313903
0.114720191,0.194683486,0.00499999989,314.242009
0.11819041,0.158889616,0.00499999989,310.777357
0.122184253,0.17995951,0.00499999989,312.527044
0.0979140207,0.215996662,0.00499999989,314.310778
0.0998066377,0.217028373,0.00499999989,314.379688
0.0913639926,0.22054256,0.00499999989,314.532694
0.0908211617,0.221585998,0.00499999989,314.670726
0.116189153,0.195108914,0.00499999989,314.293381
0.119044195,0.158641898,0.00499999989,310.789736
0.12328651,0.163623963,0.00499999989,311.153467
0.127841543,0.169677787,0.00499999989,312.235195
0.114662652,0.144748212,0.00499999989,311.211078
0.116600262,0.152915222,0.00499999989,311.152485
0.0962697063,0.230155953,0.00499999989,315.751282
0.125543735,0.16591304,0.00499999989,311.732107
0.116108398,0.148223091,0.00499999989,311.227072
0.104492865,0.218018441,0.00499999989,314.58047
0.103554852,0.218279021,0.00499999989,314.505346
0.094381762,0.218906624,0.00499999989,314.319305
0.118046793,0.195340346,0.00499999989,314.28761
0.117881079,0.155313624,0.00499999989,311.03627
0.119275921,0.155973939,0.00499999989,310.948528
0.124860095,0.180464051,0.00499999989,312.582731
0.104588231,0.218578214,0.00499999989,314.517494
0.0980469182,0.218326178,0.00499999989,314.285913
0.100411364,0.218937193,0.00499999989,314.33855
0.102412536,0.219126075,0.00499999989,314.398074
0.119445308,0.152382684,0.00499999989,311.161065
0.126599375,0.176605807,0.00499999989,312.549286
0.121708224,0.190524655,0.00499999989,313.821509
0.117211545,0.142221201,0.00499999989,311.194829
0.119978683,0.149790835,0.00499999989,311.210593
0.0974132395,0.228252525,0.00499999989,315.40821
0.095853015,0.218363192,0.00499999989,314.269187
0.117771375,0.209570418,0.00499999989,314.960375
0.119322974,0.198344386,0.00499999989,314.493375
0.120859182,0.157164892,0.00499999989,310.857726
0.120497168,0.156668299,0.00499999989,310.884801
0.120369661,0.156558154,0.00499999989,310.884801
0.122314142,0.193852209,0.00499999989,314.166341
0.120765959,0.142914967,0.00499999989,311.197859
0.103962327,0.219628028,0.00499999989,314.425481
0.118190296,0.139187102,0.00499999989,311.093376
0.120505592,0.15576562,0.00499999989,310.949076
0.124234136,0.182651554,0.00499999989,312.695935
0.105764233,0.219937869,0.00499999989,314.491871
0.0956886527,0.220844115,0.00499999989,314.423548
0.117023158,0.134472173,0.00499999989,310.88887
0.121219547,0.155358509,0.00499999989,310.947349
0.126257427,0.162877683,0.00499999989,311.24971
0.128111309,0.164677705,0.00499999989,311.718681
0.134384799,0.174088055,0.00499999989,312.781484
0.127691706,0.179664975,0.00499999989,312.622513
0.096666194,0.22019796,0.00499999989,314.353919
0.0967614781,0.219914381,0.00499999989,314.353919
0.123347126,0.207225129,0.00499999989,314.892497
0.126909597,0.181964907,0.00499999989,312.669803
0.126101997,0.190897585,0.00499999989,313.7219
0.0971262555,0.223931327,0.00499999989,314.723574
0.098487405,0.221463687,0.00499999989,314.417399
0.126247652,0.198112234,0.00499999989,314.359293
0.137506808,0.163575543,0.00499999989,312.136423
0.126316255,0.144002385,0.00499999989,311.132791
0.125336245,0.206217274,0.00499999989,314.81896
0.105344407,0.221518781,0.00499999989,314.40904
0.0974656369,0.221165155,0.00499999989,314.419837
0.122889415,0.155353128,0.00499999989,310.91314
0.126429072,0.185587032,0.00499999989,312.94325
0.141020376,0.168385393,0.00499999989,312.648387
0.131155508,0.162839436,0.00499999989,311.648997
0.0987183239,0.223595276,0.00499999989,314.607326
0.127063204,0.207773453,0.00499999989,314.8476
0.13205343,0.178490357,0.00499999989,312.80663
0.141982135,0.170089872,0.00499999989,312.816999
0.132518011,0.162146766,0.00499999989,311.659211
0.13787026,0.161634663,0.00499999989,311.975931
0.130039936,0.179340328,0.00499999989,312.719065
0.127732138,0.14755236,0.00499999989,311.106525
0.123576508,0.153886711,0.00499999989,310.971844
0.124272314,0.153735184,0.00499999989,310.967715
0.129090759,0.181709144,0.00499999989,312.710148
0.133295598,0.179645841,0.00499999989,312.85541
0.133511272,0.161214376,0.00499999989,311.56991
0.140792741,0.163081139,0.00499999989,312.218851
0.12801164,0.148341082,0.00499999989,311.097139
0.101402787,0.224016978,0.00499999989,314.523435
0.125614767,0.155067754,0.00499999989,310.860436
0.140406603,0.161235204,0.00499999989,312.006114
0.134166597,0.160497715,0.00499999989,311.535104
0.132734946,0.198892758,0.00499999989,314.21138
0.129587124,0.159905241,0.00499999989,311.107231
0.131275373,0.180822273,0.00499999989,312.752566
0.141147252,0.178912656,0.00499999989,313.118843
0.142069789,0.159978858,0.00499999989,311.896634
0.134305454,0.197779488,0.00499999989,314.122388
0.131823124,0.202524426,0.00499999989,314.513814
0.132383342,0.19398193,0.00499999989,313.808651
0.129955373,0.189679731,0.00499999989,313.320544
0.134758865,0.142322574,0.00499999989,310.896884
0.131156742,0.159049424,0.00499999989,311.088081
0.129328176,0.15673238,0.00499999989,310.874553
0.130562675,0.158699504,0.00499999989,311.039992
0.133383885,0.181791225,0.00499999989,312.824809
0.136336455,0.158429228,0.00499999989,311.341841
0.131948523,0.158539432,0.00499999989,311.110687
0.1354691,0.204369692,0.00499999989,314.492383
0.132736106,0.210720224,0.00499999989,314.722022
0.129977619,0.157065428,0.00499999989,310.904264
0.130666757,0.18584569,0.00499999989,312.881456
0.1310081,0.187592814,0.00499999989,312.998885
0.146166268,0.182403057,0.00499999989,313.218163
0.136852063,0.18206496,0.00499999989,312.957274
0.15240782,0.170091786,0.00499999989,312.937674
0.131835615,0.157749593,0.00499999989,311.01049
0.136115107,0.157888741,0.00499999989,311.193815
0.138490652,0.198001814,0.00499999989,313.922617
0.136278753,0.195056657,0.00499999989,313.705584
0.134919948,0.145411767,0.00499999989,310.885731
0.129522109,0.152548402,0.00499999989,310.862702
0.132673549,0.184390227,0.00499999989,312.836375
0.144502019,0.183899355,0.00499999989,313.171001
0.136217608,0.194601684,0.00499999989,313.634454
0.131831706,0.189310165,0.00499999989,313.15144
0.13323538,0.190418237,0.00499999989,313.209606
0.131762709,0.149199566,0.00499999989,310.903157
0.152882208,0.164495047,0.00499999989,312.52535
0.142308772,0.156315285,0.00499999989,311.401516
0.13507676,0.211206768,0.00499999989,314.620986
0.143006127,0.184633204,0.00499999989,313.0958
0.137734203,0.184078636,0.00499999989,312.930504
0.140618144,0.155837688,0.00499999989,311.19898
0.138883,0.208196204,0.00499999989,314.475866
0.135961682,0.211096767,0.00499999989,314.572648
0.142402255,0.1848635,0.00499999989,313.070322
0.135036013,0.1847992,0.00499999989,312.873054
0.135611356,0.191736319,0.00499999989,313.252216
0.132360443,0.154472885,0.00499999989,310.829968
0.147408027,0.186330996,0.00499999989,313.157106
0.158668599,0.17029481,0.00499999989,312.851161
0.142519226,0.20532104,0.00499999989,314.255626
0.144036995,0.204070915,0.00499999989,314.165294
0.143133127,0.199544801,0.00499999989,313.777257
0.134044382,0.150667485,0.00499999989,310.77446
0.138096375,0.209833306,0.00499999989,314.497302
0.13737726,0.21090208,0.00499999989,314.505625
0.149913174,0.185697618,0.00499999989,313.20049
0.14969832,0.186058059,0.00499999989,313.20049
0.147868337,0.186505312,0.00499999989,313.149616
0.139153844,0.18638068,0.00499999989,312.929839
0.148764614,0.186927059,0.00499999989,313.157512
0.147145298,0.187578439,0.00499999989,313.095649
0.138585665,0.193165936,0.00499999989,313.25688
0.143484974,0.20712006,0.00499999989,314.25403
0.1374473,0.148672534,0.00499999989,310.680368
0.139962384,0.210322816,0.00499999989,314.394204
0.1374841,0.186760871,0.00499999989,312.918007
0.149002012,0.187926919,0.00499999989,313.106615
0.157990759,0.185086871,0.00499999989,313.133305
0.162231385,0.174303704,0.00499999989,312.972623
0.141011744,0.193448868,0.00499999989,313.173954
0.143532427,0.197561033,0.00499999989,313.501104
0.138715627,0.211586172,0.00499999989,314.427432
0.158661518,0.185453522,0.00499999989,313.101593
0.146175671,0.200483266,0.00499999989,313.714675
0.147111108,0.201651828,0.00499999989,313.833547
0.143325668,0.20944868,0.00499999989,314.263749
0.139218507,0.191787547,0.00499999989,313.097123
0.137963701,0.150212726,0.00499999989,310.67412
0.145691407,0.18848824,0.00499999989,312.983113
0.158060421,0.187253628,0.00499999989,313.054764
0.153424102,0.189525639,0.00499999989,313.03679
0.165267445,0.175771924,0.00499999989,312.946108
0.146796981,0.201000116,0.00499999989,313.742588
0.144869905,0.207415272,0.00499999989,314.186187
0.138343161,0.188740796,0.00499999989,312.965445
0.139512,0.151802198,0.00499999989,310.714879
0.146081273,0.207392197,0.00499999989,314.145205
0.148070542,0.202418277,0.00499999989,313.851828
0.148111092,0.203755606,0.00499999989,313.967845
0.147934472,0.201500274,0.00499999989,313.767852
0.147654837,0.199989619,0.00499999989,313.562522
0.143629218,0.195476607,0.00499999989,313.207908
0.155421998,0.189804159,0.00499999989,312.992371
0.165285469,0.181589001,0.00499999989,312.981484
0.145949591,0.197451875,0.00499999989,313.333257
0.14718257,0.207404389,0.00499999989,314.109157
0.144554966,0.209370492,0.00499999989,314.208693
0.145872951,0.196831561,0.00499999989,313.223976
0.142439239,0.190150617,0.00499999989,312.937713
0.150008932,0.190862209,0.00499999989,312.947409
0.149795345,0.204817931,0.00499999989,313.982301
0.145872001,0.196237513,0.00499999989,313.177969
0.141665011,0.213725874,0.00499999989,314.330666
0.147892577,0.191271909,0.00499999989,312.918981
0.14727908,0.208660329,0.00499999989,314.129089
0.149510808,0.206304359,0.00499999989,314.035176
0.167894804,0.181329212,0.00499999989,312.885682
0.149369359,0.207110564,0.00499999989,314.061835
0.151001934,0.202581689,0.00499999989,313.77988
0.146210401,0.191786679,0.00499999989,312.91531
0.153430824,0.192781021,0.00499999989,312.886579
0.160323385,0.18942673,0.00499999989,312.842703
0.159434581,0.190757756,0.00499999989,312.827004
0.165827621,0.184546232,0.00499999989,312.865618
0.147340408,0.196017497,0.00499999989,313.078608
0.151080913,0.200691142,0.00499999989,313.541985
0.152227783,0.203361064,0.00499999989,313.847686
0.147193338,0.19244986,0.00499999989,312.906111
0.157402015,0.192218113,0.00499999989,312.848428
0.160494806,0.190079769,0.00499999989,312.80914
0.169704455,0.180900052,0.00499999989,312.824672
0.171554706,0.178720876,0.00499999989,312.769154
0.149781032,0.208169037,0.00499999989,314.073756
0.142013414,0.215558153,0.00499999989,314.401875
0.152597753,0.20215592,0.00499999989,313.662345
0.152775796,0.204834903,0.00499999989,313.963229
0.153213128,0.193942872,0.00499999989,312.892423
0.166238695,0.185752728,0.00499999989,312.782783
0.156152199,0.193773024,0.00499999989,312.876637
0.152853393,0.205386044,0.00499999989,313.993464
0.152990744,0.194549831,0.00499999989,312.909001
0.159381957,0.192640388,0.00499999989,312.838664
0.173189686,0.179879909,0.00499999989,312.686591
0.150400289,0.195463344,0.00499999989,312.981542
0.146446215,0.21442794,0.00499999989,314.351811
0.15257605,0.199684422,0.00499999989,313.356197
0.152480076,0.207361907,0.00499999989,314.056868
0.161406408,0.192607352,0.00499999989,312.857539
0.162835123,0.190930904,0.00499999989,312.806072
0.174616115,0.179436819,0.00499999989,312.620629
0.169606502,0.1845632,0.00499999989,312.709307
0.142865567,0.218101677,0.00499999989,314.646261
0.155661646,0.195751876,0.00499999989,312.976889
0.156581628,0.195877092,0.00499999989,312.984413
0.158319848,0.195209874,0.00499999989,312.956156
0.154996287,0.20172777,0.00499999989,313.67487
0.143850748,0.217866489,0.00499999989,314.629869
0.141220089,0.219457925,0.00499999989,314.717925
0.154870982,0.196672086,0.00499999989,313.02961
0.162698331,0.192184507,0.00499999989,312.864884
0.175013842,0.180656382,0.00499999989,312.583629
0.171865773,0.184255423,0.00499999989,312.669023
0.165865441,0.190289617,0.00499999989,312.812603
0.148737396,0.214937081,0.00499999989,314.41865
0.153689659,0.208856802,0.00499999989,314.108052
0.156355175,0.204522396,0.00499999989,314.02102
0.151300266,0.212673406,0.00499999989,314.242285
0.168424047,0.187529153,0.00499999989,312.752155
0.158304314,0.195871131,0.00499999989,313.048736
0.175517013,0.1805271,0.00499999989,312.566874
0.171533918,0.185500603,0.00499999989,312.705547
0.156883147,0.20242461,0.00499999989,313.803485
0.167863977,0.189301353,0.00499999989,312.822983
0.167752358,0.189589542,0.00499999989,312.822983
0.166489023,0.190498515,0.00499999989,312.855799
0.148933514,0.216485808,0.00499999989,314.626642
0.156863063,0.203407099,0.00499999989,313.977999
0.156978951,0.205457086,0.00499999989,314.125622
0.151776286,0.214032404,0.00499999989,314.335905
0.167167507,0.190253105,0.00499999989,312.844406
0.176951109,0.180402868,0.00499999989,312.517521
0.179686855,0.178478089,0.00499999989,312.399858
0.178308139,0.18058066,0.00499999989,312.470374
0.178374203,0.180719543,0.00499999989,312.470374
0.174488733,0.184164139,0.00499999989,312.646839
0.16618953,0.192606446,0.00499999989,313.026416
0.14995037,0.217316697,0.00499999989,314.754866
0.155876197,0.210386917,0.00499999989,314.172511
0.156392189,0.209371349,0.00499999989,314.171396
0.157455178,0.20693803,0.00499999989,314.180354
0.157383378,0.207078053,0.00499999989,314.180354
0.145419232,0.220467189,0.00499999989,315.153901
0.164757261,0.194891007,0.00499999989,313.183018
0.17493493,0.184187016,0.00499999989,312.643281
0.167879598,0.192037888,0.00499999989,313.022991
0.169173976,0.191927602,0.00499999989,313.104207
0.17913028,0.181181093,0.00499999989,312.473481
0.179022597,0.181439934,0.00499999989,312.473481
0.175315235,0.18543717,0.00499999989,312.720598
0.150582324,0.217768056,0.00499999989,314.871306
0.162247486,0.197855804,0.00499999989,313.481427
0.174708014,0.187214487,0.00499999989,312.864531
0.159844602,0.207237776,0.00499999989,314.281691
0.152889735,0.216790321,0.00499999989,314.659037
0.150840923,0.219505971,0.00499999989,315.167517
0.1617397,0.207832799,0.00499999989,314.359412
0.163463175,0.198166067,0.00499999989,313.625918
0.16028466,0.208255878,0.00499999989,314.301633
0.161233259,0.20862191,0.00499999989,314.345798
0.172308723,0.191605587,0.00499999989,313.292882
0.165491063,0.203993205,0.00499999989,314.330985
0.166607448,0.204209261,0.00499999989,314.403275
0.162117303,0.200609501,0.00499999989,313.906754
0.161961183,0.20056538,0.00499999989,313.906754
0.166278162,0.198363112,0.00499999989,313.874234
0.168827536,0.195511065,0.00499999989,313.626263
0.158679264,0.21291134,0.00499999989,314.288054
0.162746123,0.209853695,0.00499999989,314.412784
0.155434986,0.217291903,0.00499999989,314.678666
0.171894471,0.19376279,0.00499999989,313.584828
0.167605599,0.197408348,0.00499999989,313.865224
0.168875217,0.196031982,0.00499999989,313.721642
0.154637681,0.219078643,0.00499999989,314.992813
0.16485069,0.21033495,0.00499999989,314.500791
0.171828233,0.194476128,0.00499999989,313.667941
0.170764709,0.195445174,0.00499999989,313.785152
0.166935347,0.200645514,0.00499999989,314.155523
0.171038885,0.207144739,0.00499999989,314.665136
0.1535039,0.229845958,0.00499999989,316.229732
0.154297157,0.221383447,0.00499999989,315.413904
0.154338318,0.221620628,0.00499999989,315.413904
0.181364356,0.185740602,0.00499999989,312.866952
0.182002357,0.184786784,0.00499999989,312.744224
0.16529438,0.211021972,0.00499999989,314.511775
0.166504436,0.211694197,0.00499999989,314.574258
0.173546197,0.194560087,0.00499999989,313.825709
0.175127309,0.193463185,0.00499999989,313.748325
0.1773384,0.190595205,0.00499999989,313.447487
0.157109409,0.2197895,0.00499999989,315.033427
0.15567003,0.222167127,0.00499999989,315.485509
0.174099661,0.194691041,0.00499999989,313.919352
0.175191415,0.19429452,0.00499999989,313.876769
0.175264842,0.193944157,0.00499999989,313.876769
0.159883382,0.215596503,0.00499999989,314.430887
0.173199687,0.199054265,0.00499999989,314.246594
0.157584559,0.232406657,0.00499999989,316.393617
0.178787943,0.192196132,0.00499999989,313.7798
0.175009693,0.1992329,0.00499999989,314.377067
0.18083192,0.190544809,0.00499999989,313.631983
0.167515274,0.213903702,0.00499999989,314.548406
0.176439777,0.210203545,0.00499999989,314.90509
0.16973745,0.213939057,0.00499999989,314.662533
0.159478731,0.219723189,0.00499999989,314.92384
0.181267495,0.190615952,0.00499999989,313.703525
0.162437816,0.217252346,0.00499999989,314.539888
0.179271142,0.209074062,0.00499999989,314.92632
0.179708705,0.205981632,0.00499999989,314.838953
0.160661249,0.219308736,0.00499999989,314.809461
0.182769453,0.19019885,0.00499999989,313.66416
0.177749012,0.214122786,0.00499999989,314.93774
0.183518908,0.192410416,0.00499999989,313.922002
0.182811599,0.203639335,0.00499999989,314.769667
0.168587771,0.215523364,0.00499999989,314.564527
0.170530045,0.215854523,0.00499999989,314.625984
0.160745966,0.221117284,0.00499999989,315.092193
0.16520177,0.227918919,0.00499999989,315.807179
0.163249861,0.22496941,0.00499999989,315.539379
0.184028912,0.192469595,0.00499999989,314.01177
0.165965308,0.226783151,0.00499999989,315.653741
0.165501642,0.216883623,0.00499999989,314.517882
0.184269215,0.207616794,0.00499999989,314.970108
0.178962116,0.217179474,0.00499999989,314.913861
0.164702113,0.225595396,0.00499999989,315.534097
0.166545964,0.217027544,0.00499999989,314.533591
0.167767983,0.217654089,0.00499999989,314.560299
0.178256992,0.217381051,0.00499999989,314.886531
0.162152058,0.2216094,0.00499999989,315.053146
0.16376355,0.222509779,0.00499999989,315.135997
0.188692846,0.186368953,0.00499999989,313.21764
0.167420353,0.227343552,0.00499999989,315.617129
0.187952834,0.206438975,0.00499999989,314.934004
0.170755872,0.230666092,0.00499999989,315.863365
0.189369425,0.192945785,0.00499999989,314.004847
0.191373792,0.204168462,0.00499999989,314.837376
0.168591815,0.226291244,0.00499999989,315.363198
0.175511985,0.220529234,0.00499999989,314.633385
0.169930028,0.226041177,0.00499999989,315.204245
0.169246857,0.223635524,0.00499999989,314.928293
0.174438141,0.222336546,0.00499999989,314.630242
0.172064096,0.22230191,0.00499999989,314.703419
0.175935837,0.222169332,0.00499999989,314.627064
0.172999245,0.224074061,0.00499999989,314.793512
0.172693782,0.223988749,0.00499999989,314.793512
0.173061884,0.225742081,0.00499999989,314.960517
0.165014635,0.24845203,0.00499999989,316.665021
0.159585589,0.24568877,0.00499999989,316.849838
0.160338264,0.245956847,0.00499999989,316.849838
0.162671849,0.250332151,0.00499999989,316.682999
0.157611783,0.244783309,0.00499999989,316.881706
0.156337379,0.249287916,0.00499999989,316.88269
0.160220771,0.251018049,0.00499999989,316.750803
0.153214096,0.247719609,0.00499999989,316.947194
0.162449149,0.253610285,0.00499999989,316.495452
0.162351064,0.254019939,0.00499999989,316.483266
0.158759208,0.253663265,0.00499999989,316.643005
0.147052736,0.243116948,0.00499999989,316.902734
0.15124118,0.236510745,0.00499999989,316.676235
0.156681879,0.254776996,0.00499999989,316.669302
0.159396346,0.25525537,0.00499999989,316.523395
0.146597419,0.23784531,0.00499999989,316.737872
0.15453009,0.255479501,0.00499999989,316.657026
0.169928553,0.26101892,0.00499999989,317.387
0.161320506,0.257640456,0.00499999989,316.482448
0.15497077,0.256004714,0.00499999989,316.616063
0.159468754,0.257064036,0.00499999989,316.471739
0.157454055,0.256395771,0.00499999989,316.523461
0.145248956,0.250371748,0.00499999989,316.866111
0.167300306,0.265471372,0.00499999989,317.806915
0.170193378,0.258686809,0.00499999989,317.003636
0.16718436,0.262291168,0.00499999989,317.337824
0.159709913,0.257157689,0.00499999989,316.470352
0.170658907,0.257129244,0.00499999989,316.853037
0.142868687,0.248946338,0.00499999989,316.858912
0.146544508,0.252192879,0.00499999989,316.799671
0.14064793,0.234733025,0.00499999989,316.434413
0.139669813,0.247095336,0.00499999989,316.802856
0.165160889,0.264827064,0.00499999989,317.575592
0.164967812,0.2608577,0.00499999989,316.923435
0.16465722,0.261037169,0.00499999989,316.923435
0.141601255,0.249736792,0.00499999989,316.777688
0.147092913,0.255063864,0.00499999989,316.640465
0.137543286,0.246371088,0.00499999989,316.74212
0.152604744,0.258501645,0.00499999989,316.515847
0.157045939,0.259009227,0.00499999989,316.500047
0.144737081,0.253574465,0.00499999989,316.685844
0.145534319,0.254652408,0.00499999989,316.647202
0.145866101,0.254511941,0.00499999989,316.647202
0.152418252,0.259340837,0.00499999989,316.519453
0.16017428,0.260766386,0.00499999989,316.660251
0.163540928,0.261574589,0.00499999989,316.909258
0.152912512,0.260173898,0.00499999989,316.536762
0.160965858,0.268899296,0.00499999989,317.762077
0.162546442,0.264159453,0.00499999989,317.252238
0.136816122,0.230242267,0.00499999989,315.927002
0.136340811,0.247847064,0.00499999989,316.64935
0.138330131,0.249456974,0.00499999989,316.672582
0.154139138,0.260773822,0.00499999989,316.565357
0.162815361,0.263280542,0.00499999989,317.130186
0.139304495,0.22525789,0.00499999989,315.529263
0.142908792,0.254759665,0.00499999989,316.629968
0.135632816,0.228545162,0.00499999989,315.73875
0.132701251,0.242138913,0.00499999989,316.554931
0.135558866,0.246439227,0.00499999989,316.654887
0.135178788,0.246153537,0.00499999989,316.638652
0.152345215,0.261066638,0.00499999989,316.585172
0.152442897,0.260912762,0.00499999989,316.585172
0.147839437,0.25931099,0.00499999989,316.593688
0.160903641,0.273207065,0.00499999989,317.95288
0.157406859,0.262175708,0.00499999989,316.7038
0.140022809,0.252733714,0.00499999989,316.637751
0.143066616,0.255842789,0.00499999989,316.628237
0.13704089,0.226583151,0.00499999989,315.575611
0.130911543,0.240002159,0.00499999989,316.441814
0.153385123,0.261872897,0.00499999989,316.632858
0.162593302,0.275424412,0.00499999989,318.018237
0.157501062,0.262522021,0.00499999989,316.763513
0.161526289,0.275513155,0.00499999989,317.972198
0.158926261,0.272224426,0.00499999989,317.857862
0.158899252,0.272438213,0.00499999989,317.857862
0.133510522,0.227808856,0.00499999989,315.527769
0.144818197,0.258576128,0.00499999989,316.65632
0.130806474,0.241869881,0.00499999989,316.46957
0.149772819,0.261506481,0.00499999989,316.682347
0.162395585,0.276920097,0.00499999989,317.985095
0.145298907,0.25948173,0.00499999989,316.688743
0.145223637,0.25964292,0.00499999989,316.688743
0.128262753,0.240118811,0.00499999989,316.325005
0.134588956,0.249575023,0.00499999989,316.563974
0.153054284,0.263288958,0.00499999989,316.797287
0.147741918,0.261696692,0.00499999989,316.736668
0.161669189,0.276486491,0.00499999989,317.968256
0.140206615,0.221453021,0.00499999989,314.963803
0.139162565,0.221804795,0.00499999989,314.93285
0.129740471,0.242328915,0.00499999989,316.43916
0.133211523,0.24770082,0.00499999989,316.527426
0.135009742,0.250978293,0.00499999989,316.582119
0.127569617,0.231544796,0.00499999989,315.653218
0.153238243,0.263809883,0.00499999989,316.847514
0.154241825,0.264037809,0.00499999989,316.872835
0.157990026,0.266692326,0.00499999989,317.328977
0.143630622,0.259916963,0.00499999989,316.81351
0.136364567,0.222652489,0.00499999989,314.909412
0.128670136,0.22916898,0.00499999989,315.371596
0.157544846,0.266441001,0.00499999989,317.262559
0.159927525,0.276716967,0.00499999989,317.887366
0.161551885,0.278872968,0.00499999989,317.96724
0.13059209,0.22731833,0.00499999989,315.224679
0.136345271,0.222250843,0.00499999989,314.861495
0.13509279,0.252673388,0.00499999989,316.633374
0.129369331,0.228249141,0.00499999989,315.253386
0.125384478,0.232130207,0.00499999989,315.584289
0.155062285,0.266123502,0.00499999989,317.151289
0.157768695,0.277052023,0.00499999989,317.829928
0.160196398,0.278905961,0.00499999989,317.932464
0.132276351,0.25017893,0.00499999989,316.548586
0.124360227,0.232293937,0.00499999989,315.515437
0.124188158,0.232267747,0.00499999989,315.515437
0.156747932,0.276720208,0.00499999989,317.798707
0.160809342,0.280156261,0.00499999989,317.984855
0.161172805,0.280284152,0.00499999989,317.984855
0.154170864,0.274040731,0.00499999989,317.71248
0.159248831,0.27885865,0.00499999989,317.910609
0.13632916,0.220670429,0.00499999989,314.671427
0.133425826,0.222137892,0.00499999989,314.722994
0.122119394,0.234142894,0.00499999989,315.614539
0.123245183,0.240567598,0.00499999989,316.102108
0.131883349,0.223022658,0.00499999989,314.773577
0.138413916,0.258272407,0.00499999989,316.918768
0.140843272,0.218633938,0.00499999989,314.593307
0.131549458,0.223729862,0.00499999989,314.789238
0.133148794,0.222454767,0.00499999989,314.729483
0.121643972,0.233369285,0.00499999989,315.471847
0.145458439,0.264802302,0.00499999989,317.267271
0.165986743,0.283651769,0.00499999989,318.172442
0.13203627,0.221864181,0.00499999989,314.680609
0.133012694,0.254215327,0.00499999989,316.776908
0.133589101,0.255159129,0.00499999989,316.824102
0.144710492,0.264910391,0.00499999989,317.348374
0.135063106,0.256329904,0.00499999989,316.886585
0.135639314,0.257496507,0.00499999989,316.962628
0.132200573,0.221338648,0.00499999989,314.65322
0.124056476,0.24375219,0.00499999989,316.220506
0.130439234,0.2516778,0.00499999989,316.622552
0.127629109,0.248453101,0.00499999989,316.43977
0.127305087,0.22512309,0.00499999989,314.763674
0.12332475,0.230074207,0.00499999989,315.082617
0.119348226,0.234502514,0.00499999989,315.47732
0.141618338,0.264361368,0.00499999989,317.449156
0.145252543,0.265950069,0.00499999989,317.459723
0.140424721,0.263616783,0.00499999989,317.476253
0.132883527,0.219969464,0.00499999989,314.600064
0.131688442,0.255263616,0.00499999989,316.921908
0.121810311,0.229985736,0.00499999989,314.983869
0.143180778,0.265801503,0.00499999989,317.553468
0.150452261,0.269635197,0.00499999989,317.549573
0.157689096,0.280703887,0.00499999989,317.981575
0.128355954,0.223748183,0.00499999989,314.706159
0.148968209,0.268422379,0.00499999989,317.520269
0.137906879,0.261738444,0.00499999989,317.420304
0.136843291,0.216599662,0.00499999989,314.479027
0.12288014,0.243826623,0.00499999989,316.18427
0.12455639,0.246491422,0.00499999989,316.326332
0.125000554,0.226100887,0.00499999989,314.719919
0.120821008,0.23093508,0.00499999989,315.023819
0.118846679,0.233212237,0.00499999989,315.237464
0.119768984,0.231463196,0.00499999989,315.019213
0.143156327,0.266502811,0.00499999989,317.628866
0.166578438,0.28549365,0.00499999989,318.285793
0.136507699,0.261868725,0.00499999989,317.495254
0.139583134,0.215970727,0.00499999989,314.424894
0.130224089,0.220870243,0.00499999989,314.602895
0.131585051,0.25621497,0.00499999989,317.083626
0.119633739,0.240792003,0.00499999989,315.998025
0.142918785,0.268011807,0.00499999989,317.73459
0.150161545,0.274467803,0.00499999989,317.70101
0.125184845,0.224673972,0.00499999989,314.636785
0.118574354,0.240643079,0.00499999989,315.972887
0.119253887,0.230389916,0.00499999989,314.889778
0.156513998,0.281686771,0.00499999989,318.073899
0.135674432,0.215712369,0.00499999989,314.494793
0.124608947,0.249494748,0.00499999989,316.552855
0.131556859,0.25815165,0.00499999989,317.344015
0.12536909,0.223324451,0.00499999989,314.586527
0.116936506,0.239285477,0.00499999989,315.881236
0.147002933,0.269732968,0.00499999989,317.666611
0.163090964,0.287008047,0.00499999989,318.540218
0.165154472,0.287344002,0.00499999989,318.50256
0.128211954,0.255785817,0.00499999989,317.220143
0.121406119,0.226030205,0.00499999989,314.546441
0.140981574,0.270827623,0.00499999989,317.945823
0.146022117,0.270769196,0.00499999989,317.735693
0.160429,0.286252877,0.00499999989,318.575589
0.150530936,0.278462692,0.00499999989,317.810038
0.149272961,0.276824617,0.00499999989,317.753545
0.128585527,0.219239641,0.00499999989,314.601246
0.134347791,0.215497091,0.00499999989,314.530213
0.134272131,0.214935184,0.00499999989,314.534959
0.135738722,0.213845895,0.00499999989,314.500198
0.117189301,0.241331584,0.00499999989,315.985556
0.115855951,0.238968836,0.00499999989,315.868835
0.115296397,0.232858933,0.00499999989,315.119559
0.114871175,0.237226097,0.00499999989,315.767949
0.138914191,0.270038032,0.00499999989,318.021845
0.149517014,0.278824986,0.00499999989,317.828109
0.139564861,0.271340656,0.00499999989,318.034588
0.12862281,0.257461148,0.00499999989,317.455946
0.128756211,0.257785881,0.00499999989,317.455946
0.114719449,0.232561941,0.00499999989,315.074662
0.147579694,0.275297364,0.00499999989,317.745766
0.159031796,0.28676229,0.00499999989,318.718437
0.150667164,0.280877881,0.00499999989,317.99794
0.138830831,0.271903122,0.00499999989,318.077165
0.138598367,0.272116805,0.00499999989,318.077165
0.141410686,0.272726037,0.00499999989,317.970353
0.128734463,0.217219289,0.00499999989,314.657166
0.129582643,0.21635328,0.00499999989,314.664333
0.120279079,0.246638097,0.00499999989,316.320953
0.119605265,0.246539145,0.00499999989,316.289368
0.114450345,0.233103905,0.00499999989,315.176896
0.154290995,0.283487262,0.00499999989,318.373545
0.163671348,0.289374108,0.00499999989,318.877145
0.128933483,0.262000395,0.00499999989,317.834743
0.131292947,0.215417911,0.00499999989,314.651568
0.128323496,0.259903823,0.00499999989,317.688356
0.126397435,0.25693677,0.00499999989,317.468293
0.125538856,0.254968508,0.00499999989,317.281427
0.117059299,0.227979366,0.00499999989,314.548636
0.116540571,0.228274334,0.00499999989,314.564758
0.167459759,0.290462164,0.00499999989,318.771804
0.13905892,0.273881468,0.00499999989,318.095588
0.156977247,0.287045922,0.00499999989,318.897656
0.14803001,0.280560628,0.00499999989,317.989148
0.143371936,0.273843439,0.00499999989,317.872363
0.138531725,0.274514074,0.00499999989,318.101795
0.127952199,0.21595208,0.00499999989,314.756882
0.119654312,0.248701875,0.00499999989,316.540939
0.116267073,0.244185003,0.00499999989,316.122481
0.112249041,0.238136043,0.00499999989,315.893847
0.14578089,0.277385517,0.00499999989,317.81667
0.165505423,0.291223047,0.00499999989,319.076431
0.149569876,0.282513291,0.00499999989,318.259863
0.126037505,0.217289048,0.00499999989,314.758976
0.143627132,0.27474208,0.00499999989,317.86058
0.143477109,0.274842276,0.00499999989,317.86058
0.127910976,0.215535506,0.00499999989,314.77435
0.122757193,0.22001662,0.00499999989,314.705526
0.11600185,0.245100643,0.00499999989,316.174898
0.117047979,0.24724938,0.00499999989,316.344244
0.113993519,0.24345916,0.00499999989,316.095126
0.145318772,0.278225187,0.00499999989,317.845455
0.150753664,0.283769499,0.00499999989,318.477657
0.126967499,0.215299315,0.00499999989,314.825431
0.127102306,0.214916846,0.00499999989,314.825431
0.12663958,0.270751305,0.00499999989,318.395558
0.135894926,0.276103761,0.00499999989,318.202968
0.119764993,0.250667645,0.00499999989,316.844477
0.12217011,0.256846292,0.00499999989,317.596727
0.121134063,0.220286457,0.00499999989,314.737805
0.119555638,0.221396913,0.00499999989,314.664347
0.111155453,0.231907187,0.00499999989,315.050103
0.115604117,0.225687371,0.00499999989,314.445678
0.151753538,0.284543632,0.00499999989,318.643959
0.140326821,0.276582451,0.00499999989,317.975839
0.110131626,0.235897436,0.00499999989,315.739886
0.110396178,0.238922164,0.00499999989,316.00282
0.112802716,0.228291255,0.00499999989,314.572765
0.123851649,0.270694091,0.00499999989,318.444971
0.123430335,0.270738862,0.00499999989,318.444971
0.126554106,0.274637255,0.00499999989,318.480746
0.114865185,0.246835639,0.00499999989,316.29926
0.15106104,0.286442289,0.00499999989,318.932499
0.147737166,0.283553577,0.00499999989,318.410388
0.125629366,0.213691228,0.00499999989,314.904919
0.133791134,0.2776651,0.00499999989,318.253572
0.118525438,0.251491423,0.00499999989,317.020852
0.110990103,0.229429232,0.00499999989,314.694536
0.109250169,0.235015093,0.00499999989,315.667419
0.143166183,0.277662609,0.00499999989,317.883473
0.148213833,0.28424899,0.00499999989,318.551242
0.136458175,0.277952945,0.00499999989,318.118442
0.135719975,0.278560769,0.00499999989,318.140203
0.140841377,0.278380279,0.00499999989,317.95437
0.127984616,0.210441551,0.00499999989,314.863785
0.117952579,0.260959487,0.00499999989,318.01805
0.113434237,0.246860767,0.00499999989,316.295097
0.112308018,0.226101058,0.00499999989,314.441527
0.158209725,0.295309794,0.00499999989,319.716984
0.159249246,0.296264279,0.00499999989,319.720569
0.144909673,0.283420133,0.00499999989,318.233451
0.14506186,0.283915451,0.00499999989,318.308516
0.1187569,0.270140733,0.00499999989,318.461037
0.117705604,0.266197667,0.00499999989,318.307716
0.109274679,0.230378579,0.00499999989,314.874117
0.107830453,0.234033867,0.00499999989,315.64154
0.111026201,0.226574814,0.00499999989,314.457868
0.114474306,0.222882995,0.00499999989,314.60246
0.148149767,0.29026864,0.00499999989,319.294985
0.142348055,0.281284796,0.00499999989,318.001679
0.142522778,0.281277894,0.00499999989,318.001679
0.122097904,0.213248802,0.00499999989,314.959426
0.120695714,0.276444783,0.00499999989,318.56191
0.138550835,0.279109083,0.00499999989,318.012371
0.115707351,0.250933475,0.00499999989,316.954924
0.116592461,0.25296267,0.00499999989,317.288503
0.115391907,0.255284594,0.00499999989,317.51777
0.104585577,0.238012884,0.00499999989,316.138322
0.107786005,0.24114225,0.00499999989,316.192957
0.114862895,0.2501859,0.00499999989,316.760287
0.14778345,0.293532576,0.00499999989,319.546534
0.142834455,0.282415838,0.00499999989,318.093465
0.133226172,0.280511608,0.00499999989,318.159454
0.103697542,0.239972614,0.00499999989,316.296051
0.112531336,0.223471466,0.00499999989,314.528819
0.157037486,0.30151879,0.00499999989,320.049341
0.165425577,0.299042098,0.00499999989,319.828625
0.123172981,0.281378284,0.00499999989,318.47421
0.116287549,0.215080194,0.00499999989,314.957649
0.114742892,0.251559296,0.00499999989,317.020613
0.112232267,0.260411478,0.00499999989,317.931742
0.112403679,0.24875477,0.00499999989,316.492889
0.111699711,0.248702524,0.00499999989,316.464049
0.112784254,0.249888928,0.00499999989,316.683218
0.106649773,0.231631615,0.00499999989,315.252799
0.111632109,0.223173579,0.00499999989,314.510295
0.146361189,0.297776685,0.00499999989,319.821411
0.143406814,0.285085166,0.00499999989,318.45269
0.136026509,0.281250451,0.00499999989,318.070488
0.130470873,0.281614083,0.00499999989,318.219313
0.104596441,0.234147454,0.00499999989,315.846232
0.103675535,0.241782506,0.00499999989,316.353932
0.111179301,0.24776618,0.00499999989,316.383076
0.111019068,0.247702118,0.00499999989,316.383076
0.109899445,0.224468697,0.00499999989,314.429417
0.106295721,0.229989826,0.00499999989,314.961109
0.166931099,0.300855048,0.00499999989,319.91061
0.131903841,0.281570045,0.00499999989,318.167549
0.112216745,0.270793604,0.00499999989,318.442824
0.108663687,0.245706178,0.00499999989,316.261863
0.107738596,0.228372999,0.00499999989,314.68079
0.105496964,0.231659549,0.00499999989,315.337647
0.147369661,0.301020001,0.00499999989,320.023962
0.14182326,0.285570642,0.00499999989,318.410196
0.110645214,0.249060403,0.00499999989,316.501546
0.112160744,0.253510509,0.00499999989,317.265081
0.107924286,0.259964616,0.00499999989,317.852458
0.099846472,0.242310866,0.00499999989,316.494206
0.107763355,0.225287973,0.00499999989,314.440633
0.105467184,0.229985847,0.00499999989,315.078017
0.141268727,0.285751029,0.00499999989,318.386411
0.11005199,0.275554709,0.00499999989,318.482741
0.124135798,0.283559539,0.00499999989,318.352812
0.102804341,0.23195767,0.00499999989,315.636271
0.139674494,0.284435053,0.00499999989,318.19365
0.126627386,0.284159585,0.00499999989,318.238303
0.117685191,0.284929917,0.00499999989,318.402113
0.115131853,0.284544625,0.00499999989,318.42671
0.110297394,0.254389642,0.00499999989,317.301136
0.106706129,0.24674391,0.00499999989,316.34895
0.162572221,0.306890048,0.00499999989,320.183286
0.148638883,0.306829087,0.00499999989,320.200149
0.155949537,0.309011582,0.00499999989,320.25944
0.105251003,0.26769963,0.00499999989,318.23763
0.106932566,0.247500279,0.00499999989,316.373044
0.104694295,0.227566071,0.00499999989,314.735152
0.10885053,0.220427025,0.00499999989,314.599792
0.138745887,0.289655098,0.00499999989,318.811006
0.136928741,0.291828285,0.00499999989,319.041201
0.123840523,0.285521873,0.00499999989,318.243851
0.104312511,0.266324727,0.00499999989,318.114729
0.11031281,0.252523642,0.00499999989,316.991398
0.109265068,0.252067123,0.00499999989,316.868587
0.109843044,0.253335205,0.00499999989,317.080659
0.103385296,0.229260536,0.00499999989,315.09029
0.166969983,0.309661981,0.00499999989,320.147559
0.136343891,0.291664301,0.00499999989,318.987037
0.130647081,0.286170518,0.00499999989,318.157355
0.0995943483,0.246362775,0.00499999989,316.552676
0.138670329,0.287163654,0.00499999989,318.466758
0.110062291,0.284451327,0.00499999989,318.302535
0.103102228,0.27547638,0.00499999989,318.299291
0.10382605,0.278299691,0.00499999989,318.287719
0.119018865,0.287631753,0.00499999989,318.194802
0.116253014,0.28749345,0.00499999989,318.239937
0.101418475,0.265480935,0.00499999989,317.984404
0.106336435,0.255287843,0.00499999989,317.211876
0.106554949,0.25545001,0.00499999989,317.211876
0.102234205,0.229421276,0.00499999989,315.209064
0.101711322,0.246902285,0.00499999989,316.46981
0.10692052,0.249908624,0.00499999989,316.525143
0.137289323,0.286420678,0.00499999989,318.287321
0.122442271,0.287416187,0.00499999989,318.152131
0.107758406,0.252376262,0.00499999989,316.823412
0.100938751,0.229291024,0.00499999989,315.318263
0.126326597,0.287254163,0.00499999989,318.131113
0.124097149,0.287533082,0.00499999989,318.122466
0.0995482946,0.248035835,0.00499999989,316.52577
0.10272891,0.248023592,0.00499999989,316.448421
0.10294826,0.224384141,0.00499999989,314.517786
0.10190944,0.226252006,0.00499999989,314.752023
0.135383748,0.307566712,0.00499999989,319.926499
0.136193157,0.287487108,0.00499999989,318.355576
0.135216429,0.288044679,0.00499999989,318.359656
0.132092822,0.287163333,0.00499999989,318.226424
0.128642007,0.288447496,0.00499999989,318.189281
0.0976822933,0.274244971,0.00499999989,318.099528
0.087221852,0.244594443,0.00499999989,316.82697
0.0980594061,0.228554394,0.00499999989,315.409589
0.0988715297,0.228397092,0.00499999989,315.299975
0.100673318,0.227982904,0.00499999989,315.074826
0.0988016145,0.248795846,0.00499999989,316.542252
0.12985384,0.303079724,0.00499999989,319.641147
0.134236994,0.289786776,0.00499999989,318.547492
0.112446721,0.288952748,0.00499999989,318.081958
0.120854294,0.28950249,0.00499999989,318.062575
0.125344386,0.289106241,0.00499999989,318.116709
0.0978384346,0.262250076,0.00499999989,317.606748
0.104609705,0.253774232,0.00499999989,316.878651
0.0955567004,0.248180447,0.00499999989,316.659967
0.10902464,0.287265168,0.00499999989,318.05787
0.104164463,0.283628688,0.00499999989,318.06697
0.12291772,0.289539264,0.00499999989,318.073103
0.122166721,0.289960784,0.00499999989,318.057798
0.098001772,0.261662433,0.00499999989,317.538794
0.091369705,0.249009534,0.00499999989,316.791964
0.0831431321,0.240913946,0.00499999989,316.728295
0.100366853,0.249693254,0.00499999989,316.518057
0.108686267,0.287732345,0.00499999989,318.016467
0.109615116,0.288538246,0.00499999989,318.023753
0.10978938,0.288490616,0.00499999989,318.023753
0.109824013,0.28920057,0.00499999989,317.999361
0.103216889,0.283811259,0.00499999989,318.003282
0.10269082,0.283472028,0.00499999989,318.001798
0.105456498,0.286621119,0.00499999989,317.955889
0.0968870826,0.278130126,0.00499999989,318.006131
0.120325963,0.290225505,0.00499999989,318.035647
0.095059167,0.276746709,0.00499999989,317.959208
0.102514352,0.250531726,0.00499999989,316.548635
0.104352269,0.285815963,0.00499999989,317.938708
0.131425785,0.290040262,0.00499999989,318.422504
0.116690335,0.291714069,0.00499999989,318.004111
0.100755857,0.250552109,0.00499999989,316.542084
0.094981468,0.25074469,0.00499999989,316.605362
0.113063135,0.291863628,0.00499999989,318.002107
0.129978728,0.291027837,0.00499999989,318.421852
0.101132422,0.254329789,0.00499999989,316.797931
0.101107802,0.251402987,0.00499999989,316.580109
0.0902979837,0.251133892,0.00499999989,316.758415
0.0940791706,0.251379128,0.00499999989,316.613309
0.123683555,0.3008518,0.00499999989,319.255871
0.108310768,0.289771162,0.00499999989,317.949894
0.112455772,0.291901329,0.00499999989,318.005832
0.102964766,0.28648186,0.00499999989,317.8758
0.0998489961,0.283081825,0.00499999989,317.890248
0.124399154,0.292554492,0.00499999989,318.235898
0.0967838838,0.259762522,0.00499999989,317.192899
0.0948419306,0.252117652,0.00499999989,316.590071
0.0884342341,0.251462644,0.00499999989,316.802378
0.0995395486,0.25174001,0.00499999989,316.596199
0.123156964,0.298980784,0.00499999989,319.034572
0.113047123,0.29267608,0.00499999989,318.026148
0.114849462,0.293348217,0.00499999989,318.049391
0.100720341,0.284886477,0.00499999989,317.850802
0.0947748646,0.262465503,0.00499999989,317.349208
0.0909995203,0.274707985,0.00499999989,317.784309
0.0921033744,0.25171219,0.00499999989,316.659848
0.0974573524,0.252317927,0.00499999989,316.587449
0.122650039,0.299424347,0.00499999989,319.031
0.125630103,0.294918567,0.00499999989,318.621841
0.0876163158,0.272028695,0.00499999989,317.673873
0.100839509,0.285441682,0.00499999989,317.844375
0.100740959,0.286030904,0.00499999989,317.843064
0.116750203,0.29441803,0.00499999989,318.122446
0.115815315,0.293824489,0.00499999989,318.079939
0.0935896587,0.26209729,0.00499999989,317.25281
0.0939303458,0.261995534,0.00499999989,317.25281
0.09165656,0.277325495,0.00499999989,317.723994
0.0795599674,0.251159413,0.00499999989,316.923811
0.0878145186,0.252493015,0.00499999989,316.766674
0.0881292356,0.252399349,0.00499999989,316.766674
0.120993734,0.306592478,0.00499999989,319.501169
0.124704813,0.295222041,0.00499999989,318.567379
0.105975387,0.290422689,0.00499999989,317.939017
0.0983721737,0.284546329,0.00499999989,317.809625
0.121814793,0.294057684,0.00499999989,318.230722
0.124865756,0.29372484,0.00499999989,318.397548
0.0925523591,0.278741163,0.00499999989,317.725545
0.09865736,0.254653619,0.00499999989,316.738048
0.0966285596,0.257434705,0.00499999989,316.878815
0.0892987398,0.252929998,0.00499999989,316.694176
0.0820710088,0.253109982,0.00499999989,316.877126
0.0757123091,0.247568924,0.00499999989,316.905529
0.105925859,0.290567041,0.00499999989,317.958519
0.115448263,0.294789062,0.00499999989,318.156726
0.09286414,0.279617303,0.00499999989,317.707421
0.117854518,0.29521172,0.00499999989,318.236748
0.0939018866,0.259079721,0.00499999989,316.911654
0.0788337253,0.252666677,0.00499999989,316.897995
0.118303227,0.302482182,0.00499999989,319.22405
0.12127738,0.297621531,0.00499999989,318.715413
0.109558062,0.294368808,0.00499999989,318.149187
0.102421493,0.288954443,0.00499999989,317.91945
0.0938287745,0.280924346,0.00499999989,317.725158
0.0921821703,0.26132757,0.00499999989,317.016795
0.0877071303,0.274685587,0.00499999989,317.600834
0.0918784997,0.279809851,0.00499999989,317.673271
0.0850521137,0.271696662,0.00499999989,317.549348
0.0851733962,0.271541113,0.00499999989,317.549348
0.0872928319,0.266582858,0.00499999989,317.368195
0.115366094,0.296211654,0.00499999989,318.285831
0.0990249358,0.287830193,0.00499999989,317.935957
0.0909622581,0.279172448,0.00499999989,317.637604
0.0941895671,0.257589369,0.00499999989,316.780768
0.119823231,0.298997754,0.00499999989,318.828256
0.112848885,0.296590806,0.00499999989,318.320951
0.116852974,0.296858851,0.00499999989,318.414502
0.0909923218,0.261816563,0.00499999989,317.013584
0.0869594074,0.275188789,0.00499999989,317.546521
0.0893619754,0.278399304,0.00499999989,317.582867
0.0928546164,0.258380802,0.00499999989,316.783193
0.0748667154,0.25136456,0.00499999989,316.863235
0.0965484534,0.286137836,0.00499999989,317.897801
0.0908739443,0.260246992,0.00499999989,316.826485
0.092449498,0.257562176,0.00499999989,316.683461
0.0788221322,0.254752801,0.00499999989,316.787067
0.0718376091,0.249365756,0.00499999989,316.839722
0.0723561857,0.250630829,0.00499999989,316.827542
0.118363515,0.299033661,0.00499999989,318.719242
0.111919972,0.308263185,0.00499999989,319.468488
0.112276226,0.297154897,0.00499999989,318.443943
0.0978574252,0.288601698,0.00499999989,318.043908
0.0878540544,0.263158895,0.00499999989,316.950531
0.0880513295,0.256034022,0.00499999989,316.612748
0.0658869851,0.240374497,0.00499999989,316.460428
0.0815481184,0.256447864,0.00499999989,316.714257
0.0827856338,0.256579581,0.00499999989,316.689793
0.080180479,0.256730492,0.00499999989,316.699221
0.074780718,0.25281361,0.00499999989,316.799713
0.116592531,0.300215718,0.00499999989,318.847361
0.115768895,0.301156821,0.00499999989,319.011065
0.0839069697,0.268300312,0.00499999989,317.344851
0.0840718531,0.268318402,0.00499999989,317.344851
0.112321034,0.297667237,0.00499999989,318.505143
0.113715691,0.298575811,0.00499999989,318.578441
0.0876240762,0.262426878,0.00499999989,316.895476
0.0859260758,0.277697441,0.00499999989,317.484701
0.0840953134,0.257276656,0.00499999989,316.637616
0.0774450052,0.255884606,0.00499999989,316.698515
0.0772863794,0.255879654,0.00499999989,316.698515
0.11663043,0.299610078,0.00499999989,318.790704
0.105411227,0.294965239,0.00499999989,318.380466
0.0823425119,0.271376462,0.00499999989,317.437103
0.0906987031,0.28260681,0.00499999989,317.714852
0.0900627141,0.257819979,0.00499999989,316.6534
0.0769181754,0.256467908,0.00499999989,316.673339
0.107849259,0.30479067,0.00499999989,319.390116
0.100947733,0.29299785,0.00499999989,318.403161
0.107659401,0.29711233,0.00499999989,318.584819
0.109974109,0.29784663,0.00499999989,318.601362
0.0872982464,0.261403228,0.00499999989,316.792258
0.0853620477,0.278322468,0.00499999989,317.467435
0.0810040193,0.258843001,0.00499999989,316.624366
0.112639336,0.300850167,0.00499999989,318.971757
0.100373197,0.293702103,0.00499999989,318.530045
0.092737332,0.286634456,0.00499999989,318.002215
0.0928423769,0.286799225,0.00499999989,318.002215
0.0815403369,0.273058345,0.00499999989,317.397426
0.0845400622,0.277845522,0.00499999989,317.443075
0.0827557458,0.276475506,0.00499999989,317.393533
0.0878775122,0.259591856,0.00499999989,316.677895
0.0656930063,0.24659723,0.00499999989,316.650054
0.0655534163,0.246464782,0.00499999989,316.650054
0.103938237,0.296226542,0.00499999989,318.697589
0.0814675788,0.267850175,0.00499999989,317.221756
0.0871013886,0.259756804,0.00499999989,316.662624
0.0903702048,0.285057824,0.00499999989,317.908851
0.0659483799,0.247385321,0.00499999989,316.661571
0.0613000756,0.241149536,0.00499999989,316.312986
0.105676308,0.297890135,0.00499999989,318.843822
0.0809065636,0.273129501,0.00499999989,317.375927
0.0833171786,0.277600709,0.00499999989,317.409944
0.0851678457,0.26093759,0.00499999989,316.708331
0.0714266296,0.254094319,0.00499999989,316.685446
0.107547561,0.300450627,0.00499999989,319.111298
0.103560702,0.297223674,0.00499999989,318.847129
0.105284007,0.298465669,0.00499999989,318.936829
0.0797905414,0.271662777,0.00499999989,317.373625
0.080231441,0.27560112,0.00499999989,317.351761
0.0847703741,0.261061915,0.00499999989,316.693775
0.0946776622,0.290101091,0.00499999989,318.367923
0.0943936177,0.290088071,0.00499999989,318.367923
0.0679451309,0.251484688,0.00499999989,316.670929
0.0820976493,0.260992614,0.00499999989,316.670675
0.0719799003,0.254834217,0.00499999989,316.679683
0.073037052,0.257430532,0.00499999989,316.671569
0.103717363,0.298195504,0.00499999989,318.98717
0.0793519543,0.272796868,0.00499999989,317.361698
0.0808057482,0.278392844,0.00499999989,317.390569
0.0882546468,0.28505327,0.00499999989,317.931555
0.0854206793,0.282280252,0.00499999989,317.66098
0.078506508,0.260481022,0.00499999989,316.665603
0.075781203,0.259897546,0.00499999989,316.679843
0.102429812,0.297659492,0.00499999989,318.983279
0.0783315809,0.272318205,0.00499999989,317.365392
0.0800221827,0.277072268,0.00499999989,317.356923
0.0959693021,0.29319561,0.00499999989,318.739571
0.0851051474,0.283214782,0.00499999989,317.77703
0.0803091247,0.26171598,0.00499999989,316.724423
0.0990244869,0.3044107,0.00499999989,319.527357
0.0988121506,0.305507822,0.00499999989,319.572276
0.0788506368,0.274523667,0.00499999989,317.341598
0.0785043097,0.273659782,0.00499999989,317.347786
0.0782296763,0.266080662,0.00499999989,317.108049
0.079917987,0.263923802,0.00499999989,316.881645
0.08496544,0.283717771,0.00499999989,317.847896
0.0851003905,0.283839353,0.00499999989,317.847896
0.0566747296,0.241105248,0.00499999989,316.137721
0.0588195592,0.243535871,0.00499999989,316.320667
0.0706107805,0.256938374,0.00499999989,316.70565
0.0700012112,0.256349316,0.00499999989,316.701115
0.0990073932,0.302234395,0.00499999989,319.434554
0.0581660077,0.243483416,0.00499999989,316.297363
0.0614162216,0.247817362,0.00499999989,316.497148
0.0611057419,0.24787271,0.00499999989,316.497148
0.0737508387,0.260884844,0.00499999989,316.791563
0.0715453992,0.25861511,0.00499999989,316.754198
0.0722479578,0.258898044,0.00499999989,316.744526
0.0776523244,0.274992765,0.00499999989,317.337833
0.0851134914,0.285165215,0.00499999989,318.051842
0.0563361636,0.242295962,0.00499999989,316.155302
0.0652228109,0.252649497,0.00499999989,316.643683
0.0697172866,0.257547137,0.00499999989,316.744613
0.0691338614,0.256961637,0.00499999989,316.753081
0.0886812111,0.290354191,0.00499999989,318.697706
0.0582185946,0.246040131,0.00499999989,316.374805
0.07640616,0.263016541,0.00499999989,316.879805
0.0756719692,0.267999545,0.00499999989,317.36895
0.0847300117,0.28647879,0.00499999989,318.301695
0.0753374881,0.26711353,0.00499999989,317.304614
0.0752227415,0.266329806,0.00499999989,317.252555
0.0751688736,0.266499402,0.00499999989,317.252555
0.0769346998,0.279119483,0.00499999989,317.389719
0.0648136793,0.255023838,0.00499999989,316.737884
0.0696468522,0.259807379,0.00499999989,316.892715
0.074398356,0.267694593,0.00499999989,317.402203
0.0747448534,0.272867601,0.00499999989,317.422943
0.0769700793,0.2796977,0.00499999989,317.412663
0.0826417868,0.285546468,0.00499999989,318.230716
0.0488433339,0.236787414,0.00499999989,315.334474
0.0683723894,0.259074196,0.00499999989,316.910389
0.0890179181,0.306944293,0.00499999989,319.687985
0.0798833474,0.283533342,0.00499999989,317.943251
0.0744732844,0.265975243,0.00499999989,317.274738
0.078374893,0.282798843,0.00499999989,317.782621
0.0759068965,0.280845597,0.00499999989,317.47908
0.0840925954,0.287727004,0.00499999989,318.508505
0.0516452481,0.241569053,0.00499999989,315.935176
0.0645665854,0.255782179,0.00499999989,316.798905
0.0688492588,0.259924895,0.00499999989,316.967229
0.0665907885,0.258399286,0.00499999989,316.918244
0.0736213581,0.270959319,0.00499999989,317.50756
0.0739887344,0.275742219,0.00499999989,317.365995
0.085912239,0.294956709,0.00499999989,319.135311
0.0602140836,0.252042119,0.00499999989,316.64633
0.0584500226,0.250277554,0.00499999989,316.552426
0.070256089,0.262215622,0.00499999989,317.109023
0.0731031427,0.275564405,0.00499999989,317.395584
0.0832508809,0.292747383,0.00499999989,318.973823
0.0838775773,0.292398252,0.00499999989,318.973823
0.0852827046,0.295310429,0.00499999989,319.213294
0.0509562141,0.242269404,0.00499999989,315.95496
0.0623146372,0.254983889,0.00499999989,316.790155
0.0743825673,0.280185473,0.00499999989,317.421761
0.0551203322,0.24817979,0.00499999989,316.412587
0.0635311964,0.257031693,0.00499999989,316.93077
0.0693915543,0.26274117,0.00499999989,317.224584
0.0708170824,0.264857279,0.00499999989,317.359497
0.071984525,0.265805776,0.00499999989,317.36428
0.0660723286,0.260450657,0.00499999989,317.176799
0.0835342457,0.30206831,0.00499999989,319.558845
0.0565503113,0.250450711,0.00499999989,316.574571
0.0458975843,0.236320965,0.00499999989,315.142647
0.0829011454,0.3024359,0.00499999989,319.550034
0.0713198951,0.271883892,0.00499999989,317.59702
0.0710404785,0.272134722,0.00499999989,317.59702
0.0703847304,0.271119012,0.00499999989,317.628793
0.0712305637,0.275247636,0.00499999989,317.460003
0.0486495514,0.242976234,0.00499999989,315.970174
0.0553558608,0.250375124,0.00499999989,316.58428
0.0558171652,0.251202049,0.00499999989,316.64919
0.0611724891,0.257124707,0.00499999989,317.05413
0.0645307388,0.260388197,0.00499999989,317.242916
0.0706096128,0.275071783,0.00499999989,317.493472
0.0764499123,0.285955005,0.00499999989,318.186383
0.0578680139,0.25333301,0.00499999989,316.795493
0.0708444367,0.277039473,0.00499999989,317.419264
0.0504591773,0.246082064,0.00499999989,316.238412
0.0459075152,0.240416756,0.00499999989,315.668693
0.0627301736,0.259575209,0.00499999989,317.302854
0.0590715083,0.256248717,0.00499999989,317.070233
0.0761653615,0.306830424,0.00499999989,319.575244
0.0718111982,0.283566536,0.00499999989,317.602435
0.0488492348,0.246260049,0.00499999989,316.265337
0.0618082793,0.270247987,0.00499999989,317.894571
0.0702955522,0.281982279,0.00499999989,317.44479
0.0482283522,0.246400794,0.00499999989,316.275997
0.0427834547,0.237341316,0.00499999989,315.326188
0.0535713768,0.252249496,0.00499999989,316.841745
0.0679894363,0.274631783,0.00499999989,317.646939
0.0615722765,0.270629186,0.00499999989,317.928263
0.0722270289,0.285247129,0.00499999989,317.871019
0.0522295047,0.251983095,0.00499999989,316.877121
0.0447826876,0.243343664,0.00499999989,315.946556
0.0442846551,0.242744568,0.00499999989,315.917197
0.0584074135,0.270378632,0.00499999989,317.996732
0.0701210575,0.295564017,0.00499999989,318.883992
0.049383239,0.248790457,0.00499999989,316.510953
0.0558097978,0.256472639,0.00499999989,317.315786
0.0637542125,0.274445861,0.00499999989,317.85226
0.0619825439,0.27460929,0.00499999989,317.911912
0.0677064877,0.279502602,0.00499999989,317.423905
0.0692293421,0.283974874,0.00499999989,317.531689
0.0692929678,0.28411225,0.00499999989,317.531689
0.0684428551,0.295919721,0.00499999989,318.836983
0.0671674858,0.295895241,0.00499999989,318.796027
0.0415184256,0.237815677,0.00499999989,315.43541
0.0421621093,0.239128464,0.00499999989,315.569679
0.057798893,0.262686306,0.00499999989,317.741992
0.0587030888,0.275178878,0.00499999989,317.999134
0.0573301654,0.273160181,0.00499999989,318.054861
0.066670507,0.295295158,0.00499999989,318.688775
0.041909889,0.240748211,0.00499999989,315.766368
0.0454633305,0.2468473,0.00499999989,316.301427
0.0681592938,0.283552527,0.00499999989,317.46767
0.0468543881,0.248809626,0.00499999989,316.6063
0.0558038611,0.25963771,0.00499999989,317.620084
0.0656014152,0.29366499,0.00499999989,318.475842
0.0654707535,0.300406266,0.00499999989,318.978364
0.040144321,0.239413229,0.00499999989,315.668844
0.0406631489,0.241877139,0.00499999989,315.862259
0.0670223282,0.283082056,0.00499999989,317.430982
0.0675251532,0.285183235,0.00499999989,317.557286
0.0647048892,0.306990959,0.00499999989,319.233156
0.0649306448,0.277904896,0.00499999989,317.605608
0.0603399435,0.278473547,0.00499999989,317.812559
0.0610049282,0.297874523,0.00499999989,318.635226
0.048769512,0.255281089,0.00499999989,317.435217
0.064101488,0.309040297,0.00499999989,319.215121
0.0633805002,0.279007341,0.00499999989,317.606822
0.059185732,0.279089446,0.00499999989,317.827658
0.0484842135,0.27023179,0.00499999989,318.176187
0.0477428297,0.267494551,0.00499999989,318.134794
0.0649570186,0.28167413,0.00499999989,317.419507
0.0644053601,0.290075629,0.00499999989,317.976047
0.0393868287,0.242406097,0.00499999989,315.94716
0.0626796811,0.309151086,0.00499999989,319.168398
0.0637004269,0.280869116,0.00499999989,317.468577
0.0653698561,0.285433441,0.00499999989,317.498954
0.0642912475,0.289439591,0.00499999989,317.894936
0.0656609039,0.287129584,0.00499999989,317.682945
0.0423819786,0.249244364,0.00499999989,316.646919
0.0401910508,0.24563356,0.00499999989,316.193818
0.0504388021,0.277916203,0.00499999989,318.141291
0.0618420173,0.279981942,0.00499999989,317.596303
0.036212039,0.239404082,0.00499999989,315.877944
0.0622341213,0.291561424,0.00499999989,317.971989
0.0574162244,0.297711789,0.00499999989,318.411788
0.057466844,0.298310075,0.00499999989,318.411788
0.0637691299,0.288228209,0.00499999989,317.639056
0.0377822484,0.243367352,0.00499999989,316.104007
0.0440099941,0.260410086,0.00499999989,317.852124
0.0433279404,0.255792066,0.00499999989,317.504152
0.0366297906,0.242803035,0.00499999989,316.103693
0.0363101257,0.242688957,0.00499999989,316.103693
0.042148385,0.260788649,0.00499999989,317.858621
0.0540351836,0.28204055,0.00499999989,317.850087
0.0560038321,0.295886131,0.00499999989,318.07682
0.0623094867,0.288205206,0.00499999989,317.562114
0.0334677527,0.239501516,0.00499999989,316.077486
0.055047696,0.282132389,0.00499999989,317.766166
0.0512773924,0.282810544,0.00499999989,317.906073
0.0401902706,0.25049149,0.00499999989,316.826653
0.0370091249,0.246176483,0.00499999989,316.302142
0.0593534384,0.282785925,0.00499999989,317.523874
0.0504582978,0.283214863,0.00499999989,317.902448
0.0445558974,0.283185122,0.00499999989,318.024025
0.0399747681,0.268078341,0.00499999989,318.092003
0.0569332585,0.29351461,0.00499999989,317.832058
0.0331110198,0.241317266,0.00499999989,316.23412
0.039859183,0.251729253,0.00499999989,316.994727
0.0360078289,0.244143968,0.00499999989,316.21761
0.0599046899,0.28951671,0.00499999989,317.547169
0.0538480176,0.297057586,0.00499999989,318.059685
0.0526214063,0.297735877,0.00499999989,318.081807
0.0563932261,0.292153618,0.00499999989,317.573654
0.0539135856,0.295524185,0.00499999989,317.827442
0.027566104,0.239578705,0.00499999989,316.557096
0.0313469537,0.242162546,0.00499999989,316.40229
0.0594879843,0.284377457,0.00499999989,317.445871
0.0542508685,0.28490114,0.00499999989,317.577427
0.0573218032,0.290388507,0.00499999989,317.512141
0.0501762237,0.298938071,0.00499999989,318.088294
0.0563121822,0.290864521,0.00499999989,317.49957
0.0302635788,0.242207748,0.00499999989,316.492841
0.0363544828,0.282373683,0.00499999989,317.976709
0.0481315505,0.30797005,0.00499999989,318.676664
0.0496785249,0.309642967,0.00499999989,318.726283
0.0381386136,0.254106834,0.00499999989,317.29633
0.0388122876,0.284130255,0.00499999989,317.947612
0.0512621852,0.285954089,0.00499999989,317.594786
0.0328310568,0.267244189,0.00499999989,317.8967
0.0332399609,0.270384576,0.00499999989,317.937952
0.0485571839,0.299467348,0.00499999989,318.057806
0.0340738293,0.247949777,0.00499999989,316.518135
0.0392190558,0.285446487,0.00499999989,317.883782
0.0391153713,0.285675492,0.00499999989,317.883782
0.037090163,0.284323515,0.00499999989,317.90612
0.0506229665,0.287019842,0.00499999989,317.552221
0.0324511496,0.273978373,0.00499999989,317.920841
0.0552671709,0.289680857,0.00499999989,317.410944
0.0540281461,0.292338,0.00499999989,317.484573
0.0282811584,0.244373689,0.00499999989,316.689838
0.0261082921,0.244236832,0.00499999989,316.894238
0.0215605825,0.23909344,0.00499999989,316.953316
0.0362947647,0.25182541,0.00499999989,316.907381
0.0362344165,0.254156946,0.00499999989,317.274691
0.0319037759,0.279414315,0.00499999989,317.839548
0.0521633523,0.293318824,0.00499999989,317.485186
0.0540390691,0.289713143,0.00499999989,317.39473
0.0351348818,0.254672563,0.00499999989,317.263624
0.0333255332,0.248452066,0.00499999989,316.588993
0.0313091946,0.266600704,0.00499999989,317.786962
0.0327092209,0.281941789,0.00499999989,317.840914
0.0326548572,0.281455236,0.00499999989,317.840914
0.038361302,0.286625138,0.00499999989,317.77405
0.0477411263,0.298244166,0.00499999989,317.794216
0.0240094691,0.245029474,0.00499999989,317.068769
0.0504219702,0.288959627,0.00499999989,317.425509
0.0207193057,0.24396966,0.00499999989,317.353302
0.0348225053,0.253132639,0.00499999989,317.042237
0.0324277734,0.249755048,0.00499999989,316.689109
0.0340276135,0.285687147,0.00499999989,317.686754
0.0303721756,0.280261357,0.00499999989,317.693818
0.0489973157,0.289288452,0.00499999989,317.41672
0.0300215137,0.266865929,0.00499999989,317.656689
0.039630468,0.308674585,0.00499999989,318.718561
0.0474897133,0.296417067,0.00499999989,317.58218
0.0445431225,0.300761228,0.00499999989,318.057264
0.0433588688,0.301724822,0.00499999989,318.192577
0.039636376,0.307956812,0.00499999989,318.713394
0.0503327122,0.292671645,0.00499999989,317.393534
0.0159252989,0.23988026,0.00499999989,317.432501
0.0310416664,0.247723725,0.00499999989,316.597596
0.0317084495,0.255397044,0.00499999989,317.185618
0.0296345738,0.26211337,0.00499999989,317.505841
0.0367264967,0.28742482,0.00499999989,317.644719
0.0302421782,0.281877374,0.00499999989,317.64289
0.0294257756,0.276766954,0.00499999989,317.644379
0.0471361642,0.289715872,0.00499999989,317.453872
0.0499793644,0.290518127,0.00499999989,317.371924
0.0265124832,0.247030618,0.00499999989,316.871065
0.0327710599,0.251666081,0.00499999989,316.845086
0.0293792399,0.258019173,0.00499999989,317.300339
0.0292043791,0.27283203,0.00499999989,317.624877
0.0331566364,0.285757351,0.00499999989,317.614304
0.0311380245,0.283347615,0.00499999989,317.649683
0.0369821826,0.288727463,0.00499999989,317.539288
0.03543926,0.287322212,0.00499999989,317.595117
0.0404078583,0.290886958,0.00499999989,317.466543
0.0286167655,0.272632538,0.00499999989,317.574913
0.0477691437,0.294792891,0.00499999989,317.433978
0.0284811933,0.259736783,0.00499999989,317.282652
0.0289868632,0.263775219,0.00499999989,317.480035
0.0281540548,0.264477407,0.00499999989,317.441031
0.0291805271,0.283005891,0.00499999989,317.517727
0.0366262636,0.289022307,0.00499999989,317.516714
0.0439427962,0.298367138,0.00499999989,317.685132
0.0282310796,0.257598485,0.00499999989,317.159338
0.0331443611,0.287262984,0.00499999989,317.522116
0.0286537521,0.281863267,0.00499999989,317.502047
0.0280151816,0.280169497,0.00499999989,317.481685
0.0451053427,0.291670091,0.00499999989,317.386014
0.040333844,0.292073186,0.00499999989,317.404954
0.0398191728,0.302215697,0.00499999989,318.330114
0.0398271117,0.30203214,0.00499999989,318.330114
0.0199695741,0.24822643,0.00499999989,317.467868
0.030860317,0.252513477,0.00499999989,316.887627
0.0281502938,0.256000337,0.00499999989,317.063223
0.0273831257,0.25946196,0.00499999989,317.189474
0.0276693134,0.275111097,0.00499999989,317.462278
0.0268254559,0.268771061,0.00499999989,317.38006
0.0442798943,0.296355792,0.00499999989,317.479321
0.0338633432,0.309027922,0.00499999989,318.949528
0.0267609469,0.258488134,0.00499999989,317.120676
0.0269318828,0.275732501,0.00499999989,317.417378
0.0268062396,0.275207627,0.00499999989,317.408908
0.0266515077,0.275162889,0.00499999989,317.408908
0.0341905719,0.302221187,0.00499999989,318.600322
0.0264331036,0.277147303,0.00499999989,317.407989
0.0296259747,0.286365691,0.00499999989,317.457616
0.0254821809,0.268332325,0.00499999989,317.305112
0.0317079153,0.303108085,0.00499999989,318.853286
0.040761257,0.299025198,0.00499999989,317.788197
0.0407017132,0.299340785,0.00499999989,317.85611
0.0208065538,0.24983001,0.00499999989,317.338218
0.0407273898,0.294044217,0.00499999989,317.397743
0.0437682638,0.294241639,0.00499999989,317.378434
0.0147112571,0.252486897,0.00499999989,318.062909
0.010184135,0.252075613,0.00499999989,318.354744
0.0254089913,0.274257533,0.00499999989,317.350756
0.0254044019,0.274080487,0.00499999989,317.350756
0.0283085789,0.286925998,0.00499999989,317.45672
0.0422058007,0.294886003,0.00499999989,317.403706
0.0242867122,0.270322135,0.00499999989,317.306807
0.0307553531,0.300897703,0.00499999989,318.770225
0.0351328632,0.300084902,0.00499999989,318.321024
0.0361785996,0.29979038,0.00499999989,318.218472
0.0384828403,0.299276701,0.00499999989,317.955541
0.0336483239,0.291209193,0.00499999989,317.466572
0.0250707518,0.281911535,0.00499999989,317.428299
0.0347625067,0.293004077,0.00499999989,317.483215
0.0239977512,0.270186811,0.00499999989,317.3077
0.0238017397,0.271182998,0.00499999989,317.31864
0.0266382403,0.25327281,0.00499999989,316.936613
0.0256447928,0.284164839,0.00499999989,317.464716
0.0345255636,0.293273016,0.00499999989,317.510674
0.0369787433,0.298677231,0.00499999989,317.945619
0.0252933442,0.307338261,0.00499999989,319.414898
0.0214154992,0.251976456,0.00499999989,317.225941
0.00881870254,0.25556636,0.00499999989,318.516632
0.0234289559,0.276914406,0.00499999989,317.398423
0.0296082024,0.29043664,0.00499999989,317.568206
0.02375494,0.280644381,0.00499999989,317.451071
0.0361755892,0.298211317,0.00499999989,317.952117
0.0374061997,0.297510662,0.00499999989,317.733726
0.0225008913,0.255887105,0.00499999989,317.140992
0.0229452826,0.265675379,0.00499999989,317.267247
0.0234907204,0.279362864,0.00499999989,317.447833
0.0380827897,0.296368555,0.00499999989,317.608669
0.0326818556,0.297725161,0.00499999989,318.206613
0.0326403929,0.298077723,0.00499999989,318.206613
0.0171003376,0.254948301,0.00499999989,317.788312
0.0210968771,0.269025609,0.00499999989,317.433346
0.0221609787,0.254883432,0.00499999989,317.161495
0.0273190052,0.290551343,0.00499999989,317.704363
0.022887641,0.284277629,0.00499999989,317.67107
0.0206498502,0.26943645,0.00499999989,317.489355
0.0340529284,0.29672375,0.00499999989,317.863011
0.0214229216,0.261730629,0.00499999989,317.291715
0.0280868437,0.291732983,0.00499999989,317.765789
0.0263616809,0.29030352,0.00499999989,317.75474
0.0268150332,0.290728597,0.00499999989,317.788813
0.0303950857,0.293332886,0.00499999989,317.755252
0.024081373,0.287299477,0.00499999989,317.74512
0.000681683839,0.257356493,0.00499999989,318.828553
0.0208275572,0.281663068,0.00499999989,317.783908
0.0175692367,0.257700091,0.00499999989,317.756674
0.0196451957,0.265182051,0.00499999989,317.523768
0.0205194812,0.280314313,0.00499999989,317.772088
0.0203944653,0.281581294,0.00499999989,317.869347
0.0193743422,0.266207719,0.00499999989,317.569774
0.0188642335,0.269234421,0.00499999989,317.770181
0.0191436045,0.267447168,0.00499999989,317.661343
0.016791407,0.305371929,0.00499999989,319.940145
0.0172232606,0.262436892,0.00499999989,317.933858
0.0186039838,0.271248066,0.00499999989,317.820333
0.0207889507,0.286030392,0.00499999989,318.075182
0.0177520226,0.268419026,0.00499999989,317.946332
0.0181582842,0.272072365,0.00499999989,317.967825
0.000834180441,0.264634839,0.00499999989,319.078334
0.00853473873,0.26818182,0.00499999989,318.946016
0.00951127256,0.269090819,0.00499999989,318.909589
0.0192618113,0.282285962,0.00499999989,318.132699
0.021722205,0.288527365,0.00499999989,318.144409
0.0217064547,0.28869368,0.00499999989,318.144409
0.0186695105,0.279513028,0.00499999989,318.154564
0.0129264631,0.299833713,0.00499999989,319.952033
0.0221685322,0.292949021,0.00499999989,318.621419
0.013164997,0.269482849,0.00499999989,318.55178
0.0177318928,0.265177579,0.00499999989,317.864107
0.0182701468,0.279453661,0.00499999989,318.264798
0.017020149,0.268805889,0.00499999989,318.080098
0.018697629,0.292047251,0.00499999989,318.987217
0.0108308908,0.309629657,0.00499999989,320.243912
0.00827559566,0.271249701,0.00499999989,319.053222
0.0198587943,0.291383398,0.00499999989,318.764011
0.00199172059,0.270308037,0.00499999989,319.254852
0.0122378289,0.272428632,0.00499999989,318.792603
0.0162842868,0.273262099,0.00499999989,318.315542
0.021392482,0.291054612,0.00499999989,318.512875
0.0203677003,0.291162865,0.00499999989,318.651217
0.015523183,0.274972775,0.00499999989,318.520159
0.0191202889,0.288164411,0.00499999989,318.570677
0.0175755274,0.286076761,0.00499999989,318.712219
0.0139716899,0.275177709,0.00499999989,318.713496
0.0184027369,0.288632644,0.00499999989,318.783359
0.00788686742,0.294279764,0.00499999989,320.009232
0.00953799484,0.288768008,0.00499999989,319.673038
0.00208825774,0.276920628,0.00499999989,319.488443
0.00373597454,0.309648013,0.00499999989,320.468319
0.00242844392,0.297463363,0.00499999989,320.269791
0.000122108916,0.280328646,0.00499999989,319.654595
0.000364518579,0.286018166,0.00499999989,319.857926
0.000364239843,0.285596741,0.00499999989,319.857926
0.336944023,0.146092853,0.00499999989,312.833399
0.335481124,0.146517711,0.00499999989,312.84362
0.337565827,0.149693339,0.00499999989,313.076613
0.329781349,0.144933989,0.00499999989,312.529703
0.335746242,0.15033078,0.00499999989,313.034333
0.329145008,0.144738758,0.00499999989,312.502111
0.326996267,0.140925126,0.00499999989,312.148877
0.323350863,0.145005747,0.00499999989,312.067748
0.322977422,0.150087108,0.00499999989,312.275061
0.329266501,0.157486393,0.00499999989,313.035923
0.324359719,0.153201867,0.00499999989,312.435826
0.323199154,0.151793173,0.00499999989,312.300114
0.338666455,0.162534691,0.00499999989,313.627803
0.335762043,0.162517178,0.00499999989,313.589523
0.323962906,0.156187246,0.00499999989,312.515181
0.323990428,0.156411154,0.00499999989,312.515181
0.3299489,0.162925423,0.00499999989,313.330474
0.33697028,0.165442901,0.00499999989,313.760746
0.320301549,0.151215787,0.00499999989,311.93447
0.323390554,0.158989042,0.00499999989,312.465347
0.319038772,0.150968999,0.00499999989,311.798683
0.320533395,0.154234079,0.00499999989,311.961301
0.310485591,0.14381635,0.00499999989,310.983156
0.335882389,0.170615865,0.00499999989,313.934923
0.322744727,0.164210438,0.00499999989,312.562737
0.313926253,0.147358934,0.00499999989,311.339203
0.320396663,0.155635535,0.00499999989,311.914667
0.320660551,0.158264307,0.00499999989,312.008497
0.308797363,0.142986416,0.00499999989,310.798928
0.313016823,0.146894812,0.00499999989,311.264238
0.320867492,0.160375209,0.00499999989,312.10555
0.316635494,0.151865286,0.00499999989,311.534736
0.321864953,0.165037204,0.00499999989,312.405834
0.315852026,0.152587308,0.00499999989,311.46972
0.311706487,0.14742844,0.00499999989,311.152045
0.318810103,0.159194944,0.00499999989,311.809567
0.320500772,0.164985648,0.00499999989,312.148247
0.323571158,0.174058571,0.00499999989,313.077035
0.338670363,0.178647566,0.00499999989,314.435407
0.32048169,0.16659774,0.00499999989,312.194042
0.314397139,0.15168401,0.00499999989,311.343467
0.311713885,0.150142931,0.00499999989,311.17064
0.307187384,0.145611611,0.00499999989,310.806977
0.305831688,0.144179261,0.00499999989,310.648363
0.321774207,0.170655625,0.00499999989,312.593035
0.312258489,0.150950463,0.00499999989,311.216546
0.308152272,0.147323432,0.00499999989,310.916187
0.329210258,0.180464423,0.00499999989,314.080025
0.311613024,0.151518255,0.00499999989,311.218663
0.311911625,0.151689396,0.00499999989,311.218663
0.304112547,0.143718761,0.00499999989,310.51783
0.315740872,0.157083276,0.00499999989,311.511529
0.303605704,0.143307551,0.00499999989,310.479035
0.316924481,0.164983646,0.00499999989,311.798702
0.33188838,0.186578997,0.00499999989,314.678052
0.338318052,0.185085327,0.00499999989,314.843521
0.312438241,0.154790455,0.00499999989,311.348759
0.304580838,0.146807068,0.00499999989,310.734323
0.307511756,0.149947499,0.00499999989,311.004388
0.3174472,0.170042058,0.00499999989,311.985498
0.335199705,0.188238672,0.00499999989,314.968246
0.317108646,0.168293983,0.00499999989,311.910779
0.339879939,0.187335741,0.00499999989,315.021667
0.316637815,0.167895298,0.00499999989,311.88234
0.316944474,0.170657415,0.00499999989,311.971969
0.317163424,0.170906671,0.00499999989,311.971969
0.319321689,0.174586597,0.00499999989,312.287348
0.334400694,0.189405998,0.00499999989,315.030364
0.31243973,0.158126447,0.00499999989,311.529378
0.321663353,0.181404924,0.00499999989,313.07781
0.318804024,0.175992977,0.00499999989,312.30037
0.314424727,0.166510279,0.00499999989,311.80399
0.3144453,0.166933928,0.00499999989,311.81899
0.311331125,0.157696346,0.00499999989,311.537589
0.301490515,0.147810624,0.00499999989,310.762054
0.299925228,0.143812557,0.00499999989,310.35245
0.299800716,0.144904066,0.00499999989,310.472205
0.311885401,0.159567034,0.00499999989,311.65705
0.315592931,0.17032509,0.00499999989,311.908676
0.322585601,0.183187015,0.00499999989,313.380377
0.303444407,0.149544426,0.00499999989,310.932272
0.303547154,0.149798156,0.00499999989,310.932272
0.312322277,0.162373375,0.00499999989,311.765863
0.315037377,0.16998092,0.00499999989,311.904177
0.320771023,0.180968732,0.00499999989,312.830853
0.32278582,0.186398587,0.00499999989,313.711097
0.320881561,0.18304953,0.00499999989,312.990068
0.313432557,0.165098865,0.00499999989,311.799186
0.304636768,0.152035558,0.00499999989,311.173783
0.311719374,0.16161823,0.00499999989,311.774024
0.311204818,0.160910605,0.00499999989,311.776281
0.311878834,0.162245472,0.00499999989,311.785309
0.315250121,0.173450907,0.00499999989,311.984373
0.323309857,0.192137901,0.00499999989,314.274229
0.322165376,0.188700225,0.00499999989,313.778653
0.326721609,0.195448137,0.00499999989,315.023402
0.314715374,0.173629842,0.00499999989,311.990034
0.322243898,0.189393271,0.00499999989,313.815159
0.320834426,0.186521551,0.00499999989,313.252669
0.312092395,0.166766066,0.00499999989,311.954482
0.297598815,0.147236951,0.00499999989,310.655973
0.312536995,0.168932077,0.00499999989,311.97772
0.317454438,0.181202135,0.00499999989,312.287865
0.322151121,0.191021495,0.00499999989,313.996505
0.312406804,0.168813423,0.00499999989,312.001114
0.296562488,0.144755382,0.00499999989,310.412937
0.30886586,0.161612919,0.00499999989,312.035403
0.312169925,0.169486749,0.00499999989,312.022571
0.315391455,0.17574259,0.00499999989,312.041561
0.318500014,0.184642426,0.00499999989,312.581686
0.307457961,0.159488387,0.00499999989,311.952808
0.312470268,0.172205904,0.00499999989,312.048164
0.312604689,0.173269688,0.00499999989,312.071638
0.317478572,0.182366391,0.00499999989,312.314155
0.320033771,0.189294997,0.00499999989,313.354325
0.320824554,0.194287735,0.00499999989,314.140508
0.311453192,0.169997878,0.00499999989,312.091773
0.295558222,0.145124871,0.00499999989,310.429966
0.323587787,0.200423901,0.00499999989,315.120068
0.299668825,0.152001723,0.00499999989,311.25825
0.319658063,0.19340359,0.00499999989,313.790878
0.335248784,0.203943913,0.00499999989,316.068545
0.309359919,0.167762397,0.00499999989,312.279563
0.298134439,0.151930452,0.00499999989,311.256214
0.294351569,0.147672288,0.00499999989,310.679388
0.31840958,0.195019816,0.00499999989,313.927619
0.331094018,0.20651345,0.00499999989,316.052622
0.315630335,0.184661868,0.00499999989,312.23206
0.329515206,0.20764154,0.00499999989,316.021055
0.318535419,0.192293493,0.00499999989,313.400142
0.297467829,0.152988682,0.00499999989,311.467042
0.302553291,0.162807639,0.00499999989,312.322996
0.310650632,0.17524261,0.00499999989,312.27684
0.312764697,0.179808067,0.00499999989,312.138238
0.314114682,0.183468818,0.00499999989,312.134474
0.306875571,0.168754902,0.00499999989,312.452815
0.30552997,0.167486026,0.00499999989,312.457859
0.300980589,0.158467079,0.00499999989,312.061658
0.301737929,0.162772599,0.00499999989,312.341228
0.323893737,0.206952286,0.00499999989,315.589821
0.311508762,0.178552745,0.00499999989,312.216616
0.3115908,0.17867781,0.00499999989,312.216616
0.305271624,0.168366411,0.00499999989,312.506643
0.297693217,0.154334424,0.00499999989,311.689737
0.294215265,0.151265088,0.00499999989,311.188815
0.292378222,0.146825955,0.00499999989,310.581263
0.308699721,0.173471824,0.00499999989,312.437443
0.310234231,0.177283961,0.00499999989,312.349154
0.316546917,0.194228555,0.00499999989,313.449881
0.314958812,0.196419057,0.00499999989,313.677022
0.336471486,0.210381198,0.00499999989,316.481352
0.320995917,0.209034815,0.00499999989,315.579
0.297513565,0.157675365,0.00499999989,312.06094
0.290796019,0.144504995,0.00499999989,310.400946
0.310325045,0.180393415,0.00499999989,312.353948
0.292466989,0.1519667,0.00499999989,311.290429
0.290677139,0.143222569,0.00499999989,310.280374
0.299275538,0.169040769,0.00499999989,312.659333
0.293393076,0.155354871,0.00499999989,311.764395
0.292995026,0.153312905,0.00499999989,311.525091
0.293101875,0.15346308,0.00499999989,311.525091
0.311863576,0.185983173,0.00499999989,312.160619
0.31369137,0.190769535,0.00499999989,312.469753
0.314301747,0.192902062,0.00499999989,312.777992
0.301789579,0.173872849,0.00499999989,312.721617
0.292258457,0.153992326,0.00499999989,311.577917
0.290354913,0.150701946,0.00499999989,311.001631
0.290420883,0.150529781,0.00499999989,311.001631
0.3279111,0.218306448,0.00499999989,316.446351
0.297131422,0.173678595,0.00499999989,312.779265
0.309236175,0.182815048,0.00499999989,312.407166
0.307427385,0.203211306,0.00499999989,313.891453
0.307405038,0.202892424,0.00499999989,313.891453
0.31316154,0.192811046,0.00499999989,312.679963
0.336845722,0.219385016,0.00499999989,316.884673
0.291303279,0.153452752,0.00499999989,311.490912
0.290113724,0.157887982,0.00499999989,312.003682
0.303931145,0.180775714,0.00499999989,312.683781
0.308534409,0.183841195,0.00499999989,312.413181
0.321193779,0.215868157,0.00499999989,315.750486
0.32829033,0.220790588,0.00499999989,316.519208
0.338664613,0.219595759,0.00499999989,316.913933
0.333212238,0.221474996,0.00499999989,316.858352
0.287753406,0.145641429,0.00499999989,310.541535
0.287685143,0.147258048,0.00499999989,310.646982
0.309080454,0.184293159,0.00499999989,312.366954
0.307011764,0.208004086,0.00499999989,314.33558
0.312358699,0.192778344,0.00499999989,312.538112
0.338664525,0.220854624,0.00499999989,316.965571
0.28917104,0.16197557,0.00499999989,312.260958
0.288076328,0.149697921,0.00499999989,310.847876
0.290558632,0.172084594,0.00499999989,312.722244
0.309941377,0.187484539,0.00499999989,312.188834
0.306817681,0.208213822,0.00499999989,314.349885
0.305166335,0.206921961,0.00499999989,314.140283
0.323933737,0.220524924,0.00499999989,316.117375
0.335021634,0.223374741,0.00499999989,316.971718
0.286504257,0.14284094,0.00499999989,310.420945
0.294884925,0.179998637,0.00499999989,312.783028
0.295519072,0.179269479,0.00499999989,312.783028
0.308383198,0.185314645,0.00499999989,312.372125
0.307952296,0.198232696,0.00499999989,312.99853
0.28655327,0.159772513,0.00499999989,312.021729
0.288074594,0.167980095,0.00499999989,312.562939
0.285781443,0.143922879,0.00499999989,310.497669
0.292076752,0.179516203,0.00499999989,312.763522
0.309977032,0.190785346,0.00499999989,312.204075
0.307520776,0.210659185,0.00499999989,314.529561
0.311195354,0.213045745,0.00499999989,314.817937
0.325701967,0.225877226,0.00499999989,316.490233
0.284384732,0.165501874,0.00499999989,312.374382
0.286614284,0.174220511,0.00499999989,312.699581
0.304370342,0.185240541,0.00499999989,312.560618
0.305466252,0.184955405,0.00499999989,312.520705
0.304875675,0.199783725,0.00499999989,313.049425
0.312282785,0.214664577,0.00499999989,314.92056
0.326209988,0.22739085,0.00499999989,316.516142
0.308852257,0.192017536,0.00499999989,312.231859
0.301098375,0.185930617,0.00499999989,312.60084
0.304529008,0.20010014,0.00499999989,313.000256
0.304894872,0.209605728,0.00499999989,314.326616
0.302565454,0.201826294,0.00499999989,313.223618
0.302533944,0.207529543,0.00499999989,314.04604
0.308683727,0.193945485,0.00499999989,312.380311
0.308064677,0.194237643,0.00499999989,312.39588
0.334279347,0.228431319,0.00499999989,317.160715
0.320163202,0.21998224,0.00499999989,315.625233
0.326599539,0.228701055,0.00499999989,316.648567
0.335012067,0.229698118,0.00499999989,317.208842
0.330970251,0.230766795,0.00499999989,317.060109
0.285047418,0.151570584,0.00499999989,311.001811
0.28405218,0.148209724,0.00499999989,310.771405
0.303254137,0.187489818,0.00499999989,312.487545
0.303321394,0.208977221,0.00499999989,314.193197
0.303662598,0.198670862,0.00499999989,312.677094
0.309625675,0.21414093,0.00499999989,314.75919
0.322694429,0.225042706,0.00499999989,316.053034
0.328013341,0.232107816,0.00499999989,316.870292
0.285955163,0.17920515,0.00499999989,312.670624
0.304617438,0.197314491,0.00499999989,312.520595
0.3047562,0.197310866,0.00499999989,312.520595
0.304827981,0.197153229,0.00499999989,312.520595
0.30133456,0.207857002,0.00499999989,314.022751
0.300320107,0.206283638,0.00499999989,313.844813
0.299640644,0.204632683,0.00499999989,313.605945
0.307977606,0.21412892,0.00499999989,314.689778
0.315387138,0.218047296,0.00499999989,315.144967
0.319932428,0.221483303,0.00499999989,315.588196
0.282817646,0.158971541,0.00499999989,311.830138
0.284211923,0.152650124,0.00499999989,311.06489
0.293167603,0.186036433,0.00499999989,312.586921
0.301264451,0.187927854,0.00499999989,312.494126
0.301545931,0.200506718,0.00499999989,312.856665
0.301019226,0.207826007,0.00499999989,313.982012
0.303972075,0.210976679,0.00499999989,314.347964
0.302207683,0.198707985,0.00499999989,312.605361
0.31114201,0.215858147,0.00499999989,314.882233
0.305709263,0.194536164,0.00499999989,312.286216
0.315374646,0.218491356,0.00499999989,315.12791
0.323571326,0.228782165,0.00499999989,316.266541
0.319181614,0.220779736,0.00499999989,315.450115
0.279861107,0.173433429,0.00499999989,312.517185
0.282881947,0.147053876,0.00499999989,310.745445
0.282631655,0.143740381,0.00499999989,310.622996
0.282479504,0.139485393,0.00499999989,310.317909
0.283418525,0.156015904,0.00499999989,311.457373
0.304081856,0.195671169,0.00499999989,312.310365
0.2995979,0.20694913,0.00499999989,313.882476
0.299636749,0.201173062,0.00499999989,312.919353
0.30875423,0.21570518,0.00499999989,314.782541
0.316332727,0.219475105,0.00499999989,315.203491
0.320050685,0.224208026,0.00499999989,315.596311
0.326996328,0.235381035,0.00499999989,316.916203
0.281857014,0.146220273,0.00499999989,310.744798
0.281986888,0.145460507,0.00499999989,310.71574
0.28131167,0.177808596,0.00499999989,312.551469
0.30508408,0.213798058,0.00499999989,314.564751
0.297970908,0.205607197,0.00499999989,313.658045
0.317012276,0.220005504,0.00499999989,315.269241
0.320101689,0.225639595,0.00499999989,315.617129
0.27867898,0.16137693,0.00499999989,311.88898
0.281394818,0.157475793,0.00499999989,311.503102
0.281617049,0.1460418,0.00499999989,310.763267
0.278655636,0.140661639,0.00499999989,310.635349
0.280985876,0.149445369,0.00499999989,310.867283
0.290822211,0.186698353,0.00499999989,312.434987
0.298168229,0.190269284,0.00499999989,312.349686
0.297050288,0.190348651,0.00499999989,312.337128
0.303464057,0.194814586,0.00499999989,312.239428
0.303602071,0.195167108,0.00499999989,312.239428
0.298102541,0.206843892,0.00499999989,313.82692
0.282235115,0.156092254,0.00499999989,311.374054
0.281196039,0.147195566,0.00499999989,310.793889
0.2810434,0.145401044,0.00499999989,310.756725
0.281906575,0.155124909,0.00499999989,311.247979
0.283010472,0.18098776,0.00499999989,312.499474
0.28337628,0.181469122,0.00499999989,312.500777
0.278231519,0.177622655,0.00499999989,312.460119
0.278287792,0.178064016,0.00499999989,312.460119
0.289867459,0.186955328,0.00499999989,312.377778
0.288298274,0.186887394,0.00499999989,312.307944
0.304180318,0.191359435,0.00499999989,312.167188
0.304520347,0.192714335,0.00499999989,312.160496
0.304491886,0.192378453,0.00499999989,312.160496
0.297177037,0.191015792,0.00499999989,312.266101
0.300164995,0.198406662,0.00499999989,312.474221
0.304321776,0.214379437,0.00499999989,314.599591
0.305469749,0.215472029,0.00499999989,314.688985
0.311076903,0.218522192,0.00499999989,314.977527
0.312673649,0.219706224,0.00499999989,315.042125
0.322200078,0.231892584,0.00499999989,316.111951
0.322032484,0.231635003,0.00499999989,316.111951
0.274451298,0.166444003,0.00499999989,312.10533
0.28122729,0.156220577,0.00499999989,311.340466
0.28024651,0.145277809,0.00499999989,310.795116
0.280342351,0.146917222,0.00499999989,310.829487
0.280718491,0.150482048,0.00499999989,310.910497
0.28992281,0.187386855,0.00499999989,312.333954
0.30861774,0.217845927,0.00499999989,314.908914
0.315048493,0.221151034,0.00499999989,315.142965
0.276046956,0.161124509,0.00499999989,311.682671
0.272229548,0.173154727,0.00499999989,312.275941
0.276440991,0.144422429,0.00499999989,310.894951
0.279508665,0.149629334,0.00499999989,310.917078
0.287196411,0.186563756,0.00499999989,312.255542
0.302418235,0.21364892,0.00499999989,314.514806
0.29605764,0.205670014,0.00499999989,313.607391
0.302643846,0.193299209,0.00499999989,312.15949
0.31765331,0.224863786,0.00499999989,315.364106
0.319557712,0.229628311,0.00499999989,315.624988
0.324049953,0.238954287,0.00499999989,316.671273
0.273565004,0.174826518,0.00499999989,312.328561
0.281567867,0.182175988,0.00499999989,312.356221
0.281174587,0.182691773,0.00499999989,312.305947
0.294376116,0.191009585,0.00499999989,312.212878
0.298152037,0.19834369,0.00499999989,312.420909
0.298141087,0.19816348,0.00499999989,312.420909
0.296936101,0.20877875,0.00499999989,313.989782
0.300532912,0.195188654,0.00499999989,312.193068
0.300655174,0.195048676,0.00499999989,312.193068
0.296475995,0.201057808,0.00499999989,312.847483
0.309634652,0.219843167,0.00499999989,315.044214
0.272481971,0.165147877,0.00499999989,311.916594
0.274494054,0.162314971,0.00499999989,311.699082
0.273984783,0.162695983,0.00499999989,311.720072
0.277628077,0.180888598,0.00499999989,312.259523
0.302211056,0.192291492,0.00499999989,312.173802
0.302271002,0.191987072,0.00499999989,312.173802
0.297180214,0.210326118,0.00499999989,314.118541
0.29866064,0.213414459,0.00499999989,314.41982
0.303026235,0.216269164,0.00499999989,314.754306
0.307955044,0.219769695,0.00499999989,315.066226
0.308205876,0.219912102,0.00499999989,315.066226
0.314263316,0.222795072,0.00499999989,315.173847
0.318146604,0.228489349,0.00499999989,315.476665
0.321468626,0.235538029,0.00499999989,316.088549
0.278369732,0.156165101,0.00499999989,311.238224
0.272095114,0.175701734,0.00499999989,312.243882
0.273101988,0.143852223,0.00499999989,310.999116
0.277928101,0.149660229,0.00499999989,310.948455
0.291188732,0.190780334,0.00499999989,312.13568
0.281096381,0.184181195,0.00499999989,312.200345
0.285626095,0.188484795,0.00499999989,312.118055
0.293592301,0.192206762,0.00499999989,312.128962
0.295099586,0.20295597,0.00499999989,313.197112
0.296575914,0.198474265,0.00499999989,312.447558
0.296424955,0.198398976,0.00499999989,312.416178
0.30823049,0.220895927,0.00499999989,315.16166
0.307982759,0.220765266,0.00499999989,315.16166
0.312860095,0.222882567,0.00499999989,315.175214
0.277770445,0.155306899,0.00499999989,311.173736
0.273139603,0.177139094,0.00499999989,312.245651
0.271707336,0.176866133,0.00499999989,312.192815
0.277866004,0.15207509,0.00499999989,311.003444
0.279828655,0.183436098,0.00499999989,312.180951
0.288727625,0.190396523,0.00499999989,312.098453
0.313633447,0.223239331,0.00499999989,315.186488
0.275505985,0.158071152,0.00499999989,311.291872
0.276882914,0.182693086,0.00499999989,312.133987
0.281171759,0.186321157,0.00499999989,312.111202
0.296544599,0.194928728,0.00499999989,312.141637
0.299352954,0.215816211,0.00499999989,314.708476
0.294209673,0.209245457,0.00499999989,314.027537
0.309736286,0.222497931,0.00499999989,315.247914
0.32015014,0.238269415,0.00499999989,315.967121
0.319712948,0.236160463,0.00499999989,315.818383
0.27087657,0.162804986,0.00499999989,311.514002
0.266456508,0.171345454,0.00499999989,312.015664
0.275473413,0.148329678,0.00499999989,311.040387
0.297080736,0.214625271,0.00499999989,314.568394
0.294631443,0.198165551,0.00499999989,312.396579
0.3102994,0.223883049,0.00499999989,315.366948
0.316336934,0.22942392,0.00499999989,315.413994
0.31776465,0.232906804,0.00499999989,315.552804
0.319042457,0.237819584,0.00499999989,315.779431
0.274141928,0.15795171,0.00499999989,311.24014
0.272541321,0.159616144,0.00499999989,311.310789
0.275339651,0.156531649,0.00499999989,311.196547
0.266541245,0.167520987,0.00499999989,311.774843
0.272467523,0.179114714,0.00499999989,312.12313
0.270482021,0.178269711,0.00499999989,312.078245
0.2669598,0.145518199,0.00499999989,311.188424
0.26544545,0.144852049,0.00499999989,311.186382
0.291807019,0.193119475,0.00499999989,312.094849
0.294071731,0.194311559,0.00499999989,312.124328
0.294132944,0.194959831,0.00499999989,312.139121
0.294948717,0.212092589,0.00499999989,314.273955
0.292080765,0.201672167,0.00499999989,313.110107
0.304591084,0.221152544,0.00499999989,315.328886
0.304772663,0.221085494,0.00499999989,315.328886
0.308373012,0.222963382,0.00499999989,315.391837
0.308652982,0.223028931,0.00499999989,315.391837
0.31559228,0.230061854,0.00499999989,315.415693
0.275688583,0.155156804,0.00499999989,311.120215
0.264744707,0.16972335,0.00499999989,311.884397
0.275051668,0.149173116,0.00499999989,311.043781
0.278312043,0.185680998,0.00499999989,312.095787
0.279659125,0.186143664,0.00499999989,312.097431
0.283155848,0.18903086,0.00499999989,312.107533
0.291804487,0.205866327,0.00499999989,313.723399
0.305182703,0.221873988,0.00499999989,315.426201
0.302411929,0.220050611,0.00499999989,315.308235
0.317355858,0.235190241,0.00499999989,315.602538
0.269896551,0.160535132,0.00499999989,311.271879
0.275205143,0.155292781,0.00499999989,311.121927
0.279726887,0.187315885,0.00499999989,312.106154
0.293785132,0.21270899,0.00499999989,314.343162
0.297225048,0.217617973,0.00499999989,315.032455
0.297306507,0.217443947,0.00499999989,315.032455
0.292257118,0.210286354,0.00499999989,314.126257
0.290992071,0.20566627,0.00499999989,313.721176
0.317508742,0.237640982,0.00499999989,315.662456
0.267646739,0.163166751,0.00499999989,311.354269
0.272721664,0.156870547,0.00499999989,311.149063
0.275222754,0.184187898,0.00499999989,312.087895
0.283311633,0.190972797,0.00499999989,312.18794
0.284691799,0.192267371,0.00499999989,312.200797
0.301231351,0.220905113,0.00499999989,315.465906
0.268141356,0.16198927,0.00499999989,311.284852
0.268420607,0.151280371,0.00499999989,311.24051
0.273961842,0.184147658,0.00499999989,312.088513
0.290440315,0.207991386,0.00499999989,313.963358
0.310509422,0.226588901,0.00499999989,315.538648
0.310380811,0.226286081,0.00499999989,315.538648
0.269605555,0.159116537,0.00499999989,311.167194
0.268789804,0.159770722,0.00499999989,311.177379
0.266554309,0.177215338,0.00499999989,311.980239
0.275735156,0.186476868,0.00499999989,312.137209
0.283041759,0.192802683,0.00499999989,312.309154
0.289219979,0.201248775,0.00499999989,313.234471
0.293936094,0.215856333,0.00499999989,314.757483
0.290943043,0.212225058,0.00499999989,314.312784
0.314961261,0.234642601,0.00499999989,315.545089
0.314733773,0.235729357,0.00499999989,315.573585
0.268729702,0.180367162,0.00499999989,312.012868
0.268134622,0.152258515,0.00499999989,311.224444
0.261194023,0.151338789,0.00499999989,311.358383
0.26462466,0.153254937,0.00499999989,311.301606
0.288703109,0.209025862,0.00499999989,314.093408
0.291799819,0.214099664,0.00499999989,314.483125
0.305660861,0.2272419,0.00499999989,315.873524
0.268771166,0.158101946,0.00499999989,311.111739
0.261264824,0.171584459,0.00499999989,311.874789
0.261493287,0.17231124,0.00499999989,311.895193
0.277051733,0.189152345,0.00499999989,312.288488
0.282235158,0.193116111,0.00499999989,312.392697
0.282310957,0.193477842,0.00499999989,312.441834
0.309292191,0.228004192,0.00499999989,315.74977
0.267733843,0.159553249,0.00499999989,311.117991
0.261300416,0.173530319,0.00499999989,311.905201
0.261773218,0.166675524,0.00499999989,311.456449
0.266422786,0.180220515,0.00499999989,311.997218
0.281105515,0.192865872,0.00499999989,312.45854
0.286154741,0.196342167,0.00499999989,312.589299
0.288478067,0.211000334,0.00499999989,314.256423
0.294956595,0.219618689,0.00499999989,315.382538
0.309265509,0.228170489,0.00499999989,315.783492
0.313265296,0.235791051,0.00499999989,315.637055
0.262686317,0.163945746,0.00499999989,311.229199
0.26912718,0.182372575,0.00499999989,312.068944
0.286825457,0.196766275,0.00499999989,312.62407
0.287555972,0.206901972,0.00499999989,313.995657
0.293828775,0.220142502,0.00499999989,315.416857
0.29595343,0.222856256,0.00499999989,315.747243
0.305708262,0.229974302,0.00499999989,316.023892
0.26743873,0.154430065,0.00499999989,311.172724
0.259787065,0.154725804,0.00499999989,311.321487
0.272174093,0.186918239,0.00499999989,312.302174
0.275369848,0.190298688,0.00499999989,312.533225
0.267311346,0.156636002,0.00499999989,311.117653
0.26335744,0.156422762,0.00499999989,311.19508
0.268288797,0.183771295,0.00499999989,312.153483
0.285235035,0.206940348,0.00499999989,314.102638
0.286698756,0.210055223,0.00499999989,314.233771
0.291180751,0.217179304,0.00499999989,314.924301
0.290140907,0.216742877,0.00499999989,314.798769
0.288881554,0.214578094,0.00499999989,314.501745
0.305487226,0.231651974,0.00499999989,316.131007
0.265032798,0.158522171,0.00499999989,311.090225
0.256311682,0.154943641,0.00499999989,311.290311
0.249221013,0.146131186,0.00499999989,311.176611
0.268421121,0.184679922,0.00499999989,312.233503
0.279208566,0.194791705,0.00499999989,313.000788
0.283304733,0.206466461,0.00499999989,314.168266
0.286638418,0.212112137,0.00499999989,314.347922
0.258768495,0.174746709,0.00499999989,311.936793
0.251886742,0.152436871,0.00499999989,311.250076
0.258761437,0.156776196,0.00499999989,311.252693
0.277658217,0.194587313,0.00499999989,313.137946
0.28226741,0.207060308,0.00499999989,314.257718
0.286046411,0.21129324,0.00499999989,314.321148
0.288641714,0.21632953,0.00499999989,314.692935
0.291301327,0.219808546,0.00499999989,315.340287
0.298120854,0.233434108,0.00499999989,316.325254
0.260891968,0.161910643,0.00499999989,311.082555
0.259636279,0.162648073,0.00499999989,311.111307
0.263298469,0.182204067,0.00499999989,312.156699
0.30765469,0.233593599,0.00499999989,316.071925
0.29634097,0.234050582,0.00499999989,316.373153
0.290120583,0.224734407,0.00499999989,315.790127
0.262201674,0.180862995,0.00499999989,312.034558
0.25823021,0.176016379,0.00499999989,311.949924
0.261683344,0.159542879,0.00499999989,311.071087
0.26532188,0.184010264,0.00499999989,312.290014
0.276965254,0.204995858,0.00499999989,314.282732
0.276877516,0.204248568,0.00499999989,314.282732
0.287546535,0.217336197,0.00499999989,314.760699
0.290887968,0.23069789,0.00499999989,316.193313
0.265589105,0.185509255,0.00499999989,312.498934
0.249155387,0.151848547,0.00499999989,311.179618
0.289044916,0.219480814,0.00499999989,315.133696
0.255594989,0.171313246,0.00499999989,311.981158
0.255934215,0.166477956,0.00499999989,311.443533
0.254578645,0.157020212,0.00499999989,311.158213
0.260982173,0.18199291,0.00499999989,312.151059
0.256985076,0.176670664,0.00499999989,311.977283
0.256392791,0.175846944,0.00499999989,312.000303
0.255856131,0.168912419,0.00499999989,311.74679
0.255481978,0.168274702,0.00499999989,311.656664
0.255042656,0.169913949,0.00499999989,311.876232
0.282546056,0.209993958,0.00499999989,314.399681
0.272691387,0.20459682,0.00499999989,314.455636
0.288165231,0.220640652,0.00499999989,315.305527
0.287657312,0.221282985,0.00499999989,315.379053
0.286395493,0.224475039,0.00499999989,315.682648
0.285138415,0.228815347,0.00499999989,316.020946
0.258404419,0.180023609,0.00499999989,312.02073
0.254027602,0.157797434,0.00499999989,311.107068
0.245510827,0.149787779,0.00499999989,311.100639
0.254047786,0.158204836,0.00499999989,311.094489
0.260837654,0.184774898,0.00499999989,312.580998
0.269556352,0.192880462,0.00499999989,313.433703
0.286171865,0.234836303,0.00499999989,316.295592
0.260203742,0.183412099,0.00499999989,312.330614
0.255706255,0.178072799,0.00499999989,312.016459
0.253354176,0.174006295,0.00499999989,312.160427
0.262003318,0.186192065,0.00499999989,312.80324
0.260356704,0.184805471,0.00499999989,312.586685
0.28609332,0.220597355,0.00499999989,315.175463
0.282745199,0.228048968,0.00499999989,315.874415
0.257670732,0.181922371,0.00499999989,312.142294
0.257382981,0.181114255,0.00499999989,312.073816
0.253874647,0.165783842,0.00499999989,311.461088
0.259531898,0.184376238,0.00499999989,312.493261
0.244512132,0.152277927,0.00499999989,311.002059
0.243027781,0.150653076,0.00499999989,310.988636
0.243632205,0.151448474,0.00499999989,310.996006
0.267948882,0.206090584,0.00499999989,314.689285
0.27024703,0.211401977,0.00499999989,314.877568
0.284871002,0.221065797,0.00499999989,315.167311
0.2518431,0.174458379,0.00499999989,312.220207
0.252806297,0.166314097,0.00499999989,311.574744
0.251728436,0.169511152,0.00499999989,312.014711
0.26337622,0.190583116,0.00499999989,313.352787
0.249569315,0.15793016,0.00499999989,311.048407
0.248262944,0.157165338,0.00499999989,311.03179
0.248408465,0.157264839,0.00499999989,311.03179
0.247072557,0.155793485,0.00499999989,311.014403
0.274543619,0.213395531,0.00499999989,314.810096
0.277062549,0.213475948,0.00499999989,314.702704
0.281259331,0.215186913,0.00499999989,314.618437
0.260638344,0.188545586,0.00499999989,313.22426
0.267817898,0.212375543,0.00499999989,314.962189
0.28137846,0.215921192,0.00499999989,314.650744
0.255996176,0.182623116,0.00499999989,312.210774
0.25079203,0.175395031,0.00499999989,312.267568
0.251306937,0.167287268,0.00499999989,311.783841
0.252132974,0.164106362,0.00499999989,311.355923
0.250313764,0.16018653,0.00499999989,311.109369
0.251825505,0.176781318,0.00499999989,312.192342
0.247816827,0.170215467,0.00499999989,312.279079
0.252579317,0.162015953,0.00499999989,311.167374
0.250452953,0.16902258,0.00499999989,312.05288
0.251652161,0.163499102,0.00499999989,311.321578
0.241049212,0.152408742,0.00499999989,310.954251
0.259060449,0.193735257,0.00499999989,313.778679
0.275291314,0.215189755,0.00499999989,314.773821
0.271180582,0.214541892,0.00499999989,314.920423
0.268509364,0.215210028,0.00499999989,314.99226
0.24947501,0.17654533,0.00499999989,312.322276
0.24219261,0.15371828,0.00499999989,310.976965
0.241552911,0.152787633,0.00499999989,310.962389
0.23940174,0.151677957,0.00499999989,310.929207
0.277591418,0.215548125,0.00499999989,314.705307
0.275188989,0.235268965,0.00499999989,316.001797
0.2561615,0.186028672,0.00499999989,312.673588
0.257693653,0.188148177,0.00499999989,313.171411
0.258908981,0.200585275,0.00499999989,314.445492
0.274108286,0.216342984,0.00499999989,314.798436
0.279297946,0.222976501,0.00499999989,315.13892
0.279443685,0.223042658,0.00499999989,315.13892
0.255405916,0.186026421,0.00499999989,312.695571
0.247340143,0.177037468,0.00499999989,312.428093
0.249389774,0.165174045,0.00499999989,311.641656
0.26075156,0.211642281,0.00499999989,315.029794
0.258469649,0.206855303,0.00499999989,314.862669
0.272658861,0.232880523,0.00499999989,315.823833
0.247694747,0.177820884,0.00499999989,312.401228
0.247384481,0.177636093,0.00499999989,312.401228
0.247775554,0.166658037,0.00499999989,311.985592
0.257991208,0.207953632,0.00499999989,314.897396
0.271669828,0.217009193,0.00499999989,314.868697
0.279741027,0.221396697,0.00499999989,315.00623
0.249544448,0.179563105,0.00499999989,312.233586
0.242634842,0.167378934,0.00499999989,312.317845
0.24700784,0.166204189,0.00499999989,311.96415
0.253030476,0.192847601,0.00499999989,313.703541
0.242179398,0.15670821,0.00499999989,311.133626
0.239849159,0.154154454,0.00499999989,311.039893
0.27285684,0.21713994,0.00499999989,314.825925
0.258908528,0.215065554,0.00499999989,315.087441
0.276878039,0.223610977,0.00499999989,315.101032
0.25261425,0.184614676,0.00499999989,312.377426
0.249596973,0.180778056,0.00499999989,312.235307
0.241724384,0.168780513,0.00499999989,312.450396
0.240417674,0.167730392,0.00499999989,312.422095
0.237376949,0.1535001,0.00499999989,311.046927
0.264718076,0.218708295,0.00499999989,315.045047
0.272066458,0.229705761,0.00499999989,315.460901
0.254753503,0.187976651,0.00499999989,313.055217
0.240966343,0.166435332,0.00499999989,312.344411
0.236542399,0.173094929,0.00499999989,312.799036
0.246321224,0.164959405,0.00499999989,311.887402
0.265944414,0.218951205,0.00499999989,315.011083
0.276741556,0.221989398,0.00499999989,314.967662
0.270539218,0.230980157,0.00499999989,315.538883
0.237081007,0.17116341,0.00499999989,312.701442
0.236394833,0.169649804,0.00499999989,312.656235
0.244975616,0.164767742,0.00499999989,311.952704
0.251396359,0.192652058,0.00499999989,313.636464
0.241076016,0.158364769,0.00499999989,311.342264
0.235978296,0.153998303,0.00499999989,311.098263
0.275903313,0.219959325,0.00499999989,314.824153
0.262534823,0.219622382,0.00499999989,315.055798
0.253937618,0.214412325,0.00499999989,315.041035
0.268305366,0.219325232,0.00499999989,314.913994
0.270165279,0.219486007,0.00499999989,314.857543
0.271728757,0.219846849,0.00499999989,314.831864
0.270437713,0.230563963,0.00499999989,315.468027
0.268528087,0.232554253,0.00499999989,315.555212
0.248289227,0.182759445,0.00499999989,312.300141
0.235402557,0.167297583,0.00499999989,312.598478
0.249960729,0.193665327,0.00499999989,313.723866
0.250171473,0.193838056,0.00499999989,313.723866
0.241137518,0.159019725,0.00499999989,311.404911
0.262617535,0.219987923,0.00499999989,315.034759
0.259119394,0.220672262,0.00499999989,315.048742
0.260061904,0.220272428,0.00499999989,315.049537
0.274233076,0.224184317,0.00499999989,315.043891
0.243851457,0.163463912,0.00499999989,311.86096
0.236999535,0.165248223,0.00499999989,312.379283
0.238046725,0.157119177,0.00499999989,311.362873
0.234334815,0.15396538,0.00499999989,311.181788
0.253344762,0.217477474,0.00499999989,315.017254
0.273488795,0.224412815,0.00499999989,315.015401
0.267857236,0.23131258,0.00499999989,315.402712
0.267501652,0.231520453,0.00499999989,315.369121
0.242824506,0.163208335,0.00499999989,311.868787
0.241736754,0.182284957,0.00499999989,312.53716
0.233158168,0.165929236,0.00499999989,312.538283
0.242224865,0.162185266,0.00499999989,311.776204
0.247525961,0.195250882,0.00499999989,313.816426
0.260375571,0.221254609,0.00499999989,315.011319
0.258719284,0.221706668,0.00499999989,314.995198
0.2656785,0.221282552,0.00499999989,314.906216
0.267884364,0.220795471,0.00499999989,314.880621
0.249875276,0.186221138,0.00499999989,312.546985
0.240507108,0.18303628,0.00499999989,312.586009
0.234661795,0.156111333,0.00499999989,311.398487
0.256284025,0.221280788,0.00499999989,314.981667
0.252359739,0.219612606,0.00499999989,314.95051
0.271853106,0.224139712,0.00499999989,314.955225
0.266815363,0.23044235,0.00499999989,315.229486
0.247952173,0.192241727,0.00499999989,313.406633
0.238471373,0.159616595,0.00499999989,311.712113
0.239103999,0.160987224,0.00499999989,311.857925
0.245029791,0.205656568,0.00499999989,314.632885
0.24469812,0.205922517,0.00499999989,314.632885
0.258544371,0.222928203,0.00499999989,314.921051
0.255321058,0.221777636,0.00499999989,314.920309
0.233196555,0.183150697,0.00499999989,312.881666
0.227346089,0.177022764,0.00499999989,313.06047
0.243512827,0.197755075,0.00499999989,313.958489
0.242453122,0.199949265,0.00499999989,314.085969
0.258259465,0.223367463,0.00499999989,314.88085
0.250340962,0.218745455,0.00499999989,314.908267
0.249396706,0.218201891,0.00499999989,314.893284
0.271461936,0.223113816,0.00499999989,314.891509
0.269316212,0.226452065,0.00499999989,314.978636
0.249443993,0.188362964,0.00499999989,312.795598
0.241919717,0.184643634,0.00499999989,312.453717
0.226491108,0.177964037,0.00499999989,313.077806
0.235981171,0.160133123,0.00499999989,311.965113
0.24604299,0.193087447,0.00499999989,313.448346
0.256386309,0.223061824,0.00499999989,314.870356
0.259000816,0.223662392,0.00499999989,314.866098
0.259465471,0.223981528,0.00499999989,314.856795
0.242705916,0.210162676,0.00499999989,314.728598
0.242409471,0.209619707,0.00499999989,314.728598
0.260823623,0.224562506,0.00499999989,314.803534
0.251450138,0.221100471,0.00499999989,314.815776
0.270343661,0.223983782,0.00499999989,314.880078
0.263675449,0.236894072,0.00499999989,315.649535
0.263730295,0.234198606,0.00499999989,315.47055
0.235634054,0.184722018,0.00499999989,312.739017
0.24313032,0.18432038,0.00499999989,312.416419
0.236630682,0.160032912,0.00499999989,311.918923
0.244904162,0.193441572,0.00499999989,313.437461
0.25073328,0.221298415,0.00499999989,314.796475
0.265711418,0.228348577,0.00499999989,314.969081
0.232524412,0.185009334,0.00499999989,312.827941
0.235812111,0.185106574,0.00499999989,312.709589
0.246352575,0.190977917,0.00499999989,313.043906
0.256052009,0.224133163,0.00499999989,314.808164
0.250595788,0.222063095,0.00499999989,314.761369
0.240039826,0.186157729,0.00499999989,312.497293
0.240147705,0.18642262,0.00499999989,312.497293
0.241947796,0.186337812,0.00499999989,312.470267
0.220312461,0.172800343,0.00499999989,313.00566
0.24052012,0.197576488,0.00499999989,313.774001
0.257565191,0.22519405,0.00499999989,314.779179
0.241560124,0.212618216,0.00499999989,314.729402
0.266700576,0.224880556,0.00499999989,314.825288
0.266872267,0.224953343,0.00499999989,314.825288
0.262545836,0.232311306,0.00499999989,315.226589
0.219335641,0.171480849,0.00499999989,312.943899
0.21845698,0.174541712,0.00499999989,313.038169
0.242110135,0.213950626,0.00499999989,314.738003
0.243816069,0.216031104,0.00499999989,314.755867
0.262164416,0.226452397,0.00499999989,314.785671
0.230851864,0.187068484,0.00499999989,312.786138
0.220692437,0.18012299,0.00499999989,313.103085
0.259981933,0.226975876,0.00499999989,314.782396
0.262576994,0.240884359,0.00499999989,315.64085
0.230942894,0.187580093,0.00499999989,312.745794
0.239581321,0.187939427,0.00499999989,312.539486
0.217411878,0.170640593,0.00499999989,312.864834
0.217391112,0.169932184,0.00499999989,312.864834
0.239461525,0.196732789,0.00499999989,313.541905
0.239416548,0.196578526,0.00499999989,313.541905
0.240832815,0.194164557,0.00499999989,313.232591
0.24681531,0.220926827,0.00499999989,314.724765
0.246804491,0.221248374,0.00499999989,314.724765
0.251037558,0.22418135,0.00499999989,314.745321
0.247777678,0.222224526,0.00499999989,314.733158
0.236701904,0.188216617,0.00499999989,312.539651
0.228563234,0.188358819,0.00499999989,312.793593
0.242808039,0.191056511,0.00499999989,312.870504
0.240424202,0.193843348,0.00499999989,313.151463
0.236232061,0.210092849,0.00499999989,314.516755
0.259403841,0.236216998,0.00499999989,315.527774
0.261740812,0.240630081,0.00499999989,315.634134
0.259111414,0.23469428,0.00499999989,315.382506
0.236034913,0.188857149,0.00499999989,312.537282
0.21902787,0.185134892,0.00499999989,313.006249
0.222772345,0.187967019,0.00499999989,312.897949
0.224141396,0.189147966,0.00499999989,312.836188
0.214039112,0.177364281,0.00499999989,313.015202
0.241281837,0.192105283,0.00499999989,312.927758
0.256541859,0.228513161,0.00499999989,314.844798
0.238565709,0.213924806,0.00499999989,314.615085
0.237901915,0.213642685,0.00499999989,314.582989
0.258069484,0.22894791,0.00499999989,314.863091
0.239048892,0.194464016,0.00499999989,313.135981
0.232410258,0.202712565,0.00499999989,313.968474
0.239633981,0.194016459,0.00499999989,313.072728
0.234939568,0.210259437,0.00499999989,314.479678
0.256347145,0.22871379,0.00499999989,314.877428
0.248077704,0.225056748,0.00499999989,314.815952
0.251596993,0.226356678,0.00499999989,314.811501
0.244292338,0.220139483,0.00499999989,314.72396
0.237462027,0.213969573,0.00499999989,314.569817
0.230881896,0.190179628,0.00499999989,312.587292
0.231524494,0.189859766,0.00499999989,312.584204
0.234797832,0.210965485,0.00499999989,314.467725
0.25404639,0.229162085,0.00499999989,314.930207
0.247291966,0.224647758,0.00499999989,314.816271
0.237493469,0.214320799,0.00499999989,314.57541
0.237328381,0.214250623,0.00499999989,314.57541
0.241792835,0.219096548,0.00499999989,314.714992
0.24606266,0.224387945,0.00499999989,314.834077
0.257426603,0.233693721,0.00499999989,315.316735
0.229562128,0.190421618,0.00499999989,312.612488
0.21846683,0.18657863,0.00499999989,312.91712
0.217720506,0.18599965,0.00499999989,312.907957
0.247286701,0.225256483,0.00499999989,314.878307
0.242832441,0.220155324,0.00499999989,314.73429
0.245248257,0.224054399,0.00499999989,314.873682
0.257281416,0.233296751,0.00499999989,315.269998
0.225113874,0.191200212,0.00499999989,312.648872
0.229036337,0.191626602,0.00499999989,312.586809
0.217844057,0.186531129,0.00499999989,312.875758
0.221369666,0.19004685,0.00499999989,312.70717
0.233873873,0.210932333,0.00499999989,314.426786
0.238346509,0.191645152,0.00499999989,312.722351
0.240187785,0.218656798,0.00499999989,314.709469
0.229706842,0.191986952,0.00499999989,312.569862
0.237565033,0.192767021,0.00499999989,312.80002
0.252503528,0.229790245,0.00499999989,315.030953
0.242029509,0.221596438,0.00499999989,314.819431
0.243650287,0.224694362,0.00499999989,314.973272
0.228450178,0.192358755,0.00499999989,312.572712
0.241121655,0.221364022,0.00499999989,314.833754
0.256671996,0.241288612,0.00499999989,315.697253
0.225530605,0.192488576,0.00499999989,312.58546
0.211954594,0.183276906,0.00499999989,312.870632
0.203799061,0.170973721,0.00499999989,312.558603
0.207190578,0.179328269,0.00499999989,312.832543
0.209404022,0.181587518,0.00499999989,312.855151
0.233548671,0.195013439,0.00499999989,312.824808
0.254855617,0.233043358,0.00499999989,315.324263
0.254336285,0.235429618,0.00499999989,315.635933
0.224794638,0.193102405,0.00499999989,312.580959
0.219015743,0.190194723,0.00499999989,312.672548
0.202904746,0.170382496,0.00499999989,312.483786
0.228578118,0.202172582,0.00499999989,313.719357
0.230419848,0.211889592,0.00499999989,314.363319
0.252057811,0.231301304,0.00499999989,315.260263
0.234066383,0.215915996,0.00499999989,314.599192
0.219019506,0.191230561,0.00499999989,312.637907
0.22027087,0.192367777,0.00499999989,312.617947
0.227616841,0.207910524,0.00499999989,314.161164
0.248600689,0.229483526,0.00499999989,315.243501
0.256888427,0.244296085,0.00499999989,315.707416
0.230441252,0.194341161,0.00499999989,312.646591
0.217968848,0.191722107,0.00499999989,312.644049
0.204492725,0.177857441,0.00499999989,312.729462
0.204273997,0.178495808,0.00499999989,312.717327
0.208173607,0.18260676,0.00499999989,312.743387
0.230503138,0.196749882,0.00499999989,312.923043
0.225891451,0.206959515,0.00499999989,314.074701
0.24334233,0.227794371,0.00499999989,315.418021
0.237187844,0.220575273,0.00499999989,314.880678
0.201711389,0.17428723,0.00499999989,312.581213
0.206629753,0.181507123,0.00499999989,312.710942
0.230045408,0.213892857,0.00499999989,314.436692
0.252199278,0.233788649,0.00499999989,315.549297
0.241643029,0.226989339,0.00499999989,315.436971
0.229494085,0.195208154,0.00499999989,312.715526
0.227657385,0.195767217,0.00499999989,312.720029
0.213263911,0.187906593,0.00499999989,312.710238
0.2253677,0.203586013,0.00499999989,313.812282
0.224921287,0.205932124,0.00499999989,313.99508
0.228847733,0.211824396,0.00499999989,314.334777
0.237957289,0.223947543,0.00499999989,315.24892
0.231986985,0.216331002,0.00499999989,314.614745
0.230969354,0.216092408,0.00499999989,314.610649
0.22648728,0.196230449,0.00499999989,312.749362
0.213163418,0.189143135,0.00499999989,312.707766
0.211871996,0.187517617,0.00499999989,312.708879
0.219251827,0.1944865,0.00499999989,312.725153
0.202956783,0.179422283,0.00499999989,312.608584
0.202116054,0.178106831,0.00499999989,312.605093
0.200613597,0.176214875,0.00499999989,312.557223
0.207659296,0.18420787,0.00499999989,312.677219
0.227968523,0.198064302,0.00499999989,313.001796
0.250264229,0.233404692,0.00499999989,315.643905
0.24936671,0.233275503,0.00499999989,315.689816
0.240163698,0.22615715,0.00499999989,315.425178
0.231936946,0.21776175,0.00499999989,314.749363
0.251696559,0.235585564,0.00499999989,315.788527
0.252367306,0.241225936,0.00499999989,315.878078
0.223829328,0.19689606,0.00499999989,312.840737
0.223726759,0.197075806,0.00499999989,312.840737
0.208101022,0.185846212,0.00499999989,312.684484
0.224145862,0.206365365,0.00499999989,314.013746
0.232468592,0.219250784,0.00499999989,314.928429
0.216237158,0.193875106,0.00499999989,312.816774
0.21427761,0.192224223,0.00499999989,312.78405
0.212728464,0.191102467,0.00499999989,312.774516
0.198616001,0.175798926,0.00499999989,312.454323
0.227571389,0.213467985,0.00499999989,314.402659
0.222470072,0.204388027,0.00499999989,313.886411
0.235210657,0.222029236,0.00499999989,315.155896
0.232238106,0.21975116,0.00499999989,314.992093
0.196730181,0.174247034,0.00499999989,312.360217
0.227575171,0.214978778,0.00499999989,314.529509
0.227564529,0.214813688,0.00499999989,314.529509
0.241314951,0.230379731,0.00499999989,315.904904
0.24111826,0.23035856,0.00499999989,315.904904
0.231879557,0.220074238,0.00499999989,315.069777
0.242286377,0.231936324,0.00499999989,315.957871
0.250175779,0.242132626,0.00499999989,315.969142
0.253282055,0.246252781,0.00499999989,315.82247
0.215615598,0.195141479,0.00499999989,312.963076
0.20443459,0.184086486,0.00499999989,312.616346
0.239243813,0.228776416,0.00499999989,315.847445
0.242378315,0.233492805,0.00499999989,316.08192
0.232479751,0.221545077,0.00499999989,315.239773
0.22753848,0.215882007,0.00499999989,314.640192
0.227378898,0.215970251,0.00499999989,314.640192
0.214238277,0.194260041,0.00499999989,312.963229
0.214131144,0.194408714,0.00499999989,312.963229
0.19916555,0.179311263,0.00499999989,312.44918
0.223373492,0.211241092,0.00499999989,314.264023
0.228688397,0.217912469,0.00499999989,314.892908
0.251415389,0.245164634,0.00499999989,315.847492
0.202170694,0.183945677,0.00499999989,312.588885
0.200078235,0.18161484,0.00499999989,312.487095
0.226522458,0.21598376,0.00499999989,314.670727
0.235512689,0.226795415,0.00499999989,315.828462
0.251081039,0.246726789,0.00499999989,315.87724
0.213260844,0.195076086,0.00499999989,313.123138
0.237857078,0.231841676,0.00499999989,316.17934
0.232904083,0.224018527,0.00499999989,315.64731
0.231741631,0.222705911,0.00499999989,315.507316
0.226213389,0.217112958,0.00499999989,314.818846
0.239395421,0.238344558,0.00499999989,316.374979
0.248723567,0.244337833,0.00499999989,315.958514
0.248877177,0.244397662,0.00499999989,315.958514
0.246910889,0.244290006,0.00499999989,316.079007
0.195337494,0.177541914,0.00499999989,312.306209
0.199076995,0.181694278,0.00499999989,312.466829
0.237822191,0.236667943,0.00499999989,316.399059
0.227926055,0.22083316,0.00499999989,315.381702
0.246940086,0.244660797,0.00499999989,316.049194
0.201381846,0.185499604,0.00499999989,312.654921
0.226760327,0.219725647,0.00499999989,315.269743
0.243660126,0.245740971,0.00499999989,316.213088
0.213693512,0.197222122,0.00499999989,313.418358
0.218028286,0.200381527,0.00499999989,313.553832
0.224799981,0.217710202,0.00499999989,314.950155
0.234885451,0.232427752,0.00499999989,316.294723
0.234745234,0.235418917,0.00499999989,316.452296
0.238654639,0.244740794,0.00499999989,316.465869
0.236266404,0.243548723,0.00499999989,316.547169
0.249754329,0.247702661,0.00499999989,315.944069
0.211176221,0.196180958,0.00499999989,313.435823
0.21826733,0.201127992,0.00499999989,313.672584
0.19487541,0.178987886,0.00499999989,312.323829
0.198548717,0.183771161,0.00499999989,312.575322
0.20524415,0.190882054,0.00499999989,313.056063
0.226122514,0.22021629,0.00499999989,315.38291
0.238910205,0.246783456,0.00499999989,316.412933
0.209788927,0.194884637,0.00499999989,313.343239
0.207910519,0.193251024,0.00499999989,313.248426
0.203597785,0.189526313,0.00499999989,312.985222
0.229688354,0.231021529,0.00499999989,316.321275
0.225242917,0.22057767,0.00499999989,315.472625
0.230532697,0.236817053,0.00499999989,316.579596
0.245971622,0.247970449,0.00499999989,316.012219
0.210154185,0.197159753,0.00499999989,313.677352
0.205445809,0.192335065,0.00499999989,313.311438
0.216026016,0.20696648,0.00499999989,314.238995
0.219030328,0.213656315,0.00499999989,314.426552
0.221022238,0.216776829,0.00499999989,314.796262
0.223197766,0.218810072,0.00499999989,315.183487
0.231758207,0.241600096,0.00499999989,316.676449
0.210009619,0.198360533,0.00499999989,313.837597
0.209762305,0.20009901,0.00499999989,314.021691
0.195668582,0.18409139,0.00499999989,312.645282
0.201607895,0.189703415,0.00499999989,313.163488
0.221719931,0.218138687,0.00499999989,315.089701
0.227954153,0.236104801,0.00499999989,316.600225
0.229838722,0.239638631,0.00499999989,316.667833
0.214122363,0.207061443,0.00499999989,314.334626
0.198086098,0.187692466,0.00499999989,313.048869
0.199525802,0.190137845,0.00499999989,313.384087
0.214721527,0.208322006,0.00499999989,314.331125
0.219358565,0.217518765,0.00499999989,314.887791
0.208113254,0.203016196,0.00499999989,314.314833
0.214937476,0.211098546,0.00499999989,314.375544
0.215952024,0.212743284,0.00499999989,314.395436
0.218138503,0.22738448,0.00499999989,316.021048
0.218678665,0.226910331,0.00499999989,316.021048
0.192636418,0.185067285,0.00499999989,312.925143
0.192953285,0.185232623,0.00499999989,312.925143
0.202286488,0.196100997,0.00499999989,314.047407
0.217844799,0.219297925,0.00499999989,315.112384
0.203750023,0.208411412,0.00499999989,314.756356
0.209229115,0.210220302,0.00499999989,314.60819
0.215666286,0.224194693,0.00499999989,315.652649
0.209908462,0.210528593,0.00499999989,314.583179
0.215239117,0.2231276,0.00499999989,315.565651
0.212177561,0.213329777,0.00499999989,314.490859
0.211888034,0.212961789,0.00499999989,314.503994
0.207627419,0.210522461,0.00499999989,314.690417
0.190029649,0.18704787,0.00499999989,313.36507
0.213804432,0.216146315,0.00499999989,314.586582
0.213752453,0.218190862,0.00499999989,314.749465
0.206865153,0.212365532,0.00499999989,314.709983
0.205380384,0.212296644,0.00499999989,314.770293
0.196724012,0.206158669,0.00499999989,314.849782
0.196833329,0.2072533,0.00499999989,314.901028
0.209367823,0.214046245,0.00499999989,314.577534
0.213347302,0.220009818,0.00499999989,314.982474
0.205783089,0.213067119,0.00499999989,314.741701
0.208037583,0.213475004,0.00499999989,314.631634
0.335256355,0.138938147,0.00499999989,312.425073
0.332820053,0.138667259,0.00499999989,312.301216
0.334469335,0.1295248,0.00499999989,311.741403
0.33084921,0.132360011,0.00499999989,311.776926
0.334715949,0.12239853,0.00499999989,311.257736
0.327271113,0.122007804,0.00499999989,310.675666
0.323545878,0.125710497,0.00499999989,310.548324
0.316769198,0.137339727,0.00499999989,311.004151
0.32277001,0.125826703,0.00499999989,310.434978
0.327572755,0.11890473,0.00499999989,310.552789
0.316266533,0.135902697,0.00499999989,310.804371
0.323179205,0.122444403,0.00499999989,310.22847
0.323172566,0.122652676,0.00499999989,310.22847
0.33757171,0.115570612,0.00499999989,310.891817
0.322629243,0.120893094,0.00499999989,310.004687
0.317166191,0.128769977,0.00499999989,309.829064
0.321216035,0.123405502,0.00499999989,309.860515
0.327963629,0.11396244,0.00499999989,310.198691
0.33963689,0.111299195,0.00499999989,310.681369
0.320565661,0.123980549,0.00499999989,309.769648
0.329502701,0.111785336,0.00499999989,310.195089
0.323206753,0.117118864,0.00499999989,309.807091
0.318256826,0.124922562,0.00499999989,309.446744
0.306045954,0.137527703,0.00499999989,310.052942
0.30902105,0.132741797,0.00499999989,309.45777
0.322320092,0.113155247,0.00499999989,309.423759
0.318076886,0.121190568,0.00499999989,308.906548
0.303729122,0.13934243,0.00499999989,310.088725
0.320242599,0.11586833,0.00499999989,309.088063
0.309272665,0.130078871,0.00499999989,308.950666
0.310772642,0.128868712,0.00499999989,308.889376
0.318801367,0.116781086,0.00499999989,308.806849
0.31689609,0.120803635,0.00499999989,308.73076
0.301997545,0.139095345,0.00499999989,309.977387
0.305612533,0.133626983,0.00499999989,309.226276
0.326592814,0.100278984,0.00499999989,309.448049
0.320983129,0.111759357,0.00499999989,308.979724
0.31909192,0.115855083,0.00499999989,308.800528
0.302058125,0.13792963,0.00499999989,309.774103
0.316749055,0.120348666,0.00499999989,308.69154
0.321631766,0.108689302,0.00499999989,308.986791
0.324180767,0.102092703,0.00499999989,309.164447
0.312689559,0.123395307,0.00499999989,308.543521
0.304206753,0.133674939,0.00499999989,309.101187
0.316435427,0.117151718,0.00499999989,308.510749
0.33031859,0.0956895531,0.00499999989,309.549252
0.317847734,0.1149358,0.00499999989,308.59394
0.314754525,0.120755407,0.00499999989,308.513862
0.315435164,0.118657788,0.00499999989,308.477286
0.322787644,0.101985308,0.00499999989,308.95442
0.338055366,0.0935649621,0.00499999989,309.797765
0.318322579,0.112982609,0.00499999989,308.60602
0.30953919,0.125561957,0.00499999989,308.521511
0.314606097,0.119597106,0.00499999989,308.474857
0.30379909,0.130742438,0.00499999989,308.683642
0.305958448,0.128545881,0.00499999989,308.554026
0.299634489,0.136621514,0.00499999989,309.404534
0.315462438,0.114860493,0.00499999989,308.437788
0.302914907,0.131748702,0.00499999989,308.747724
0.30651156,0.125604213,0.00499999989,308.468477
0.303076581,0.129106845,0.00499999989,308.51497
0.307035443,0.125440986,0.00499999989,308.470413
0.302453533,0.130115192,0.00499999989,308.556752
0.308010191,0.122866329,0.00499999989,308.523203
0.318976184,0.103080231,0.00499999989,308.363044
0.319027808,0.102836091,0.00499999989,308.363044
0.297359657,0.136118301,0.00499999989,309.246249
0.314173931,0.113769934,0.00499999989,308.414169
0.296550157,0.137846818,0.00499999989,309.48545
0.321555511,0.0962954357,0.00499999989,308.537881
0.302552077,0.127361445,0.00499999989,308.461932
0.307878333,0.12100934,0.00499999989,308.62201
0.312313985,0.116238111,0.00499999989,308.472526
0.296209303,0.142604169,0.00499999989,310.197312
0.304447693,0.125681103,0.00499999989,308.483236
0.32340692,0.0904559082,0.00499999989,308.726796
0.315615337,0.107576837,0.00499999989,308.300192
0.321026346,0.0961202138,0.00499999989,308.438896
0.3271452,0.086449929,0.00499999989,308.944343
0.333556859,0.0847584953,0.00499999989,309.283348
0.295172292,0.142653226,0.00499999989,310.199509
0.317564643,0.101937473,0.00499999989,308.220646
0.317859362,0.102003583,0.00499999989,308.220646
0.320487277,0.0951148217,0.00499999989,308.339081
0.320783788,0.0950312317,0.00499999989,308.339081
0.305766919,0.122610245,0.00499999989,308.603616
0.329781237,0.0819720479,0.00499999989,308.936324
0.304384038,0.123388539,0.00499999989,308.609492
0.301516442,0.125419662,0.00499999989,308.547404
0.327922537,0.0812509485,0.00499999989,308.781808
0.312887428,0.109666531,0.00499999989,308.407573
0.294093848,0.139951215,0.00499999989,309.85936
0.320495845,0.0903499533,0.00499999989,308.26434
0.318049428,0.0959021959,0.00499999989,308.059817
0.319174968,0.0940651589,0.00499999989,308.110957
0.320962374,0.0893810382,0.00499999989,308.316727
0.313146502,0.107607772,0.00499999989,308.347868
0.299694971,0.126380361,0.00499999989,308.5121
0.320349826,0.0895822566,0.00499999989,308.22365
0.313337772,0.106349024,0.00499999989,308.301719
0.314324571,0.103662471,0.00499999989,308.191676
0.292554321,0.14161626,0.00499999989,310.098902
0.29203606,0.142611591,0.00499999989,310.207938
0.304788278,0.118465961,0.00499999989,308.87891
0.307535915,0.114492931,0.00499999989,308.844192
0.313647394,0.102757218,0.00499999989,308.19602
0.315731262,0.0956203184,0.00499999989,307.916692
0.327014971,0.0767365087,0.00499999989,308.488923
0.298886921,0.124552403,0.00499999989,308.679874
0.308567419,0.112382405,0.00499999989,308.803451
0.291791211,0.140378424,0.00499999989,309.959103
0.292233959,0.135018933,0.00499999989,309.141461
0.319589889,0.0870446001,0.00499999989,308.137744
0.296977995,0.126228317,0.00499999989,308.48908
0.290908869,0.141546532,0.00499999989,310.140733
0.312976512,0.100701593,0.00499999989,308.164648
0.318348379,0.0812631731,0.00499999989,308.014195
0.318510449,0.0809878299,0.00499999989,308.014195
0.311208981,0.104729999,0.00499999989,308.424199
0.310266154,0.108316843,0.00499999989,308.614661
0.298845573,0.122780176,0.00499999989,308.797044
0.31136773,0.102471493,0.00499999989,308.359037
0.317516728,0.0817141223,0.00499999989,307.985345
0.299327617,0.118245706,0.00499999989,308.975476
0.290684629,0.134693334,0.00499999989,309.174653
0.317525302,0.0747302545,0.00499999989,307.608231
0.319784734,0.0735494917,0.00499999989,307.642926
0.308906751,0.107676695,0.00499999989,308.714812
0.3147901,0.09396485,0.00499999989,307.835603
0.314747114,0.0942741299,0.00499999989,307.835603
0.297805343,0.120074514,0.00499999989,308.919677
0.29941074,0.115599642,0.00499999989,309.03394
0.302233292,0.111699522,0.00499999989,309.011215
0.317497672,0.0830066893,0.00499999989,307.977779
0.297179132,0.117146737,0.00499999989,309.013027
0.295879661,0.120483866,0.00499999989,308.90144
0.287917893,0.137411036,0.00499999989,309.850304
0.30833874,0.103846309,0.00499999989,308.648751
0.311662553,0.0963664416,0.00499999989,308.05745
0.326714345,0.068592874,0.00499999989,307.92416
0.29294021,0.128101154,0.00499999989,308.38675
0.289008283,0.132747293,0.00499999989,308.989296
0.311143558,0.0956626643,0.00499999989,308.062634
0.293424681,0.125370107,0.00499999989,308.463135
0.294889254,0.121547832,0.00499999989,308.846325
0.2915248,0.12881862,0.00499999989,308.415929
0.330949723,0.0655221009,0.00499999989,308.0145
0.312290898,0.0791206366,0.00499999989,307.427645
0.31646517,0.0689787188,0.00499999989,306.911406
0.292739976,0.125809824,0.00499999989,308.422514
0.289860127,0.129428419,0.00499999989,308.495066
0.311251685,0.0781705074,0.00499999989,307.250699
0.323267604,0.0638160588,0.00499999989,307.204444
0.293531647,0.121847498,0.00499999989,308.786961
0.293558502,0.122939381,0.00499999989,308.695878
0.29273587,0.123608783,0.00499999989,308.592504
0.286880717,0.134460453,0.00499999989,309.495658
0.285018207,0.134586547,0.00499999989,309.634653
0.289441574,0.129886339,0.00499999989,308.535686
0.309092548,0.0744844863,0.00499999989,306.8208
0.31523907,0.0854279595,0.00499999989,307.676289
0.314996898,0.0856888761,0.00499999989,307.676289
0.292082947,0.116052496,0.00499999989,309.025006
0.288179642,0.130012744,0.00499999989,308.630674
0.330410015,0.0605162258,0.00499999989,307.634465
0.311513278,0.0702002883,0.00499999989,306.447908
0.309007562,0.0785748307,0.00499999989,307.112387
0.291288136,0.112859012,0.00499999989,309.052769
0.328896426,0.0589766853,0.00499999989,307.419902
0.310224806,0.0798807094,0.00499999989,307.236191
0.322605911,0.0617613717,0.00499999989,306.848999
0.291313756,0.109062452,0.00499999989,309.047997
0.289362487,0.110619465,0.00499999989,309.04355
0.289934597,0.11016431,0.00499999989,309.04355
0.300327077,0.0996522624,0.00499999989,308.753132
0.311276016,0.0816210176,0.00499999989,307.362585
0.313261924,0.0667481482,0.00499999989,306.12765
0.31490107,0.0652159462,0.00499999989,306.081503
0.309658333,0.0923224539,0.00499999989,307.902121
0.288045713,0.110326843,0.00499999989,309.023557
0.287569223,0.127854389,0.00499999989,308.459869
0.309960179,0.0906366297,0.00499999989,307.742342
0.309118617,0.0918342531,0.00499999989,307.862518
0.309335875,0.0915488192,0.00499999989,307.862518
0.288760774,0.119636229,0.00499999989,308.776302
0.286714673,0.114498514,0.00499999989,308.944614
0.289112259,0.125350114,0.00499999989,308.370992
0.281914556,0.131461792,0.00499999989,309.409714
0.28576232,0.129357425,0.00499999989,308.675375
0.28955615,0.120816799,0.00499999989,308.688101
0.324456297,0.0573055133,0.00499999989,306.763459
0.306737939,0.0781720039,0.00499999989,306.906015
0.316554794,0.0633042503,0.00499999989,305.988721
0.31118802,0.0869827364,0.00499999989,307.496101
0.287781276,0.119938642,0.00499999989,308.71442
0.288498586,0.120394337,0.00499999989,308.686038
0.339635625,0.0564594624,0.00499999989,307.786642
0.33696637,0.0537012739,0.00499999989,307.646816
0.309738799,0.0819560304,0.00499999989,307.257974
0.310624656,0.0832941898,0.00499999989,307.350392
0.309633265,0.0672279164,0.00499999989,305.737528
0.306034329,0.0697490635,0.00499999989,305.849904
0.316713732,0.0621682743,0.00499999989,305.807154
0.285374481,0.105591733,0.00499999989,308.910516
0.29887726,0.0953808009,0.00499999989,308.534577
0.284657459,0.129716692,0.00499999989,308.798832
0.305487923,0.0786645399,0.00499999989,306.833179
0.305851427,0.0793843588,0.00499999989,306.913552
0.28539164,0.116756251,0.00499999989,308.816134
0.29630263,0.0942993518,0.00499999989,308.432829
0.277849286,0.130224121,0.00499999989,309.516754
0.287747452,0.121454974,0.00499999989,308.548616
0.303535092,0.0712272249,0.00499999989,305.86998
0.306687707,0.0676651566,0.00499999989,305.389466
0.285371741,0.11886744,0.00499999989,308.685908
0.288003189,0.0995035932,0.00499999989,308.705304
0.270999964,0.13497195,0.00499999989,310.406889
0.307015367,0.0669359721,0.00499999989,305.355321
0.308783368,0.0853345329,0.00499999989,307.356829
0.318179679,0.0596498041,0.00499999989,305.705005
0.272606809,0.131592082,0.00499999989,310.05216
0.284292113,0.126547072,0.00499999989,308.512297
0.323305737,0.0525874552,0.00499999989,306.330129
0.33588213,0.04841619,0.00499999989,307.375892
0.308312452,0.0840456537,0.00499999989,307.273907
0.304413652,0.0808221374,0.00499999989,306.939189
0.305200361,0.0910274861,0.00499999989,308.019356
0.285129149,0.119685152,0.00499999989,308.598895
0.284595846,0.119662528,0.00499999989,308.573872
0.280587014,0.114109367,0.00499999989,308.778013
0.281524782,0.105133074,0.00499999989,308.781213
0.284339149,0.0991987878,0.00499999989,308.606393
0.288372811,0.0946700693,0.00499999989,308.399721
0.279729378,0.128768633,0.00499999989,309.150083
0.321696163,0.055108298,0.00499999989,306.083261
0.307702634,0.0652153357,0.00499999989,305.084706
0.317636537,0.0587723712,0.00499999989,305.525103
0.279913074,0.104163954,0.00499999989,308.731168
0.286772087,0.0945219085,0.00499999989,308.346386
0.273154014,0.127937027,0.00499999989,309.562521
0.299390924,0.0734675317,0.00499999989,306.0106
0.299977608,0.0714636162,0.00499999989,305.621567
0.314108204,0.0597607869,0.00499999989,305.08447
0.3136281,0.0603303996,0.00499999989,305.05614
0.298604984,0.0892795721,0.00499999989,307.952848
0.27274254,0.127238126,0.00499999989,309.461465
0.269314019,0.127429333,0.00499999989,309.696266
0.302021935,0.0689866896,0.00499999989,305.226956
0.298785857,0.0753699309,0.00499999989,306.23466
0.300560273,0.06966061,0.00499999989,305.317286
0.283218345,0.119803597,0.00499999989,308.4848
0.277227387,0.112274121,0.00499999989,308.687145
0.281663699,0.117966197,0.00499999989,308.543454
0.299626145,0.0884747134,0.00499999989,307.88012
0.336605883,0.0425133249,0.00499999989,307.268072
0.298702643,0.0758806221,0.00499999989,306.291369
0.298149097,0.0754715045,0.00499999989,306.243025
0.305478337,0.0852780958,0.00499999989,307.30104
0.296890914,0.087895909,0.00499999989,307.817523
0.293633701,0.0878762099,0.00499999989,307.812264
0.293016519,0.0880989585,0.00499999989,307.782866
0.278394808,0.12612869,0.00499999989,308.825912
0.282887173,0.122133694,0.00499999989,308.385524
0.326736665,0.0416718578,0.00499999989,306.468121
0.324442676,0.0442873184,0.00499999989,306.19719
0.327780083,0.0410364005,0.00499999989,306.591465
0.310764764,0.0599480689,0.00499999989,304.810888
0.310902482,0.0600593497,0.00499999989,304.810888
0.31547759,0.057139026,0.00499999989,305.025651
0.318051262,0.0558033972,0.00499999989,305.322388
0.275606993,0.112549064,0.00499999989,308.601588
0.286052174,0.0921320413,0.00499999989,308.060518
0.288312235,0.0897386254,0.00499999989,307.869376
0.292757157,0.0872189991,0.00499999989,307.692841
0.296704276,0.0872191339,0.00499999989,307.670145
0.269813567,0.125142849,0.00499999989,309.389612
0.277669253,0.125672854,0.00499999989,308.797765
0.320993806,0.0491380193,0.00499999989,305.546547
0.303924229,0.0645043929,0.00499999989,304.767691
0.307426627,0.0616294808,0.00499999989,304.734096
0.280485272,0.119687331,0.00499999989,308.416636
0.280640843,0.094633137,0.00499999989,308.121061
0.300864948,0.0868161134,0.00499999989,307.564332
0.281291952,0.123098596,0.00499999989,308.399623
0.320735026,0.0480625732,0.00499999989,305.464377
0.305620559,0.0618342204,0.00499999989,304.701977
0.300398495,0.066921687,0.00499999989,304.879007
0.297166486,0.0697404396,0.00499999989,305.192222
0.306481407,0.0612466352,0.00499999989,304.700003
0.280306639,0.120021405,0.00499999989,308.394377
0.272904592,0.101353089,0.00499999989,308.335245
0.286458216,0.0897646482,0.00499999989,307.756895
0.299011292,0.0858378753,0.00499999989,307.432847
0.324726777,0.0399693763,0.00499999989,306.170958
0.333692018,0.0370258669,0.00499999989,307.055073
0.303871946,0.0626327249,0.00499999989,304.68608
0.303784223,0.0620287892,0.00499999989,304.678578
0.299275181,0.0672691007,0.00499999989,304.865764
0.27741061,0.0967285557,0.00499999989,308.132922
0.32860238,0.0357685442,0.00499999989,306.678025
0.302794647,0.0633165335,0.00499999989,304.680995
0.29777154,0.0801545582,0.00499999989,306.719787
0.297940542,0.0801976551,0.00499999989,306.719787
0.317318569,0.0536304775,0.00499999989,305.059058
0.277520033,0.117712459,0.00499999989,308.40009
0.293834767,0.0851532399,0.00499999989,307.340171
0.295856812,0.084936574,0.00499999989,307.281603
0.277375574,0.09551305,0.00499999989,308.011758
0.277942315,0.0949009273,0.00499999989,307.931088
0.299090603,0.0655708712,0.00499999989,304.720214
0.314131643,0.0547066902,0.00499999989,304.828073
0.273855054,0.12266641,0.00499999989,308.6282
0.279529995,0.122789828,0.00499999989,308.418539
0.296788936,0.0807851664,0.00499999989,306.781417
0.277305294,0.119745399,0.00499999989,308.374166
0.274456455,0.0962648564,0.00499999989,307.899793
0.275198741,0.0957059774,0.00499999989,307.877108
0.294307861,0.0714555389,0.00499999989,305.61678
0.294037955,0.0744987946,0.00499999989,306.101703
0.293306059,0.0735481817,0.00499999989,305.952767
0.293518344,0.0753108158,0.00499999989,306.194943
0.297727388,0.0656013912,0.00499999989,304.695695
0.298051957,0.0832724274,0.00499999989,307.058099
0.312644104,0.0541052762,0.00499999989,304.807715
0.290904272,0.084078367,0.00499999989,307.135349
0.277511638,0.121350357,0.00499999989,308.406299
0.274993662,0.121607114,0.00499999989,308.484177
0.323298211,0.0356924787,0.00499999989,305.8335
0.325016448,0.0314965618,0.00499999989,306.191661
0.307587273,0.0569229837,0.00499999989,304.83489
0.302609455,0.0602318535,0.00499999989,304.732601
0.293217537,0.0706727794,0.00499999989,305.474085
0.314617543,0.0519503329,0.00499999989,304.816156
0.276505333,0.0937425394,0.00499999989,307.713176
0.276175309,0.0939704085,0.00499999989,307.713176
0.296460121,0.0825487114,0.00499999989,306.983505
0.294695071,0.0822982699,0.00499999989,306.916175
0.2729747,0.120818853,0.00499999989,308.505484
0.321772915,0.0371179219,0.00499999989,305.482639
0.292807993,0.0750655543,0.00499999989,306.191342
0.30847081,0.0551561164,0.00499999989,304.908332
0.297197203,0.0639301651,0.00499999989,304.623903
0.294862819,0.0803032369,0.00499999989,306.724991
0.303021048,0.0583944172,0.00499999989,304.863055
0.315436392,0.0493232427,0.00499999989,304.818452
0.270600953,0.114213067,0.00499999989,308.322776
0.270288186,0.114318557,0.00499999989,308.322776
0.281490282,0.088614826,0.00499999989,307.397877
0.292263095,0.0825874919,0.00499999989,306.935705
0.29347909,0.0670916893,0.00499999989,304.861189
0.27930615,0.0889927497,0.00499999989,307.389429
0.27901571,0.0895384992,0.00499999989,307.402911
0.319676128,0.0394353063,0.00499999989,305.054206
0.318142823,0.0437771319,0.00499999989,304.925276
0.298609392,0.0616261876,0.00499999989,304.666637
0.292233057,0.068974317,0.00499999989,305.220171
0.308499621,0.0537314376,0.00499999989,305.019947
0.281609474,0.0872463187,0.00499999989,307.280478
0.29113095,0.0715398486,0.00499999989,305.793243
0.307352649,0.0547065425,0.00499999989,305.030598
0.298219103,0.0612820142,0.00499999989,304.698074
0.300101818,0.0582563966,0.00499999989,304.95466
0.294245442,0.0654758711,0.00499999989,304.678255
0.270394565,0.116250952,0.00499999989,308.323462
0.281846957,0.0865282772,0.00499999989,307.244393
0.27185611,0.11830059,0.00499999989,308.382046
0.323789363,0.0282331515,0.00499999989,306.038284
0.317944552,0.0405233236,0.00499999989,304.869318
0.320514375,0.0352430205,0.00499999989,305.161825
0.320175297,0.0345789238,0.00499999989,305.101598
0.307726951,0.052655659,0.00499999989,305.120083
0.313187634,0.0489430757,0.00499999989,304.842899
0.288507587,0.0823581729,0.00499999989,306.920701
0.321068988,0.0321808082,0.00499999989,305.290129
0.323387014,0.0277576534,0.00499999989,305.977443
0.318652214,0.0375183995,0.00499999989,304.927135
0.315023661,0.0453111085,0.00499999989,304.799578
0.290855066,0.0681488265,0.00499999989,305.141177
0.308263174,0.0522652908,0.00499999989,305.134715
0.273767712,0.0913765206,0.00499999989,307.441334
0.27622242,0.0882932137,0.00499999989,307.326314
0.289398816,0.0807288999,0.00499999989,306.789403
0.289397771,0.0809032877,0.00499999989,306.789403
0.337561332,0.0209423434,0.00499999989,307.559062
0.328270174,0.0210471747,0.00499999989,307.015884
0.290019218,0.0684015647,0.00499999989,305.253505
0.277087045,0.0866746909,0.00499999989,307.268637
0.288958214,0.0804508756,0.00499999989,306.773438
0.313817915,0.0455378072,0.00499999989,304.823813
0.324072779,0.0214627579,0.00499999989,306.539751
0.299077885,0.0563371109,0.00499999989,305.131171
0.308005066,0.0503586675,0.00499999989,305.190968
0.275648892,0.087786896,0.00499999989,307.313887
0.287833193,0.0802896376,0.00499999989,306.771224
0.322488275,0.0252549186,0.00499999989,305.964761
0.32143154,0.0276812931,0.00499999989,305.546441
0.314063437,0.0430577292,0.00499999989,304.80494
0.329213871,0.0176680072,0.00499999989,307.267489
0.288127007,0.0703862258,0.00499999989,305.768688
0.278881072,0.0847650882,0.00499999989,307.184794
0.276934388,0.0858641332,0.00499999989,307.252656
0.33464886,0.0158299382,0.00499999989,307.629553
0.285187667,0.0734401049,0.00499999989,306.330753
0.288982552,0.0661806256,0.00499999989,304.963736
0.321148283,0.0250977232,0.00499999989,305.628726
0.319138112,0.0293489973,0.00499999989,305.012558
0.314483055,0.0393949787,0.00499999989,304.774644
0.313590972,0.0411009269,0.00499999989,304.813665
0.313739398,0.0411743525,0.00499999989,304.813665
0.287247664,0.0780502331,0.00499999989,306.653609
0.297854267,0.0525088186,0.00499999989,305.333008
0.290362322,0.0631058218,0.00499999989,304.580316
0.287818357,0.0670084628,0.00499999989,305.18052
0.27575051,0.0854954421,0.00499999989,307.270809
0.315264687,0.0357908315,0.00499999989,304.72608
0.295133688,0.0572827123,0.00499999989,305.030358
0.295273268,0.0556871799,0.00499999989,305.164795
0.288093491,0.0648179404,0.00499999989,304.828856
0.309010651,0.0472712508,0.00499999989,305.181709
0.270673548,0.0895144456,0.00499999989,307.371602
0.272894695,0.0867175947,0.00499999989,307.345785
0.318578804,0.0275741081,0.00499999989,305.035138
0.312688548,0.0403913724,0.00499999989,304.860357
0.286154552,0.0678636728,0.00499999989,305.501279
0.286440832,0.0676036455,0.00499999989,305.501279
0.283148655,0.0749317647,0.00499999989,306.620198
0.294843959,0.0573829936,0.00499999989,305.01761
0.294304204,0.057792387,0.00499999989,304.957249
0.277762748,0.0831514476,0.00499999989,307.188974
0.310528746,0.0435531937,0.00499999989,305.078179
0.323284734,0.0133465481,0.00499999989,307.116719
0.31643873,0.02992372,0.00499999989,304.735214
0.331594797,0.0114511442,0.00499999989,307.666824
0.291987592,0.0594612288,0.00499999989,304.674963
0.287327783,0.0639288293,0.00499999989,304.736385
0.287540895,0.0636226193,0.00499999989,304.736385
0.303125337,0.0445973503,0.00499999989,305.471091
0.280125704,0.0798820875,0.00499999989,307.027838
0.319952608,0.0227229114,0.00499999989,305.660041
0.284620603,0.0768593301,0.00499999989,306.700489
0.287452488,0.0632307033,0.00499999989,304.692475
0.309412169,0.0441358078,0.00499999989,305.188218
0.272564733,0.0854890206,0.00499999989,307.375752
0.278615351,0.0811745754,0.00499999989,307.129097
0.275598748,0.0825109463,0.00499999989,307.278205
0.270426443,0.0871170482,0.00499999989,307.406375
0.313102371,0.0334678798,0.00499999989,304.760387
0.322273817,0.010072422,0.00499999989,307.152463
0.278055686,0.0728559843,0.00499999989,306.687117
0.279396215,0.076061154,0.00499999989,306.83496
0.290666962,0.0588396882,0.00499999989,304.683403
0.293445348,0.0465327525,0.00499999989,305.505042
0.268140625,0.0882430232,0.00499999989,307.443175
0.277585039,0.0807109692,0.00499999989,307.167642
0.32057557,0.00957511405,0.00499999989,307.057053
0.295636011,0.0425190913,0.00499999989,305.551348
0.277517059,0.080098325,0.00499999989,307.158595
0.308909307,0.04192457,0.00499999989,305.227945
0.317539734,0.0236968578,0.00499999989,305.170234
0.319504431,0.00970800648,0.00499999989,306.956971
0.310292044,0.0378019059,0.00499999989,305.071678
0.31247328,0.0324250759,0.00499999989,304.807965
0.312300991,0.0323946963,0.00499999989,304.807965
0.309923292,0.0405966924,0.00499999989,305.149257
0.328368186,0.00633936707,0.00499999989,307.689199
0.284316971,0.0649259753,0.00499999989,305.152333
0.271606015,0.0835724097,0.00499999989,307.426126
0.315659989,0.0267038093,0.00499999989,304.807947
0.310358281,0.0362332546,0.00499999989,305.050079
0.29027365,0.0543332967,0.00499999989,305.118643
0.285519075,0.0625102703,0.00499999989,304.687401
0.29661025,0.0384001627,0.00499999989,305.530392
0.275023955,0.0786749499,0.00499999989,307.211371
0.271377473,0.0826902984,0.00499999989,307.419879
0.315372727,0.0251860162,0.00499999989,304.868382
0.326085121,0.00353313958,0.00499999989,307.592463
0.315281824,0.0155542086,0.00499999989,306.141472
0.27628569,0.0780162805,0.00499999989,307.116368
0.27863777,0.0650303787,0.00499999989,305.700773
0.280777718,0.0645992076,0.00499999989,305.433602
0.273339043,0.0773753027,0.00499999989,307.177929
0.284027665,0.0640864058,0.00499999989,305.03834
0.285373007,0.06114302,0.00499999989,304.611434
0.301935809,0.0362725511,0.00499999989,305.45002
0.316388593,0.0171014133,0.00499999989,306.027367
0.331768469,0.00123250846,0.00499999989,307.887824
0.321445251,0.00425746041,0.00499999989,307.306082
0.271988482,0.0747351494,0.00499999989,307.04518
0.271275995,0.0724989492,0.00499999989,306.931074
0.289384947,0.0568011604,0.00499999989,304.798193
0.268499269,0.0820392215,0.00499999989,307.480363
0.314791561,0.024440847,0.00499999989,304.86016
0.314664473,0.0243000911,0.00499999989,304.86016
0.282363085,0.062584704,0.00499999989,304.938342
0.287374178,0.0579648365,0.00499999989,304.616906
0.284552337,0.0604026371,0.00499999989,304.583495
0.288099255,0.0567648907,0.00499999989,304.752249
0.288154872,0.056589635,0.00499999989,304.752249
0.313012443,0.0264589553,0.00499999989,304.721277
0.313544195,0.00694224799,0.00499999989,306.688301
0.269645226,0.0661971824,0.00499999989,306.37405
0.28584941,0.0584494228,0.00499999989,304.565715
0.283993297,0.0605832858,0.00499999989,304.622759
0.284679496,0.058887181,0.00499999989,304.555386
0.307394475,0.0341009547,0.00499999989,305.26754
0.283426475,0.0496930465,0.00499999989,305.144264
0.288766822,0.0372683074,0.00499999989,305.425321
0.314571796,0.0224184315,0.00499999989,305.033055
0.314201903,0.0037354486,0.00499999989,306.847514
0.310512648,0.0296388375,0.00499999989,304.914843
0.312704823,0.0045676438,0.00499999989,306.681847
0.278766897,0.0625073132,0.00499999989,305.258921
0.278303697,0.0622053214,0.00499999989,305.290983
0.285340095,0.0386675344,0.00499999989,305.357013
0.285662187,0.0380259074,0.00499999989,305.357013
0.310812938,0.0271087435,0.00499999989,304.782188
0.310322493,0.0271919092,0.00499999989,304.812537
0.31076416,0.0132836252,0.00499999989,305.885299
0.310538095,0.0135429826,0.00499999989,305.885299
0.311529434,0.0151607584,0.00499999989,305.684897
0.273090683,0.0619350469,0.00499999989,305.746583
0.284221135,0.0579234718,0.00499999989,304.55775
0.301449576,0.0289554291,0.00499999989,305.23194
0.30773415,0.00977802823,0.00499999989,306.064427
0.310988725,0.0157788209,0.00499999989,305.562796
0.278019049,0.0607224008,0.00499999989,305.023328
0.278343302,0.0607994225,0.00499999989,305.023328
0.281974198,0.060512653,0.00499999989,304.703056
0.27502884,0.0601634622,0.00499999989,305.196046
0.263801222,0.0664284942,0.00499999989,306.627772
0.261109291,0.0796838874,0.00499999989,307.519362
0.310525407,0.024069834,0.00499999989,304.746316
0.307155125,0.00190786223,0.00499999989,306.399264
0.281681196,0.0599646816,0.00499999989,304.673883
0.269589871,0.0600574522,0.00499999989,305.684118
0.264274234,0.0621496504,0.00499999989,306.159211
0.262293448,0.0683008781,0.00499999989,306.823966
0.281064412,0.0344478066,0.00499999989,305.090222
0.312772115,0.0200531265,0.00499999989,305.078795
0.304691812,0.00831415828,0.00499999989,305.916617
0.270401227,0.0588937562,0.00499999989,305.415143
0.279088219,0.048279019,0.00499999989,305.022968
0.277214542,0.0466785501,0.00499999989,305.035025
0.281670243,0.0533814182,0.00499999989,304.736048
0.307779017,0.0272957005,0.00499999989,304.96593
0.258480956,0.0700989118,0.00499999989,307.028978
0.299903607,0.024557573,0.00499999989,304.978931
0.303608726,0.0252885716,0.00499999989,304.965483
0.274921661,0.043653462,0.00499999989,305.035057
0.293994348,0.0244635821,0.00499999989,304.906139
0.307352047,0.0265984755,0.00499999989,304.936859
0.277200986,0.0579657585,0.00499999989,304.732698
0.267849408,0.0577290356,0.00499999989,305.413485
0.295984231,0.0232630147,0.00499999989,304.860376
0.273155574,0.0416473542,0.00499999989,304.983784
0.286643286,0.0276419448,0.00499999989,304.870864
0.300602875,0.00752324056,0.00499999989,305.752394
0.305552044,0.0137801665,0.00499999989,305.234572
0.309101505,0.0188155623,0.00499999989,304.940981
0.259162814,0.06210911,0.00499999989,306.250021
0.27708415,0.057376575,0.00499999989,304.690509
0.301100756,0.0238628414,0.00499999989,304.886686
0.303988018,0.0132375929,0.00499999989,305.19922
0.308324728,0.0188287655,0.00499999989,304.856373
0.255952925,0.0646561942,0.00499999989,306.522895
0.256644014,0.0645155351,0.00499999989,306.522895
0.277849094,0.0571634789,0.00499999989,304.627824
0.298135446,0.0229072535,0.00499999989,304.802199
0.302617458,0.0233422957,0.00499999989,304.78963
0.278755307,0.0520740315,0.00499999989,304.683783
0.273003481,0.0441733626,0.00499999989,304.920732
0.282087793,0.0286332262,0.00499999989,304.752846
0.297903911,0.00690040458,0.00499999989,305.701508
0.307082518,0.0178085172,0.00499999989,304.845232
0.277611423,0.0567103096,0.00499999989,304.612577
0.280032063,0.05555226,0.00499999989,304.571127
0.29814431,0.0223150895,0.00499999989,304.734144
0.302667911,0.0229617902,0.00499999989,304.736805
0.275612903,0.0491448581,0.00499999989,304.770814
0.282020436,0.0282384359,0.00499999989,304.684195
0.306426736,0.02301377,0.00499999989,304.699974
0.299780924,0.00919446194,0.00499999989,305.529995
0.254904962,0.0618221469,0.00499999989,306.252245
0.302964612,0.0225258534,0.00499999989,304.69196
0.301513603,0.0220657048,0.00499999989,304.675652
0.277379413,0.0544830642,0.00499999989,304.575808
0.272831592,0.0460561155,0.00499999989,304.833096
0.283181986,0.0270385951,0.00499999989,304.616256
0.253117646,0.0635521745,0.00499999989,306.376206
0.274233633,0.0555512875,0.00499999989,304.656227
0.27671456,0.0525245971,0.00499999989,304.610742
0.270707273,0.0447546494,0.00499999989,304.796645
0.271809843,0.0456218066,0.00499999989,304.788876
0.27549765,0.0306986087,0.00499999989,304.533325
0.304815899,0.0175259657,0.00499999989,304.710691
0.268768726,0.0375357309,0.00499999989,304.652849
0.268263719,0.0414260446,0.00499999989,304.751685
0.306352513,0.0206525632,0.00499999989,304.662204
0.304078569,0.0171583969,0.00499999989,304.692489
0.29453419,0.000125840942,0.00499999989,305.905342
0.253169925,0.0601387393,0.00499999989,305.999227
0.249065031,0.0670265047,0.00499999989,306.637567
0.274994649,0.0515676851,0.00499999989,304.612304
0.269199858,0.0445081335,0.00499999989,304.708093
0.272165357,0.0323752574,0.00499999989,304.459702
0.292625496,0.0199625316,0.00499999989,304.361323
0.247641072,0.0728969745,0.00499999989,307.11669
0.305335473,0.0209198748,0.00499999989,304.622615
0.298208032,0.0115144787,0.00499999989,305.003074
0.291286857,0.00422200438,0.00499999989,305.793048
0.299712243,0.0132644597,0.00499999989,304.835801
0.267101461,0.0371187506,0.00499999989,304.555832
0.266731268,0.0416084272,0.00499999989,304.678934
0.286209296,0.022050115,0.00499999989,304.301721
0.289796424,0.0195051868,0.00499999989,304.264603
0.292446246,0.006703578,0.00499999989,305.604676
0.256582497,0.0543985758,0.00499999989,305.170875
0.255509526,0.0565887313,0.00499999989,305.4904
0.269145034,0.0531594185,0.00499999989,304.649125
0.267555694,0.0436532604,0.00499999989,304.675448
0.281020635,0.0250428994,0.00499999989,304.328875
0.303725785,0.018871384,0.00499999989,304.575314
0.303493197,0.0189350769,0.00499999989,304.575314
0.302528666,0.0180176601,0.00499999989,304.542664
0.296042677,0.00992632306,0.00499999989,305.171352
0.300704824,0.0159530897,0.00499999989,304.573074
0.300755108,0.0161367291,0.00499999989,304.573074
0.261519199,0.0521991031,0.00499999989,304.822399
0.26478168,0.052130386,0.00499999989,304.714699
0.268898968,0.0465404891,0.00499999989,304.601986
0.265644011,0.0358260508,0.00499999989,304.347379
0.267124088,0.0346822533,0.00499999989,304.337869
0.250810955,0.0598664746,0.00499999989,305.811114
0.253010249,0.0575108848,0.00499999989,305.529034
0.244714197,0.0652937973,0.00499999989,306.327984
0.2700291,0.0492262537,0.00499999989,304.555989
0.264273291,0.0418259342,0.00499999989,304.565311
0.271724424,0.0304130187,0.00499999989,304.243822
0.291285905,0.0176527813,0.00499999989,304.249612
0.285788856,0.00313822258,0.00499999989,305.848252
0.248319497,0.0605785956,0.00499999989,305.821923
0.25862711,0.051793235,0.00499999989,304.781011
0.249512948,0.0585310689,0.00499999989,305.573409
0.265596871,0.0347031977,0.00499999989,304.234675
0.294112186,0.0167085526,0.00499999989,304.286893
0.240482101,0.071720534,0.00499999989,306.814036
0.296924243,0.015006533,0.00499999989,304.486759
0.290109349,0.00789336044,0.00499999989,305.513592
0.251449462,0.0581194155,0.00499999989,305.542651
0.251930057,0.0569796287,0.00499999989,305.417776
0.254538311,0.0545194896,0.00499999989,305.091439
0.268045334,0.0503635949,0.00499999989,304.541366
0.297923542,0.0164791206,0.00499999989,304.408766
0.268157399,0.0482648794,0.00499999989,304.533563
0.26385596,0.0362395324,0.00499999989,304.293911
0.285724272,0.0192528159,0.00499999989,304.271645
0.294100452,0.0165664067,0.00499999989,304.306711
0.288055551,0.0178508965,0.00499999989,304.287501
0.29524929,0.0126855741,0.00499999989,304.703866
0.285167011,0.00518865607,0.00499999989,305.781072
0.248131843,0.0591098882,0.00499999989,305.560107
0.247967193,0.0591776029,0.00499999989,305.560107
0.247933136,0.0593584058,0.00499999989,305.560107
0.253668042,0.0537402379,0.00499999989,304.998106
0.263862605,0.0497136046,0.00499999989,304.543667
0.261598051,0.0497149658,0.00499999989,304.5736
0.264307088,0.0494054738,0.00499999989,304.527142
0.243422747,0.0643747593,0.00499999989,306.106253
0.269338183,0.0300276423,0.00499999989,304.115221
0.282487482,0.0197202479,0.00499999989,304.329105
0.254082398,0.0529954397,0.00499999989,304.894377
0.242405249,0.0650171736,0.00499999989,306.147992
0.263923292,0.0438653176,0.00499999989,304.507709
0.261645332,0.0382689366,0.00499999989,304.380211
0.262054996,0.0424356746,0.00499999989,304.502168
0.271049666,0.0278169236,0.00499999989,304.156267
0.278895912,0.0217728504,0.00499999989,304.335654
0.284943466,0.0176803573,0.00499999989,304.407504
0.28847792,0.016402775,0.00499999989,304.372808
0.240436248,0.0667546766,0.00499999989,306.336966
0.240318974,0.0671140297,0.00499999989,306.336966
0.291991461,0.0101467382,0.00499999989,305.1046
0.292284719,0.0113663933,0.00499999989,304.930559
0.257798378,0.0494817917,0.00499999989,304.613931
0.243112319,0.0632159167,0.00499999989,305.933393
0.23853952,0.0684466994,0.00499999989,306.396596
0.269154299,0.0279597408,0.00499999989,304.10381
0.271401836,0.0258806595,0.00499999989,304.207883
0.291258824,0.0108003187,0.00499999989,305.024928
0.290972837,0.0108342022,0.00499999989,305.024928
0.283492366,0.0102459844,0.00499999989,305.49439
0.249990671,0.056365196,0.00499999989,305.208127
0.246210436,0.0590853521,0.00499999989,305.424533
0.244364269,0.0605169666,0.00499999989,305.557827
0.260612418,0.0386643522,0.00499999989,304.391288
0.261102082,0.0419361324,0.00499999989,304.496482
0.273917708,0.0239618686,0.00499999989,304.321259
0.289985861,0.0143725439,0.00499999989,304.50922
0.28758035,0.0153431441,0.00499999989,304.514714
0.287689598,0.0103723887,0.00499999989,305.273794
0.283012544,0.010701975,0.00499999989,305.487045
0.262813698,0.0476197165,0.00499999989,304.475275
0.2425789,0.0603530591,0.00499999989,305.456369
0.259796549,0.0391894867,0.00499999989,304.401102
0.259701561,0.0374322675,0.00499999989,304.288712
0.270673491,0.0256800207,0.00499999989,304.235467
0.256279775,0.0482832209,0.00499999989,304.590049
0.236349209,0.0680245697,0.00499999989,306.247273
0.265781698,0.0291856898,0.00499999989,304.005312
0.259685939,0.041976049,0.00499999989,304.505666
0.260923505,0.0343730708,0.00499999989,304.044029
0.271802938,0.0229949734,0.00499999989,304.458953
0.27514451,0.0222149033,0.00499999989,304.417241
0.288454453,0.0139157569,0.00499999989,304.641114
0.287063537,0.014780432,0.00499999989,304.631125
0.278319643,0.0102854308,0.00499999989,305.629865
0.28322303,0.0120286335,0.00499999989,305.279156
0.252405511,0.0510123365,0.00499999989,304.768229
0.257559971,0.0472556703,0.00499999989,304.543349
0.244809328,0.0576262258,0.00499999989,305.196197
0.263445492,0.0306489247,0.00499999989,303.940236
0.258969169,0.0363987285,0.00499999989,304.190279
0.234736651,0.0695230366,0.00499999989,306.3479
0.274615661,0.00376584634,0.00499999989,306.018882
0.264549775,0.0284089943,0.00499999989,304.024383
0.267566001,0.0266522195,0.00499999989,304.158744
0.269968527,0.0231880325,0.00499999989,304.491993
0.275479024,0.0201380196,0.00499999989,304.602041
0.276944924,0.012525577,0.00499999989,305.500236
0.236429977,0.0655176303,0.00499999989,305.761533
0.258762152,0.0434907662,0.00499999989,304.518862
0.259289663,0.0328224004,0.00499999989,303.964042
0.270065781,0.0225640345,0.00499999989,304.559822
0.273840363,0.0205320519,0.00499999989,304.651878
0.280371509,0.0161689435,0.00499999989,304.86788
0.285523586,0.012982818,0.00499999989,304.966877
0.27689444,0.0139309651,0.00499999989,305.410309
0.278269983,0.0144751269,0.00499999989,305.294547
0.278087963,0.0141160582,0.00499999989,305.294547
0.248329816,0.0521717137,0.00499999989,304.863037
0.244930105,0.0546579566,0.00499999989,304.982251
0.258071747,0.0349109487,0.00499999989,304.081028
0.265503975,0.0256628341,0.00499999989,304.308472
0.279347492,0.0164604859,0.00499999989,304.924231
0.28282389,0.0140908087,0.00499999989,304.986034
0.232207899,0.0689652578,0.00499999989,306.086367
0.251482686,0.0486888877,0.00499999989,304.734672
0.2512349,0.0485072611,0.00499999989,304.734672
0.254393212,0.0462484367,0.00499999989,304.635453
0.247471752,0.051863938,0.00499999989,304.864159
0.241313261,0.0572632472,0.00499999989,305.070792
0.266664066,0.0245486302,0.00499999989,304.450037
0.268180495,0.0226817183,0.00499999989,304.647356
0.236810566,0.0623763429,0.00499999989,305.351529
0.268212689,0.0218973882,0.00499999989,304.78937
0.274465634,0.0180774972,0.00499999989,305.003892
0.268089321,0.00820034837,0.00499999989,305.970613
0.267885592,0.00857396984,0.00499999989,305.927247
0.267248834,0.00894317785,0.00499999989,305.927247
0.234727967,0.0638520114,0.00499999989,305.442001
0.257384003,0.0329823209,0.00499999989,303.980086
0.267166865,0.0228662274,0.00499999989,304.718545
0.266397662,0.00646909691,0.00499999989,306.024965
0.243054762,0.0532440917,0.00499999989,304.955943
0.233390662,0.0649389283,0.00499999989,305.489717
0.234517655,0.0636648709,0.00499999989,305.403621
0.255578198,0.035539738,0.00499999989,304.172345
0.256267191,0.0330878227,0.00499999989,303.996282
0.27488482,0.0165116186,0.00499999989,305.218582
0.233228061,0.0642763422,0.00499999989,305.419587
0.262902029,0.0252104685,0.00499999989,304.515844
0.257337702,0.0306798372,0.00499999989,303.945857
0.263091906,0.0245102991,0.00499999989,304.601616
0.2631776,0.0236689698,0.00499999989,304.764947
0.245821371,0.0503490665,0.00499999989,304.930243
0.257334333,0.0294647896,0.00499999989,304.002581
0.262894561,0.00243641145,0.00499999989,306.127574
0.265825203,0.0169843744,0.00499999989,305.425193
0.240312491,0.0541039126,0.00499999989,305.032097
0.240933156,0.0531017349,0.00499999989,305.026364
0.241251022,0.0529638956,0.00499999989,305.026364
0.257648168,0.0288499958,0.00499999989,304.039683
0.257473908,0.028811027,0.00499999989,304.039683
0.253355931,0.0363300048,0.00499999989,304.384791
0.256801307,0.0295997838,0.00499999989,304.00234
0.261453692,0.00231868331,0.00499999989,306.122646
0.241303662,0.0526241032,0.00499999989,305.045783
0.244821331,0.0490690777,0.00499999989,305.040908
0.245678162,0.046929429,0.00499999989,305.076676
0.235413382,0.0577855786,0.00499999989,305.096201
0.242518405,0.0497789979,0.00499999989,305.122367
0.256063465,0.028437464,0.00499999989,304.074005
0.256171026,0.0285837499,0.00499999989,304.074005
0.259919508,0.0236162094,0.00499999989,304.758779
0.260116362,0.0132116846,0.00499999989,305.70349
0.236435531,0.055634626,0.00499999989,305.123835
0.23894455,0.0531056348,0.00499999989,305.13508
0.261077194,0.021500823,0.00499999989,305.073555
0.23845196,0.0528538968,0.00499999989,305.174032
0.234861861,0.0560194351,0.00499999989,305.1905
0.240530957,0.0500241478,0.00499999989,305.234027
0.255856036,0.00315674335,0.00499999989,306.048899
0.255839644,0.00776138669,0.00499999989,305.928046
0.24285036,0.0476149918,0.00499999989,305.196852
0.23861226,0.0509554397,0.00499999989,305.288965
0.241727291,0.0456889665,0.00499999989,305.259585
0.236237672,0.0527233225,0.00499999989,305.312762
0.23351267,0.056379407,0.00499999989,305.215749
0.256378776,0.019712945,0.00499999989,305.151254
0.252949429,0.027422703,0.00499999989,304.099893
0.253543538,0.0269566073,0.00499999989,304.192484
0.231732527,0.0574840334,0.00499999989,305.216268
0.246702501,0.0367007911,0.00499999989,304.849142
0.245047958,0.0365200286,0.00499999989,304.906268
0.229628277,0.0593797634,0.00499999989,305.175484
0.229517943,0.0592516357,0.00499999989,305.175484
0.251158653,0.0107037826,0.00499999989,305.684492
0.233508087,0.0509057355,0.00499999989,305.476603
0.233199663,0.0529253626,0.00499999989,305.441446
0.248346121,0.0356885208,0.00499999989,304.628219
0.24803451,0.0351837626,0.00499999989,304.59697
0.251633215,0.0274060783,0.00499999989,304.072591
0.253003538,0.0217687248,0.00499999989,304.853804
0.230933366,0.055624408,0.00499999989,305.385168
0.240384791,0.0367643276,0.00499999989,305.14194
0.250936076,0.0277235378,0.00499999989,304.039107
0.238705367,0.0389911322,0.00499999989,305.305311
0.242737362,0.034898188,0.00499999989,304.907295
0.24510731,0.0341213511,0.00499999989,304.721191
0.249458951,0.0291969524,0.00499999989,304.021728
0.232569052,0.0483957673,0.00499999989,305.565704
0.228545431,0.057161485,0.00499999989,305.37309
0.247511107,0.0306711775,0.00499999989,304.16378
0.25240228,0.0243323536,0.00499999989,304.457609
0.251066338,0.0245197602,0.00499999989,304.321503
0.245330408,0.00835816164,0.00499999989,305.63508
0.237179347,0.0350952801,0.00499999989,305.154965
0.248198313,0.0297763219,0.00499999989,304.081988
0.22769245,0.0557101313,0.00499999989,305.495238
0.229314846,0.0447467161,0.00499999989,305.634812
0.242623271,0.0331512299,0.00499999989,304.762025
0.24726522,0.0288068452,0.00499999989,304.053672
0.232579245,0.0386506695,0.00499999989,305.437752
0.244814448,0.0175729719,0.00499999989,304.902216
0.249234724,0.0218522931,0.00499999989,304.592372
0.226467648,0.05288127,0.00499999989,305.603792
0.24814498,0.0216478231,0.00499999989,304.591038
0.242154264,0.000921217199,0.00499999989,305.717774
0.24478251,0.0188923994,0.00499999989,304.75486
0.2446947,0.0310836035,0.00499999989,304.378504
0.243592165,0.01771737,0.00499999989,304.811826
0.24608684,0.0208673984,0.00499999989,304.576611
0.246225751,0.0207922638,0.00499999989,304.576611
0.241386225,0.0164690598,0.00499999989,304.838659
0.245598226,0.0275933654,0.00499999989,304.078097
0.240447035,0.0305028276,0.00499999989,304.61217
0.235777116,0.0298557553,0.00499999989,304.822809
0.243034285,0.0299926875,0.00499999989,304.367882
0.230581566,0.0311647698,0.00499999989,305.061702
0.230327426,0.0305474458,0.00499999989,305.061702
0.233335319,0.0292769413,0.00499999989,304.895747
0.239921618,0.0299796401,0.00499999989,304.579237
0.236086731,0.00232908036,0.00499999989,305.506345
0.221513161,0.0451245824,0.00499999989,305.694792
0.244835229,0.0269347344,0.00499999989,304.083901
0.245631156,0.0256243923,0.00499999989,304.068349
0.239024252,0.0290382661,0.00499999989,304.523042
0.239471741,0.0172409612,0.00499999989,304.600165
0.23961433,0.0169023192,0.00499999989,304.600165
0.222351892,0.0387489691,0.00499999989,305.543891
0.244895391,0.025042324,0.00499999989,304.081623
0.24100467,0.0290285407,0.00499999989,304.396296
0.239111073,0.0164001114,0.00499999989,304.657128
0.237932939,0.0150764263,0.00499999989,304.719239
0.220957342,0.0384459561,0.00499999989,305.535986
0.240147394,0.0280793819,0.00499999989,304.364552
0.240463677,0.0199896753,0.00499999989,304.295384
0.232681333,0.0275143876,0.00499999989,304.677709
0.233924006,0.0266509446,0.00499999989,304.518935
0.237522067,0.0168121161,0.00499999989,304.49959
0.243155435,0.0256956625,0.00499999989,304.098836
0.239780152,0.0202715137,0.00499999989,304.233078
0.228342932,0.00414314731,0.00499999989,305.214692
0.23185563,0.0114164393,0.00499999989,304.763126
0.241897116,0.0226306493,0.00499999989,304.147886
0.242327655,0.0239417797,0.00499999989,304.119595
0.21606379,0.0402965322,0.00499999989,305.498453
0.242313171,0.0258222553,0.00499999989,304.120284
0.220615632,0.0300817223,0.00499999989,305.031025
0.233183666,0.0123417756,0.00499999989,304.723436
0.22656845,0.0252337645,0.00499999989,304.652357
0.23839708,0.0260707767,0.00499999989,304.237317
0.234504325,0.0153456825,0.00499999989,304.415923
0.233740472,0.0152771929,0.00499999989,304.377767
0.240148476,0.0222478627,0.00499999989,304.13889
0.22554462,0.00427516533,0.00499999989,305.179369
0.214552777,0.0381030866,0.00499999989,305.388177
0.23365532,0.0248278114,0.00499999989,304.314882
0.238436231,0.025510266,0.00499999989,304.202832
0.233692275,0.015837288,0.00499999989,304.306537
0.231081745,0.0132593913,0.00499999989,304.451285
0.233823048,0.01729426,0.00499999989,304.168689
0.223588408,0.0229083245,0.00499999989,304.402297
0.228538191,0.0233575826,0.00499999989,304.347033
0.214129965,0.0300481717,0.00499999989,304.851866
0.228411899,0.0227262241,0.00499999989,304.273004
0.227121648,0.0107400845,0.00499999989,304.551704
0.231009723,0.0170760546,0.00499999989,304.040247
0.224651986,0.00860268589,0.00499999989,304.767558
0.234303131,0.0202855577,0.00499999989,304.069764
0.217649428,0.0233358619,0.00499999989,304.236306
0.220025126,0.0215901075,0.00499999989,304.124779
0.225575366,0.010578205,0.00499999989,304.5044
0.221023667,0.0210421185,0.00499999989,304.050842
0.232075007,0.0190161225,0.00499999989,304.008304
0.217376223,0.0224258077,0.00499999989,304.065498
0.225916839,0.0205225714,0.00499999989,304.016572
0.233042326,0.0209109721,0.00499999989,304.039622
0.224695693,0.0198774395,0.00499999989,303.978031
0.228553525,0.0176023182,0.00499999989,303.908576
0.226915014,0.0148605979,0.00499999989,303.987151
0.209551405,0.0274207217,0.00499999989,304.276025
0.217875056,0.0202616503,0.00499999989,303.902723
0.228012983,0.0172583315,0.00499999989,303.889291
0.220378276,0.00842658219,0.00499999989,304.809027
0.218639954,0.00823477726,0.00499999989,304.871489
0.225692014,0.0144383959,0.00499999989,304.003212
0.225672313,0.0147430661,0.00499999989,303.962128
0.216600195,0.0206110495,0.00499999989,303.860199
0.212823993,0.0244100298,0.00499999989,304.070575
0.227376722,0.0181003075,0.00499999989,303.873226
0.227407157,0.0184987404,0.00499999989,303.873226
0.219998147,0.00878988157,0.00499999989,304.778729
0.225320614,0.0147127382,0.00499999989,303.953646
0.225241792,0.0145532103,0.00499999989,303.953646
0.212203089,0.00756615979,0.00499999989,305.154921
0.224132377,0.0179601959,0.00499999989,303.825637
0.219963966,0.0184529862,0.00499999989,303.824609
0.224223951,0.0152302474,0.00499999989,303.905859
0.209421174,0.00418273507,0.00499999989,305.366225
0.208784066,0.00454671261,0.00499999989,305.366225
0.209549415,0.0259900046,0.00499999989,304.07307
0.220898618,0.0173972804,0.00499999989,303.806824
0.210840083,0.0247288635,0.00499999989,303.993183
0.221697778,0.01238433,0.00499999989,304.203652
0.213845787,0.0204658067,0.00499999989,303.83137
0.221341726,0.0163587916,0.00499999989,303.826628
0.212979628,0.0105206788,0.00499999989,304.887869
0.217939759,0.0165364954,0.00499999989,303.848196
0.213107586,0.0109928324,0.00499999989,304.814014
0.214954687,0.0181012704,0.00499999989,303.853892
0.219992495,0.0129260466,0.00499999989,304.131467
0.207902597,0.010536949,0.00499999989,305.083766
0.216216462,0.0165014922,0.00499999989,303.918122
0.217364321,0.0148609295,0.00499999989,304.015148
0.214500456,0.0170500379,0.00499999989,303.91562
0.213833142,0.0169491825,0.00499999989,303.953468
0.216420743,0.0128987979,0.00499999989,304.271432
0.210331651,0.0133529716,0.00499999989,304.663847
0.212279263,0.0136957363,0.00499999989,304.478816
0.206054887,0.0143415818,0.00499999989,304.81264
0.211451051,0.0178221983,0.00499999989,304.008759
0.212478399,0.0138815584,0.00499999989,304.396461
0.21292972,0.0145285258,0.00499999989,304.31747
0.210236688,0.0164878811,0.00499999989,304.178898
0.192488961,0.00610185612,0.00499999989,305.566986
0.191421315,0.00573208602,0.00499999989,305.600804
0.0170898136,0.0597731199,0.00499999989,306.49551
0.0180623551,0.0595708293,0.00499999989,306.416391
0.017860433,0.0598802098,0.00499999989,306.416391
0.0164146582,0.0640646202,0.00499999989,306.798094
0.0124955172,0.0637775446,0.00499999989,307.174461
0.0142883071,0.0681780244,0.00499999989,307.172255
0.00753895218,0.0676371125,0.00499999989,307.659951
0.01690372,0.067477976,0.00499999989,306.873529
0.0199624657,0.0647595275,0.00499999989,306.283598
0.022813022,0.0612075409,0.00499999989,305.978872
0.000126033107,0.0648036963,0.00499999989,307.683117
0.00200424675,0.0688597815,0.00499999989,307.924534
0.000781037867,0.0690607335,0.00499999989,307.949491
0.0172094689,0.0732455388,0.00499999989,307.025659
0.0235748367,0.0640694026,0.00499999989,306.042449
0.0157045512,0.0769333141,0.00499999989,307.445053
0.01733223,0.0743548277,0.00499999989,307.086919
0.0208173425,0.06869535,0.00499999989,306.291095
0.0215322527,0.0676882756,0.00499999989,306.224859
0.0160635132,0.077639966,0.00499999989,307.431732
0.0183361392,0.0724011485,0.00499999989,306.769264
0.0242327518,0.0644933498,0.00499999989,306.049925
0.0203803903,0.0725188864,0.00499999989,306.466763
0.0217146456,0.0696156073,0.00499999989,306.251771
0.0267308798,0.0626463982,0.00499999989,306.023962
0.0253830295,0.0571642833,0.00499999989,305.758931
0.0222087785,0.0703786521,0.00499999989,306.253533
0.0219327781,0.0703122153,0.00499999989,306.253533
0.0267392022,0.0580380467,0.00499999989,305.783455
0.0141101496,0.0854641652,0.00499999989,308.199377
0.0262470764,0.0673800291,0.00499999989,306.189902
0.0256785926,0.0685192622,0.00499999989,306.1879
0.0168054286,0.0830860628,0.00499999989,307.639022
0.0177136366,0.0812745615,0.00499999989,307.312869
0.0287557619,0.0604219719,0.00499999989,306.012766
0.0270783597,0.0676144578,0.00499999989,306.224169
0.0042733505,0.0884085844,0.00499999989,309.136175
0.0197098982,0.078689789,0.00499999989,306.735771
0.0286664093,0.0608494638,0.00499999989,306.056548
0.028679356,0.0594998728,0.00499999989,305.925718
0.0285262974,0.059420707,0.00499999989,305.925718
0.0268387431,0.0690107278,0.00499999989,306.250923
0.0253926059,0.0698000445,0.00499999989,306.203589
0.0189668723,0.0818221769,0.00499999989,307.051893
0.0280702036,0.067638415,0.00499999989,306.311456
0.00194893229,0.0903457224,0.00499999989,309.285179
0.0117713418,0.0913030662,0.00499999989,308.898722
0.0293954495,0.0581899074,0.00499999989,305.8486
0.0245888861,0.0733995679,0.00499999989,306.233009
0.0288178752,0.0699657487,0.00499999989,306.440648
0.0199172275,0.0845788028,0.00499999989,307.042936
0.0319691046,0.0633788054,0.00499999989,306.469499
0.00424469048,0.0960572821,0.00499999989,309.706631
0.0249587013,0.0765362684,0.00499999989,306.262754
0.00460541201,0.0971139687,0.00499999989,309.80196
0.0163395278,0.0953816796,0.00499999989,308.729744
0.0224903712,0.0824967663,0.00499999989,306.505408
0.02645466,0.0749036793,0.00499999989,306.294243
0.0306853005,0.0698864517,0.00499999989,306.646283
0.0200548811,0.0874274582,0.00499999989,307.243233
0.0183247791,0.092093404,0.00499999989,308.101757
0.0195350338,0.090278643,0.00499999989,307.62398
0.0254306857,0.0772714778,0.00499999989,306.279851
0.03430048,0.061706232,0.00499999989,306.473022
0.0307757354,0.0705518978,0.00499999989,306.675355
0.0310237925,0.070768949,0.00499999989,306.675355
0.0180984337,0.0944119336,0.00499999989,308.420012
0.0218391884,0.0858662343,0.00499999989,306.772898
0.0117483193,0.100380349,0.00499999989,309.66101
0.0207277181,0.0888764417,0.00499999989,307.211172
0.0190325354,0.0933502855,0.00499999989,308.110038
0.0210073129,0.0888443877,0.00499999989,307.163884
0.0241165582,0.0822172799,0.00499999989,306.368087
0.0118426466,0.102666682,0.00499999989,309.844432
0.0122412474,0.103280899,0.00499999989,309.844432
0.0176098713,0.10200542,0.00499999989,309.339083
0.0246306954,0.0817267672,0.00499999989,306.333931
0.0310865746,0.0740493401,0.00499999989,306.720038
0.0245725691,0.0846618475,0.00499999989,306.427301
0.00413611878,0.105569859,0.00499999989,310.34877
0.00681449041,0.105556494,0.00499999989,310.282047
0.020589793,0.094878936,0.00499999989,307.995728
0.0246534471,0.0855532477,0.00499999989,306.445538
0.0249688947,0.0844715211,0.00499999989,306.402495
0.0284356546,0.0783812917,0.00499999989,306.478301
0.0222796657,0.0908931533,0.00499999989,307.115501
0.0267069831,0.0816015739,0.00499999989,306.356993
0.022254063,0.0954679591,0.00499999989,307.840039
0.021619611,0.092984356,0.00499999989,307.537037
0.0223175577,0.104514858,0.00499999989,309.090843
0.0288986147,0.0793542313,0.00499999989,306.529374
0.0310341863,0.0764664236,0.00499999989,306.771705
0.0350217848,0.0752118023,0.00499999989,306.966361
0.0234361742,0.0911507881,0.00499999989,306.981523
0.023445985,0.0909651853,0.00499999989,306.981523
0.0297978233,0.0792657333,0.00499999989,306.623562
0.0456314564,0.0660020046,0.00499999989,306.856517
0.0464006715,0.0644553243,0.00499999989,306.796452
0.0284434494,0.0828790812,0.00499999989,306.483689
0.00890636491,0.112549365,0.00499999989,310.665343
0.0046286039,0.112344851,0.00499999989,310.816598
0.028542422,0.0832957323,0.00499999989,306.49466
0.0300910391,0.0807146324,0.00499999989,306.646147
0.0460393264,0.0698598437,0.00499999989,307.013928
0.00353358476,0.113827921,0.00499999989,310.873457
0.0278473712,0.107230069,0.00499999989,308.93724
0.026140769,0.097564276,0.00499999989,307.641007
0.0257307951,0.0971527115,0.00499999989,307.586158
0.0275314438,0.109889346,0.00499999989,309.143294
0.0209162796,0.113790665,0.00499999989,309.909289
0.0309577186,0.0817352736,0.00499999989,306.741599
0.0192296577,0.115015366,0.00499999989,310.058955
0.00635303832,0.116157474,0.00499999989,310.946471
0.0350336414,0.0842789918,0.00499999989,306.949117
0.0277781062,0.111990287,0.00499999989,309.263337
0.0308718843,0.0840482582,0.00499999989,306.722218
0.0478246394,0.0778028365,0.00499999989,307.170899
0.000367277084,0.116578351,0.00499999989,311.065625
0.028165789,0.0915002994,0.00499999989,306.577107
0.0270577021,0.0936830256,0.00499999989,306.866374
0.0276979358,0.0959462234,0.00499999989,307.169944
0.0289149075,0.0885275837,0.00499999989,306.48503
0.0214181951,0.11523937,0.00499999989,309.87087
0.0323933202,0.0843616664,0.00499999989,306.809874
0.0302145923,0.0986093741,0.00499999989,307.357001
0.0322537723,0.101835121,0.00499999989,307.761565
0.0286928608,0.112843924,0.00499999989,309.222174
0.017471453,0.118217319,0.00499999989,310.286085
0.034219448,0.0863795023,0.00499999989,306.852286
0.0509230689,0.078616196,0.00499999989,307.145586
0.0343630714,0.107516291,0.00499999989,308.425592
0.0267164799,0.114130361,0.00499999989,309.38092
0.0284647689,0.1134191,0.00499999989,309.244385
0.0350019786,0.105007049,0.00499999989,308.08484
0.0307832038,0.0886502743,0.00499999989,306.536867
0.0176211845,0.119361005,0.00499999989,310.309176
0.0184582659,0.118939831,0.00499999989,310.18571
0.0314040941,0.0860971751,0.00499999989,306.703213
0.0303104416,0.112790593,0.00499999989,309.091493
0.0564155374,0.0742975468,0.00499999989,307.026041
0.0513354713,0.0810073729,0.00499999989,307.110816
0.036696498,0.106391268,0.00499999989,308.180865
0.0328272675,0.11187681,0.00499999989,308.855594
0.0322472777,0.0874201932,0.00499999989,306.697255
0.0247725726,0.117022389,0.00499999989,309.56459
0.0471037999,0.0865329477,0.00499999989,307.009321
0.0104699916,0.12660033,0.00499999989,311.122231
0.0338341518,0.11138587,0.00499999989,308.780951
0.0295824697,0.114528774,0.00499999989,309.162683
0.0599966417,0.0721377864,0.00499999989,306.866984
0.0572056194,0.0795134776,0.00499999989,307.00693
0.0586106618,0.0780256513,0.00499999989,306.987032
0.0309350562,0.0919561463,0.00499999989,306.533554
0.0283606083,0.115403012,0.00499999989,309.264127
0.0358313063,0.110311916,0.00499999989,308.578527
0.0362064835,0.101989731,0.00499999989,307.351794
0.00216641333,0.128127863,0.00499999989,311.552603
0.0578854015,0.0787951582,0.00499999989,306.986128
0.0357971053,0.0899330327,0.00499999989,306.715954
0.0338813851,0.0894013853,0.00499999989,306.676762
0.0377166287,0.103567793,0.00499999989,307.592228
0.0350661516,0.112386422,0.00499999989,308.741926
0.0389992579,0.10794123,0.00499999989,308.23199
0.0326230601,0.0900535264,0.00499999989,306.569977
0.0328298651,0.0905441973,0.00499999989,306.559991
0.0330138336,0.0905253961,0.00499999989,306.559991
0.0209342319,0.120726452,0.00499999989,309.885283
0.00694777582,0.129556913,0.00499999989,311.469239
0.046284356,0.089476743,0.00499999989,306.854155
0.0472922162,0.0890235336,0.00499999989,306.873302
0.0518818152,0.0866286012,0.00499999989,306.871829
0.0486839737,0.0885195081,0.00499999989,306.865525
0.0321883078,0.0937455034,0.00499999989,306.582404
0.0348909913,0.0997250882,0.00499999989,307.024367
0.0382023964,0.110046106,0.00499999989,308.428051
0.0636495628,0.0758966448,0.00499999989,306.836968
0.0376843103,0.0912864994,0.00499999989,306.67933
0.0367103385,0.0915943979,0.00499999989,306.630676
0.046534461,0.0900856913,0.00499999989,306.808055
0.0466247949,0.0898133709,0.00499999989,306.815315
0.0490022029,0.0886230246,0.00499999989,306.826371
0.0385920517,0.103328956,0.00499999989,307.431884
0.0320250593,0.115262715,0.00499999989,309.062292
0.0269831924,0.118194772,0.00499999989,309.411606
0.0198235958,0.122917414,0.00499999989,309.971254
0.0222842959,0.121381499,0.00499999989,309.74734
0.0166277128,0.128444354,0.00499999989,310.530829
0.041591099,0.0928731308,0.00499999989,306.644617
0.0359352406,0.0984829006,0.00499999989,306.808942
0.0662961555,0.0680502702,0.00499999989,306.463536
0.0344256872,0.0950177586,0.00499999989,306.581762
0.0352600519,0.114779109,0.00499999989,308.88716
0.0175805754,0.12985944,0.00499999989,310.461032
0.0218489782,0.122631947,0.00499999989,309.772768
0.0670150991,0.0678031287,0.00499999989,306.411364
0.0616516666,0.0812326187,0.00499999989,306.78515
0.0372074104,0.0933183592,0.00499999989,306.553154
0.0341894029,0.0939938973,0.00499999989,306.554533
0.0413197878,0.108537624,0.00499999989,308.191945
0.0417168404,0.108200547,0.00499999989,308.128373
0.0382141687,0.113569654,0.00499999989,308.725576
0.0380491598,0.113471568,0.00499999989,308.725576
0.0264873543,0.121190035,0.00499999989,309.486014
0.0233619062,0.122836541,0.00499999989,309.658314
0.0696599667,0.0702682077,0.00499999989,306.457838
0.0396607361,0.0943797483,0.00499999989,306.534365
0.0475063803,0.0926041852,0.00499999989,306.553436
0.00717681558,0.136886019,0.00499999989,311.736894
0.0419579686,0.105875576,0.00499999989,307.777425
0.0411719582,0.102102638,0.00499999989,307.102568
0.00118332466,0.136156867,0.00499999989,311.93057
0.0694263392,0.074820285,0.00499999989,306.621186
0.0447365072,0.0943470627,0.00499999989,306.518534
0.0462427159,0.0939978152,0.00499999989,306.519807
0.0568151511,0.0864172759,0.00499999989,306.650883
0.0215690931,0.125111934,0.00499999989,309.80524
0.0174544343,0.132550343,0.00499999989,310.524255
0.020226919,0.12802617,0.00499999989,309.977407
0.00079269873,0.137154318,0.00499999989,311.989096
0.0694300861,0.0665248697,0.00499999989,306.169229
0.0555173471,0.0886100512,0.00499999989,306.569591
0.0545154659,0.0893587607,0.00499999989,306.563571
0.0332900427,0.118443951,0.00499999989,309.198591
0.0292739541,0.121262107,0.00499999989,309.444448
0.0427915424,0.103460897,0.00499999989,307.296695
0.0228954069,0.125133832,0.00499999989,309.728555
0.0227872332,0.12547828,0.00499999989,309.728555
0.0133515843,0.139821245,0.00499999989,311.395207
0.000347668072,0.139406862,0.00499999989,312.081427
0.0698573487,0.0768083841,0.00499999989,306.584793
0.0409916706,0.0960665584,0.00499999989,306.509707
0.0408798457,0.0959321593,0.00499999989,306.509707
0.0398061509,0.0957785245,0.00499999989,306.51503
0.0413635712,0.0958578676,0.00499999989,306.505298
0.057841285,0.0875333867,0.00499999989,306.536988
0.0511426723,0.0921807504,0.00499999989,306.511046
0.043917537,0.107019893,0.00499999989,307.906689
0.033816042,0.119584686,0.00499999989,309.299598
0.0301856209,0.121134942,0.00499999989,309.435878
0.0439182007,0.105747437,0.00499999989,307.753005
0.0659656506,0.081713449,0.00499999989,306.539909
0.0610011202,0.0859766643,0.00499999989,306.522446
0.0491099619,0.0941239292,0.00499999989,306.493238
0.0427598138,0.100892084,0.00499999989,306.84661
0.0304947477,0.121887698,0.00499999989,309.4729
0.0407719274,0.114666887,0.00499999989,308.757707
0.0173706921,0.136921226,0.00499999989,310.690879
0.0717126115,0.0758266161,0.00499999989,306.510632
0.0738992114,0.0706632773,0.00499999989,306.333359
0.0701799927,0.0782025807,0.00499999989,306.51166
0.0691827326,0.0787801265,0.00499999989,306.524092
0.0632311095,0.0843721712,0.00499999989,306.518569
0.0426598316,0.0964287657,0.00499999989,306.502889
0.0559357234,0.090565084,0.00499999989,306.499664
0.057389361,0.0900844298,0.00499999989,306.496212
0.0584310004,0.0882599011,0.00499999989,306.505401
0.0497351752,0.0944313123,0.00499999989,306.495677
0.00639564174,0.142876299,0.00499999989,312.098523
0.0452071252,0.1036435,0.00499999989,307.36869
0.0173835997,0.138882888,0.00499999989,310.74614
0.0215240751,0.13068658,0.00499999989,309.884506
0.0220333871,0.130627609,0.00499999989,309.855017
0.0714464581,0.06657375,0.00499999989,306.021392
0.0681833819,0.0807162057,0.00499999989,306.484722
0.0555164067,0.090922491,0.00499999989,306.499066
0.0426060745,0.0985619159,0.00499999989,306.595174
0.0289805672,0.124741366,0.00499999989,309.650644
0.0236190016,0.127313763,0.00499999989,309.715192
0.00671241559,0.147165658,0.00499999989,312.316022
0.0274511453,0.125521806,0.00499999989,309.663106
0.028490084,0.125916941,0.00499999989,309.723239
0.0167269403,0.142485649,0.00499999989,311.021101
0.0189991357,0.138895359,0.00499999989,310.461445
0.0187791434,0.138673445,0.00499999989,310.461445
0.0229189229,0.130417106,0.00499999989,309.801464
0.074893433,0.0694729435,0.00499999989,306.153536
0.0744113757,0.0675009244,0.00499999989,305.944211
0.0460103463,0.102580183,0.00499999989,307.207485
0.0198378464,0.136599885,0.00499999989,310.177544
0.0190900204,0.139029989,0.00499999989,310.41608
0.0753378464,0.0739814488,0.00499999989,306.390468
0.0492932031,0.0969714827,0.00499999989,306.590799
0.0588930924,0.0910547059,0.00499999989,306.530286
0.0471992716,0.104594266,0.00499999989,307.618433
0.0472961427,0.108650207,0.00499999989,308.17632
0.0450929677,0.113821365,0.00499999989,308.690909
0.074922932,0.075810274,0.00499999989,306.37769
0.0751935322,0.0759735414,0.00499999989,306.37769
0.0108353185,0.151045383,0.00499999989,312.240828
0.0458562811,0.0993382151,0.00499999989,306.710282
0.0405263151,0.119585184,0.00499999989,309.408239
0.0275611909,0.127473459,0.00499999989,309.756476
0.0186481415,0.143892623,0.00499999989,310.673795
0.018439759,0.143598546,0.00499999989,310.673795
0.0771693059,0.069953898,0.00499999989,306.064503
0.0735527608,0.0643423655,0.00499999989,305.689042
0.0651127004,0.0877328041,0.00499999989,306.520087
0.00973345472,0.151240204,0.00499999989,312.382813
0.0356714193,0.123322561,0.00499999989,309.833273
0.0359348678,0.123202569,0.00499999989,309.833273
0.0487721028,0.109076929,0.00499999989,308.272511
0.0430689193,0.117846968,0.00499999989,309.156687
0.0776029289,0.069674401,0.00499999989,306.042304
0.0780143403,0.0738429258,0.00499999989,306.322473
0.0769669106,0.0680820628,0.00499999989,305.898004
0.0593602681,0.0931012192,0.00499999989,306.678771
0.0614507823,0.0914267456,0.00499999989,306.651511
0.0406703877,0.121065878,0.00499999989,309.658486
0.0405019785,0.121575301,0.00499999989,309.738354
0.0390342892,0.122209232,0.00499999989,309.800349
0.0315985385,0.126614298,0.00499999989,310.040237
0.0204379976,0.141968136,0.00499999989,310.267262
0.0219773762,0.138165357,0.00499999989,310.023593
0.0241494469,0.134798547,0.00499999989,309.874336
0.0724224513,0.0818503737,0.00499999989,306.37398
0.0782007344,0.0695151024,0.00499999989,306.024383
0.0781321638,0.0687016934,0.00499999989,305.926555
0.0768975001,0.0662875028,0.00499999989,305.704247
0.065346504,0.0888333774,0.00499999989,306.593863
0.0178292409,0.148412227,0.00499999989,311.051801
0.0332597422,0.126390041,0.00499999989,310.076249
0.0497802996,0.107946561,0.00499999989,308.211124
0.0500869182,0.104103506,0.00499999989,307.786317
0.0440691237,0.11793433,0.00499999989,309.209304
0.0256632323,0.131294288,0.00499999989,309.823122
0.0247884967,0.134684219,0.00499999989,309.873602
0.0790720831,0.072595597,0.00499999989,306.268749
0.051393285,0.0990751774,0.00499999989,306.906122
0.0548381009,0.0972432491,0.00499999989,306.921785
0.0127130162,0.155661299,0.00499999989,312.436809
0.0506394097,0.103482305,0.00499999989,307.73262
0.0226912252,0.139448629,0.00499999989,310.004816
0.0755643711,0.0640705258,0.00499999989,305.570442
0.0647298401,0.0903222619,0.00499999989,306.685337
0.030697706,0.128980733,0.00499999989,310.127358
0.0231697415,0.138369316,0.00499999989,309.951251
0.0227586342,0.140385274,0.00499999989,310.008779
0.0736374991,0.0823452711,0.00499999989,306.388295
0.0800849915,0.0715815036,0.00499999989,306.168956
0.0806090274,0.0706216913,0.00499999989,306.084908
0.0754840872,0.0632495554,0.00499999989,305.525649
0.0533196997,0.0992870244,0.00499999989,307.175541
0.0630558864,0.0932799253,0.00499999989,306.950536
0.0509522841,0.110316768,0.00499999989,308.445348
0.045420174,0.120618224,0.00499999989,309.666392
0.0233004738,0.140247309,0.00499999989,309.984611
0.0252795643,0.137064736,0.00499999989,309.92941
0.0800378485,0.0674152689,0.00499999989,305.773265
0.0775632044,0.0803072812,0.00499999989,306.338253
0.0643589748,0.0923591726,0.00499999989,306.917294
0.0552833379,0.0990019583,0.00499999989,307.275453
0.0202657666,0.148079521,0.00499999989,310.525518
0.0436693815,0.12220574,0.00499999989,309.874233
0.046927554,0.118768363,0.00499999989,309.355572
0.0481734242,0.117313473,0.00499999989,309.082369
0.0274362853,0.132739799,0.00499999989,309.971537
0.0183910542,0.152862557,0.00499999989,311.300509
0.0258254162,0.137233846,0.00499999989,309.95308
0.0554647057,0.0992255509,0.00499999989,307.376766
0.0308204293,0.131164867,0.00499999989,310.235449
0.0186365376,0.153973794,0.00499999989,311.313389
0.0226627485,0.146243594,0.00499999989,310.149614
0.071883301,0.0870274325,0.00499999989,306.708986
0.0817646417,0.0709799673,0.00499999989,306.132314
0.0798705764,0.0785322528,0.00499999989,306.331704
0.0636314504,0.0948688525,0.00499999989,307.368665
0.0482513096,0.119222118,0.00499999989,309.384023
0.0383369707,0.131182692,0.00499999989,310.50181
0.0244069566,0.142021217,0.00499999989,309.995127
0.0269460888,0.137630156,0.00499999989,310.017424
0.0825165439,0.0747791041,0.00499999989,306.384142
0.0807583901,0.0662988834,0.00499999989,305.639136
0.0798940536,0.0644475431,0.00499999989,305.531437
0.075920524,0.0839471692,0.00499999989,306.502769
0.0218754455,0.148825179,0.00499999989,310.342462
0.0177251209,0.161158077,0.00499999989,312.341358
0.0520166223,0.11449776,0.00499999989,308.793591
0.052797233,0.11273131,0.00499999989,308.672632
0.051315047,0.116789281,0.00499999989,308.977381
0.0353205217,0.132700172,0.00499999989,310.524925
0.0229827914,0.147329252,0.00499999989,310.167263
0.0250399882,0.142556674,0.00499999989,310.009132
0.0755029495,0.0848384884,0.00499999989,306.575112
0.0780852816,0.082975327,0.00499999989,306.435295
0.0207939114,0.151675036,0.00499999989,310.623304
0.0189774452,0.15738865,0.00499999989,311.642284
0.0587560354,0.101287521,0.00499999989,307.966763
0.0525539865,0.116060242,0.00499999989,308.91147
0.0407002341,0.132257082,0.00499999989,310.603833
0.0299137186,0.135290652,0.00499999989,310.275792
0.0299769552,0.135121622,0.00499999989,310.275792
0.0237979556,0.146829463,0.00499999989,310.098308
0.0238694823,0.148041849,0.00499999989,310.128035
0.0840643567,0.0719330867,0.00499999989,306.26585
0.083046552,0.0683595174,0.00499999989,305.854798
0.0823499552,0.066294045,0.00499999989,305.645158
0.0695989807,0.0916475011,0.00499999989,307.296693
0.0432245231,0.131279835,0.00499999989,310.567532
0.0519709762,0.117430533,0.00499999989,309.03631
0.0204543401,0.154382131,0.00499999989,310.943252
0.08250876,0.0777013468,0.00499999989,306.378636
0.0643400841,0.0976895473,0.00499999989,307.885104
0.0545889311,0.110922611,0.00499999989,308.627936
0.0496450878,0.123453953,0.00499999989,309.91719
0.0341053289,0.137737854,0.00499999989,310.627591
0.044837119,0.133276897,0.00499999989,310.666641
0.0852538108,0.0717571719,0.00499999989,306.320871
0.0842784614,0.0683798633,0.00499999989,305.913312
0.0779693314,0.0850725165,0.00499999989,306.652109
0.0208386066,0.162137209,0.00499999989,312.036875
0.0212769954,0.164772484,0.00499999989,312.376028
0.0499470932,0.121662812,0.00499999989,309.712276
0.049739489,0.13017413,0.00499999989,310.472452
0.0272654364,0.142894563,0.00499999989,310.093492
0.0286049288,0.140681973,0.00499999989,310.21094
0.0287041385,0.139951358,0.00499999989,310.218467
0.0703403374,0.0942835219,0.00499999989,307.721634
0.0235823344,0.151604089,0.00499999989,310.290141
0.0560561785,0.111501529,0.00499999989,308.73017
0.066107997,0.101364581,0.00499999989,308.326851
0.0410501896,0.138400683,0.00499999989,310.802324
0.0281603909,0.142525928,0.00499999989,310.183572
0.0856502864,0.0699081538,0.00499999989,306.129987
0.0809462065,0.0610513107,0.00499999989,305.491018
0.0809378371,0.0845003777,0.00499999989,306.630027
0.021316595,0.159847324,0.00499999989,311.518663
0.0482348526,0.134474297,0.00499999989,310.699732
0.0578661505,0.112392853,0.00499999989,308.832725
0.0676537459,0.107109303,0.00499999989,308.920534
0.0872948152,0.0731619365,0.00499999989,306.518345
0.086031198,0.067190636,0.00499999989,305.821277
0.0806795193,0.0855240472,0.00499999989,306.764864
0.0563466653,0.115219423,0.00499999989,308.908506
0.0402144473,0.141978354,0.00499999989,310.848548
0.0302216182,0.142196655,0.00499999989,310.394331
0.0265265817,0.149892566,0.00499999989,310.133191
0.0878463856,0.0719748344,0.00499999989,306.473359
0.0226344507,0.158449468,0.00499999989,311.078927
0.0528094278,0.131406465,0.00499999989,310.497975
0.066597159,0.112429239,0.00499999989,309.186162
0.0697913208,0.108020869,0.00499999989,309.040491
0.0543305333,0.119494243,0.00499999989,309.225055
0.0325604812,0.142255531,0.00499999989,310.57348
0.0868428825,0.0684077247,0.00499999989,306.030891
0.0818046505,0.0855934816,0.00499999989,306.762558
0.0247300296,0.163179251,0.00499999989,311.639341
0.0624606016,0.113549062,0.00499999989,309.065143
0.0612289134,0.11388108,0.00499999989,309.027117
0.0654362874,0.114510491,0.00499999989,309.204165
0.0566369829,0.116625246,0.00499999989,308.984741
0.02922371,0.145348893,0.00499999989,310.297291
0.0785071376,0.0936553575,0.00499999989,307.945534
0.0882925719,0.0693160186,0.00499999989,306.22345
0.083624993,0.0844294659,0.00499999989,306.576422
0.0727267862,0.101101358,0.00499999989,308.527546
0.0722415523,0.102327062,0.00499999989,308.623538
0.0556157478,0.125776539,0.00499999989,309.958617
0.0668696143,0.115390442,0.00499999989,309.249283
0.0854737791,0.0819653955,0.00499999989,306.469413
0.0883522917,0.0672285991,0.00499999989,305.925241
0.0266469576,0.152772675,0.00499999989,310.181208
0.0566969476,0.126268469,0.00499999989,309.977612
0.0560759236,0.125769575,0.00499999989,309.949958
0.0556950908,0.135495382,0.00499999989,310.636145
0.0743238236,0.106501576,0.00499999989,308.999963
0.0585895839,0.116305501,0.00499999989,308.984362
0.0562623645,0.120119332,0.00499999989,309.222071
0.0500681205,0.142154907,0.00499999989,310.883972
0.0498175785,0.141797762,0.00499999989,310.883972
0.0317020321,0.145398502,0.00499999989,310.541509
0.088150078,0.0648761768,0.00499999989,305.676001
0.0550842057,0.138232092,0.00499999989,310.736214
0.0537679132,0.140220586,0.00499999989,310.806328
0.0755641997,0.108590677,0.00499999989,309.205454
0.0757636389,0.109291268,0.00499999989,309.205454
0.0589970088,0.116306675,0.00499999989,309.001262
0.0568459093,0.120682736,0.00499999989,309.252772
0.0410830244,0.149006433,0.00499999989,310.836299
0.0319199433,0.146036139,0.00499999989,310.563315
0.0325690134,0.147502582,0.00499999989,310.602722
0.0364902924,0.149745033,0.00499999989,310.715707
0.0819571025,0.0893358243,0.00499999989,307.422164
0.026003867,0.158496886,0.00499999989,310.626693
0.0265083085,0.15689694,0.00499999989,310.400905
0.0574654844,0.138580191,0.00499999989,310.714588
0.0572405016,0.125457686,0.00499999989,309.841111
0.068592067,0.116230003,0.00499999989,309.306562
0.0781018325,0.106323846,0.00499999989,309.069101
0.058265805,0.119116122,0.00499999989,309.132518
0.0825561168,0.0911424989,0.00499999989,307.705521
0.0880323165,0.0629722207,0.00499999989,305.528423
0.0277594188,0.163949395,0.00499999989,311.318591
0.0275334463,0.155146324,0.00499999989,310.244091
0.0589194199,0.136295394,0.00499999989,310.584242
0.059970635,0.128554078,0.00499999989,310.040147
0.0616049837,0.116198431,0.00499999989,309.060291
0.0719225481,0.117084972,0.00499999989,309.403163
0.0350023879,0.151173136,0.00499999989,310.645044
0.083442547,0.0947969881,0.00499999989,308.142257
0.0266933548,0.160945624,0.00499999989,310.886803
0.0285035724,0.163588711,0.00499999989,311.182905
0.0283632015,0.154518843,0.00499999989,310.209888
0.0476217031,0.149172922,0.00499999989,310.832533
0.0622114321,0.134699645,0.00499999989,310.438883
0.0592753039,0.119901212,0.00499999989,309.163728
0.0353523886,0.152481938,0.00499999989,310.599775
0.0833563218,0.0980504679,0.00499999989,308.475718
0.0920373614,0.079251672,0.00499999989,306.774924
0.0583988171,0.1247402,0.00499999989,309.64621
0.0578991475,0.122806577,0.00499999989,309.428738
0.0634762822,0.132552176,0.00499999989,310.222797
0.0699450682,0.117713923,0.00499999989,309.345201
0.0675635759,0.118026568,0.00499999989,309.265592
0.0677822995,0.117829996,0.00499999989,309.265592
0.0611983961,0.117698107,0.00499999989,309.083858
0.0792633671,0.112099091,0.00499999989,309.360584
0.028831255,0.162258881,0.00499999989,310.859348
0.0291583717,0.16230857,0.00499999989,310.859348
0.0621548231,0.129945322,0.00499999989,310.073468
0.0637992557,0.131195159,0.00499999989,310.150274
0.0599289814,0.125323435,0.00499999989,309.622624
0.0658009766,0.133758066,0.00499999989,310.217386
0.0610136034,0.119025338,0.00499999989,309.123614
0.0297152158,0.162799818,0.00499999989,310.833244
0.0297611348,0.154740138,0.00499999989,310.226441
0.0653305716,0.135111366,0.00499999989,310.347269
0.0552908429,0.148519416,0.00499999989,310.721757
0.0705922239,0.119655974,0.00499999989,309.330736
0.059964342,0.123553923,0.00499999989,309.423802
0.0668539366,0.133149862,0.00499999989,310.151913
0.0843097574,0.113844952,0.00499999989,309.410464
0.0681564917,0.120445891,0.00499999989,309.247591
0.0452953216,0.154249846,0.00499999989,310.649431
0.0472939671,0.154018221,0.00499999989,310.641794
0.0328399413,0.164964821,0.00499999989,310.928377
0.0304169164,0.160772993,0.00499999989,310.509017
0.0660356869,0.131149176,0.00499999989,310.016442
0.0504282723,0.152857615,0.00499999989,310.626455
0.0621644878,0.125835409,0.00499999989,309.568999
0.062180377,0.120041845,0.00499999989,309.170783
0.0876051157,0.106184017,0.00499999989,309.032295
0.0404298878,0.156142983,0.00499999989,310.541447
0.0346709323,0.155724628,0.00499999989,310.381599
0.0869711405,0.0906318389,0.00499999989,307.443013
0.0866164685,0.0907308093,0.00499999989,307.443013
0.0953226013,0.0820770241,0.00499999989,306.863555
0.088168541,0.0887396966,0.00499999989,307.041386
0.0651260182,0.129915044,0.00499999989,309.904275
0.0646427291,0.128069599,0.00499999989,309.73648
0.0675524568,0.131302446,0.00499999989,309.937592
0.061106568,0.1470328,0.00499999989,310.550313
0.0984296291,0.0821471261,0.00499999989,307.013555
0.0903812597,0.0873757073,0.00499999989,306.813645
0.0541520146,0.151390173,0.00499999989,310.589131
0.0495274504,0.154223233,0.00499999989,310.55147
0.0634721804,0.120911245,0.00499999989,309.204255
0.0775593278,0.122216885,0.00499999989,309.418365
0.0777178735,0.122132222,0.00499999989,309.418365
0.045665206,0.15621343,0.00499999989,310.490317
0.0454215507,0.156420887,0.00499999989,310.490317
0.0895455708,0.0923062914,0.00499999989,307.608531
0.104325472,0.0829429733,0.00499999989,307.2666
0.0911448691,0.0879623124,0.00499999989,306.861081
0.0319186124,0.160608113,0.00499999989,310.38127
0.06695584,0.14338059,0.00499999989,310.428377
0.0714226574,0.139766996,0.00499999989,310.284699
0.0631485542,0.146558964,0.00499999989,310.459126
0.0901453551,0.11361201,0.00499999989,309.337564
0.0893990654,0.113535153,0.00499999989,309.337564
0.0864737176,0.119771862,0.00499999989,309.408996
0.0822627854,0.122854463,0.00499999989,309.3914
0.0399306882,0.157621696,0.00499999989,310.396731
0.0474123779,0.155745537,0.00499999989,310.473452
0.110148278,0.0756161134,0.00499999989,307.369443
0.0645839787,0.124998859,0.00499999989,309.415869
0.0657871271,0.127342416,0.00499999989,309.570908
0.0716956119,0.123271907,0.00499999989,309.260736
0.0850972268,0.121459742,0.00499999989,309.393105
0.0742084168,0.123910565,0.00499999989,309.275288
0.0358212129,0.157682789,0.00499999989,310.295954
0.0487758877,0.156614364,0.00499999989,310.350891
0.0936437232,0.0974099042,0.00499999989,308.202435
0.0348219137,0.162371012,0.00499999989,310.412842
0.036496827,0.165484378,0.00499999989,310.666529
0.0514875928,0.154983209,0.00499999989,310.379504
0.0646799361,0.124303423,0.00499999989,309.362734
0.0652402488,0.125138882,0.00499999989,309.402671
0.0688987663,0.12945825,0.00499999989,309.624065
0.0925871843,0.112863445,0.00499999989,309.274764
0.0711316359,0.123673073,0.00499999989,309.253419
0.0740986546,0.124358672,0.00499999989,309.25672
0.0672503047,0.123832111,0.00499999989,309.287847
0.0396900533,0.159009699,0.00499999989,310.290703
0.0447500926,0.15826423,0.00499999989,310.331098
0.108791861,0.0830805648,0.00499999989,307.384453
0.10550852,0.0849384266,0.00499999989,307.239537
0.0380516411,0.167485934,0.00499999989,310.930067
0.037573396,0.16913205,0.00499999989,311.309872
0.0667817675,0.144651906,0.00499999989,310.363289
0.0666456966,0.144744088,0.00499999989,310.363289
0.0535016872,0.15538763,0.00499999989,310.284816
0.0648989913,0.14767473,0.00499999989,310.305403
0.0755216179,0.124212974,0.00499999989,309.279003
0.0713282387,0.124640112,0.00499999989,309.252281
0.0718489961,0.124431301,0.00499999989,309.248207
0.0937652956,0.0855684355,0.00499999989,306.729687
0.112354833,0.0825105364,0.00499999989,307.455099
0.0378335086,0.16505806,0.00499999989,310.544573
0.0694160876,0.143329202,0.00499999989,310.288889
0.072525983,0.133259342,0.00499999989,309.803726
0.0544737885,0.154943515,0.00499999989,310.279565
0.0666351226,0.125642659,0.00499999989,309.392964
0.0719869891,0.132351793,0.00499999989,309.717744
0.0915175235,0.118822563,0.00499999989,309.300472
0.0379498194,0.159558046,0.00499999989,310.256668
0.0460035432,0.159181482,0.00499999989,310.246003
0.0953539743,0.0856013997,0.00499999989,306.749661
0.114126669,0.0767053772,0.00499999989,307.454798
0.0713676596,0.143203209,0.00499999989,310.211198
0.0518941185,0.156758501,0.00499999989,310.251808
0.0721814394,0.131708056,0.00499999989,309.64996
0.0926569158,0.117617951,0.00499999989,309.291558
0.0684438966,0.125366634,0.00499999989,309.335424
0.042704858,0.160768767,0.00499999989,310.216879
0.0936010123,0.0891236922,0.00499999989,306.954143
0.100099078,0.105320116,0.00499999989,308.699875
0.0726496413,0.14256392,0.00499999989,310.167764
0.0713428304,0.144164411,0.00499999989,310.178001
0.0600528271,0.152260959,0.00499999989,310.271541
0.0544319584,0.15671947,0.00499999989,310.229133
0.0605701933,0.152063206,0.00499999989,310.264865
0.0931968062,0.118002893,0.00499999989,309.273167
0.0774607953,0.125930906,0.00499999989,309.218105
0.0879437324,0.123435194,0.00499999989,309.223514
0.0792392477,0.126711135,0.00499999989,309.204687
0.0853665911,0.12545325,0.00499999989,309.204065
0.0449628364,0.160975531,0.00499999989,310.198456
0.0516269077,0.158365096,0.00499999989,310.210499
0.100651118,0.102247017,0.00499999989,308.389997
0.106161334,0.0874069744,0.00499999989,307.171944
0.108328069,0.0872068239,0.00499999989,307.25454
0.114852095,0.0832697665,0.00499999989,307.484733
0.0392632442,0.165202142,0.00499999989,310.481606
0.040146275,0.168751358,0.00499999989,311.05097
0.0613850014,0.152560941,0.00499999989,310.248797
0.0585908775,0.154854127,0.00499999989,310.245955
0.0744627781,0.131429002,0.00499999989,309.516542
0.0956544773,0.116807848,0.00499999989,309.211051
0.0988919652,0.113720716,0.00499999989,309.125093
0.0770416663,0.127041649,0.00499999989,309.195011
0.0389369964,0.161253352,0.00499999989,310.243652
0.0963968441,0.0948671672,0.00499999989,307.606314
0.111529543,0.0873782747,0.00499999989,307.332946
0.0941351135,0.0907155869,0.00499999989,307.075671
0.0405035166,0.16595893,0.00499999989,310.519509
0.0684453785,0.147304407,0.00499999989,310.187334
0.0766737523,0.135621067,0.00499999989,309.870642
0.0732011962,0.129498373,0.00499999989,309.390414
0.100225629,0.111322863,0.00499999989,309.01535
0.079538837,0.127280251,0.00499999989,309.184523
0.0995359933,0.0980170534,0.00499999989,307.906719
0.0973286408,0.0882378035,0.00499999989,306.824396
0.0749602697,0.142832512,0.00499999989,310.086969
0.0774107005,0.127854262,0.00499999989,309.194272
0.0883761806,0.124880263,0.00499999989,309.166903
0.0898172061,0.123609816,0.00499999989,309.164925
0.0779094957,0.128168301,0.00499999989,309.19652
0.046035381,0.162165371,0.00499999989,310.206145
0.0975351934,0.0953659607,0.00499999989,307.583114
0.1141299,0.0893341467,0.00499999989,307.333817
0.10566901,0.0891547763,0.00499999989,307.030401
0.107615279,0.0891045918,0.00499999989,307.099852
0.0956735517,0.0904472088,0.00499999989,307.014932
0.0696450003,0.148243144,0.00499999989,310.148364
0.101366217,0.112692416,0.00499999989,309.023453
0.0752887032,0.128345294,0.00499999989,309.241224
0.0843183172,0.128018255,0.00499999989,309.179979
0.0787345257,0.128412854,0.00499999989,309.19504
0.0785682092,0.128454044,0.00499999989,309.19504
0.100376871,0.0969611976,0.00499999989,307.684155
0.0719614476,0.146182337,0.00499999989,310.107279
0.0569415944,0.158682356,0.00499999989,310.326468
0.0569378269,0.158506402,0.00499999989,310.326468
0.0744651681,0.145186131,0.00499999989,310.077706
0.0934757194,0.121960848,0.00499999989,309.148394
0.0489621799,0.162799077,0.00499999989,310.28097
0.0977774487,0.0899387323,0.00499999989,306.907625
0.11184015,0.0905941394,0.00499999989,307.197066
0.122845847,0.0844802437,0.00499999989,307.459261
0.0969521249,0.0911952917,0.00499999989,307.053734
0.0430714737,0.166288086,0.00499999989,310.534828
0.0773116511,0.131097169,0.00499999989,309.360978
0.090206413,0.126717408,0.00499999989,309.199097
0.0775059157,0.130145745,0.00499999989,309.279305
0.102638912,0.0988046906,0.00499999989,307.803812
0.105258454,0.102543905,0.00499999989,308.20567
0.104783527,0.0905651624,0.00499999989,306.94339
0.0982959907,0.0908541765,0.00499999989,306.962344
0.105785096,0.109734564,0.00499999989,308.793018
0.0800394783,0.138814734,0.00499999989,310.020893
0.0792116329,0.140985475,0.00499999989,310.04593
0.0622961763,0.15616417,0.00499999989,310.390581
0.0852306805,0.1294245,0.00499999989,309.236209
0.0447103075,0.164941865,0.00499999989,310.412772
0.116996805,0.0905825158,0.00499999989,307.266426
0.118232678,0.0897149579,0.00499999989,307.293061
0.122903868,0.0856333613,0.00499999989,307.414531
0.108266673,0.0914928697,0.00499999989,307.011783
0.105508105,0.100953354,0.00499999989,307.957473
0.105363705,0.100872772,0.00499999989,307.957473
0.100056032,0.0936300658,0.00499999989,307.20902
0.0999004692,0.0937012878,0.00499999989,307.20902
0.0759811613,0.146065933,0.00499999989,310.072688
0.0932179346,0.124389202,0.00499999989,309.170947
0.0974794458,0.120040938,0.00499999989,309.110987
0.0956662345,0.122886132,0.00499999989,309.167797
0.0930636215,0.125109755,0.00499999989,309.200978
0.0864313418,0.129808938,0.00499999989,309.282844
0.103820852,0.0984719397,0.00499999989,307.622497
0.109701292,0.0920564534,0.00499999989,307.009293
0.10852269,0.104562864,0.00499999989,308.33977
0.075839713,0.147421458,0.00499999989,310.104192
0.0598326675,0.159003294,0.00499999989,310.501857
0.0548382115,0.162115024,0.00499999989,310.522373
0.0570925243,0.161179044,0.00499999989,310.611829
0.063430006,0.156338574,0.00499999989,310.452388
0.0621881656,0.158329846,0.00499999989,310.583292
0.0704301356,0.150385121,0.00499999989,310.198313
0.0922675215,0.126257786,0.00499999989,309.228134
0.104038409,0.0980180585,0.00499999989,307.532293
0.113175735,0.0928319104,0.00499999989,307.061611
0.123931318,0.0871231954,0.00499999989,307.333006
0.107372844,0.0926782258,0.00499999989,306.965823
0.106171482,0.093281963,0.00499999989,306.975018
0.10914365,0.105636359,0.00499999989,308.39864
0.0604906284,0.159545025,0.00499999989,310.647255
0.0585251638,0.160600266,0.00499999989,310.641934
0.0690688678,0.153785453,0.00499999989,310.447815
0.081960936,0.138893854,0.00499999989,310.040457
0.0969994508,0.122154218,0.00499999989,309.166452
0.0874916151,0.130678257,0.00499999989,309.388222
0.109405443,0.105224117,0.00499999989,308.351029
0.108007063,0.101759168,0.00499999989,307.891646
0.115889625,0.0927468201,0.00499999989,307.10363
0.102731681,0.0933273452,0.00499999989,307.048345
0.128548697,0.0811822152,0.00499999989,307.380576
0.127391008,0.0838433042,0.00499999989,307.34474
0.105261413,0.0937546896,0.00499999989,306.998167
0.107061654,0.112083621,0.00499999989,308.797688
0.110566871,0.106972851,0.00499999989,308.49909
0.058036338,0.161648335,0.00499999989,310.768058
0.0618339127,0.159313805,0.00499999989,310.727997
0.070553292,0.152330128,0.00499999989,310.350904
0.0955815092,0.124413636,0.00499999989,309.231785
0.093272142,0.126754538,0.00499999989,309.301826
0.0485821366,0.166753022,0.00499999989,310.815487
0.0487444703,0.166832972,0.00499999989,310.815487
0.119242408,0.0915291308,0.00499999989,307.146256
0.120506438,0.0906661728,0.00499999989,307.180654
0.129159301,0.0803361739,0.00499999989,307.360881
0.0715734903,0.151785828,0.00499999989,310.305802
0.0601346661,0.160431429,0.00499999989,310.762834
0.079642848,0.145421818,0.00499999989,310.06935
0.0834807909,0.137436869,0.00499999989,309.987884
0.0968724098,0.124703508,0.00499999989,309.329506
0.103031736,0.117687211,0.00499999989,309.036566
0.0831045397,0.133254962,0.00499999989,309.521872
0.113308436,0.0940496297,0.00499999989,306.998931
0.131422058,0.0798069829,0.00499999989,307.294964
0.12682618,0.0862905801,0.00499999989,307.251432
0.110382808,0.103698095,0.00499999989,308.046587
0.0719439467,0.152546663,0.00499999989,310.413869
0.083132016,0.140367133,0.00499999989,310.120887
0.0874537452,0.132364789,0.00499999989,309.543328
0.0916465915,0.130304991,0.00499999989,309.577302
0.0506588326,0.166516318,0.00499999989,310.92843
0.0515672803,0.166905924,0.00499999989,311.084202
0.108958742,0.112195913,0.00499999989,308.737087
0.116291419,0.0949005153,0.00499999989,307.001866
0.131157942,0.0808594112,0.00499999989,307.292651
0.111894799,0.108462508,0.00499999989,308.515852
0.0751817456,0.15016507,0.00499999989,310.278138
0.0829838513,0.141671275,0.00499999989,310.107065
0.06969906,0.155683933,0.00499999989,310.789455
0.0844381192,0.136650804,0.00499999989,309.958487
0.0940939394,0.128986002,0.00499999989,309.547277
0.0836511837,0.13472001,0.00499999989,309.678025
0.0878828061,0.132760885,0.00499999989,309.610963
0.0880168684,0.133201275,0.00499999989,309.688673
0.0923251365,0.13077883,0.00499999989,309.645709
0.112543348,0.105465271,0.00499999989,308.258438
0.107821574,0.0954746244,0.00499999989,307.051791
0.0742103105,0.152582939,0.00499999989,310.569989
0.0621818967,0.161619119,0.00499999989,311.173194
0.0542997466,0.165802622,0.00499999989,311.169447
0.0539304864,0.166219689,0.00499999989,311.247781
0.0647672772,0.159913796,0.00499999989,311.103126
0.103651238,0.119598474,0.00499999989,309.138215
0.0986507217,0.124903014,0.00499999989,309.405782
0.1090952,0.114175113,0.00499999989,308.813906
0.0963310215,0.127267801,0.00499999989,309.518626
0.113331182,0.107399075,0.00499999989,308.427044
0.116821072,0.0957480699,0.00499999989,307.023281
0.084417259,0.135375904,0.00499999989,309.795514
0.083168268,0.143340812,0.00499999989,310.103458
0.0564577936,0.16519417,0.00499999989,311.296858
0.0699307383,0.156455067,0.00499999989,310.971896
0.0724899768,0.154644574,0.00499999989,310.813723
0.0935484854,0.1309131,0.00499999989,309.769813
0.113201397,0.10965104,0.00499999989,308.537714
0.078865944,0.150719764,0.00499999989,310.42452
0.0686344576,0.158753551,0.00499999989,311.249982
0.0985952561,0.126874044,0.00499999989,309.616076
0.0956955746,0.12931284,0.00499999989,309.72776
0.0911874538,0.13246792,0.00499999989,309.83366
0.115985948,0.0973531892,0.00499999989,307.100143
0.114098416,0.0976247202,0.00499999989,307.113502
0.129672857,0.0871310807,0.00499999989,307.136561
0.0596375261,0.166820444,0.00499999989,311.731961
0.0662336962,0.163311234,0.00499999989,311.748836
0.0759350855,0.153377494,0.00499999989,310.829217
0.114712111,0.107260257,0.00499999989,308.375238
0.11456172,0.104566966,0.00499999989,308.066656
0.111500859,0.0985136814,0.00499999989,307.229672
0.1231215,0.0935742728,0.00499999989,307.081041
0.114637306,0.0981703718,0.00499999989,307.166476
0.114817592,0.0981973862,0.00499999989,307.166476
0.1132747,0.112170473,0.00499999989,308.650342
0.0675721559,0.162494005,0.00499999989,311.718073
0.0823772766,0.148708822,0.00499999989,310.200185
0.115837228,0.107265937,0.00499999989,308.365337
0.111617341,0.114925984,0.00499999989,308.822431
0.123849166,0.0934503635,0.00499999989,307.093331
0.133233681,0.0846168707,0.00499999989,307.088187
0.129368283,0.0899730342,0.00499999989,307.131972
0.0707718318,0.159721016,0.00499999989,311.496675
0.0627539932,0.167943442,0.00499999989,312.02033
0.0875104769,0.141280389,0.00499999989,310.320367
0.0882450155,0.136685672,0.00499999989,310.155509
0.105463612,0.122162391,0.00499999989,309.40315
0.115955995,0.108013577,0.00499999989,308.414902
0.132873973,0.0855023527,0.00499999989,307.077193
0.129849309,0.0904621154,0.00499999989,307.148978
0.0707700246,0.163449901,0.00499999989,311.875678
0.0645525983,0.167424813,0.00499999989,312.055013
0.101542484,0.127443598,0.00499999989,309.90761
0.113935496,0.100374723,0.00499999989,307.432354
0.116733664,0.0991367151,0.00499999989,307.296405
0.126828298,0.0926767486,0.00499999989,307.173092
0.132466711,0.0875652735,0.00499999989,307.082759
0.133847454,0.0858471182,0.00499999989,307.056195
0.0650483233,0.169605384,0.00499999989,312.281574
0.116844264,0.110695474,0.00499999989,308.569246
0.116459538,0.103378265,0.00499999989,307.889213
0.123555037,0.0963853927,0.00499999989,307.253032
0.13294366,0.0875853452,0.00499999989,307.0859
0.133067947,0.0878566525,0.00499999989,307.0859
0.111289702,0.11813884,0.00499999989,309.142128
0.0872043923,0.144089816,0.00499999989,310.242443
0.0910691583,0.137611068,0.00499999989,310.338029
0.117041077,0.103238294,0.00499999989,307.927058
0.114832352,0.114911644,0.00499999989,308.809446
0.122665529,0.0975454226,0.00499999989,307.367971
0.131910959,0.0902309952,0.00499999989,307.169367
0.0752538311,0.165209719,0.00499999989,312.275596
0.0950901975,0.138176771,0.00499999989,310.538784
0.126475072,0.0943807541,0.00499999989,307.262495
0.0863616947,0.148479249,0.00499999989,310.22886
0.0859259802,0.149420007,0.00499999989,310.273292
0.109373024,0.122461337,0.00499999989,309.668666
0.0977286226,0.135117996,0.00499999989,310.482277
0.119177835,0.106162178,0.00499999989,308.346486
0.118061567,0.102002863,0.00499999989,307.710078
0.117858732,0.101786404,0.00499999989,307.710078
0.125736548,0.0962158321,0.00499999989,307.417455
0.0805204074,0.162507499,0.00499999989,312.067438
0.098974644,0.136440611,0.00499999989,310.61948
0.117240703,0.114052797,0.00499999989,308.775394
0.124842236,0.0981722227,0.00499999989,307.581885
0.12184249,0.100865696,0.00499999989,307.789048
0.0819555159,0.160624462,0.00499999989,311.883693
0.0894716757,0.146339442,0.00499999989,310.282415
0.0909506663,0.144883859,0.00499999989,310.411721
0.109387648,0.124513984,0.00499999989,310.013943
0.1196663,0.110225244,0.00499999989,308.595321
0.119045994,0.112619754,0.00499999989,308.682946
0.115837889,0.117205012,0.00499999989,309.072567
0.135391116,0.0890618131,0.00499999989,307.145701
0.0857909584,0.152223662,0.00499999989,310.540984
0.0899302202,0.145777636,0.00499999989,310.326859
0.0901026833,0.145862923,0.00499999989,310.326859
0.090223888,0.145730244,0.00499999989,310.326859
0.0843185787,0.159204179,0.00499999989,311.702784
0.111494043,0.121825387,0.00499999989,309.702226
0.102851247,0.133139529,0.00499999989,310.586384
0.121130691,0.104430777,0.00499999989,308.245796
0.117782615,0.115936154,0.00499999989,308.932132
0.125425609,0.0990833113,0.00499999989,307.756083
0.132947228,0.0937053998,0.00499999989,307.534457
0.0884697588,0.148916755,0.00499999989,310.293257
0.116516422,0.118475814,0.00499999989,309.284488
0.103521455,0.13798583,0.00499999989,310.828885
0.121204137,0.107819761,0.00499999989,308.501645
0.118669651,0.114445184,0.00499999989,308.799939
0.120313052,0.110883951,0.00499999989,308.637683
0.121345326,0.1103159,0.00499999989,308.625527
0.118725498,0.116016186,0.00499999989,308.917807
0.129780667,0.0969275351,0.00499999989,307.783259
0.104485216,0.138720369,0.00499999989,310.876975
0.120311916,0.113086145,0.00499999989,308.722432
0.126791307,0.0994406104,0.00499999989,307.944326
0.112052537,0.123979054,0.00499999989,310.071673
0.121830541,0.109455165,0.00499999989,308.612855
0.119575998,0.116676713,0.00499999989,309.010672
0.112156505,0.12815924,0.00499999989,310.448443
0.121171957,0.113971449,0.00499999989,308.786319
0.120181115,0.116719614,0.00499999989,309.025622
0.128565545,0.0992163193,0.00499999989,308.065974
0.0873456364,0.155098397,0.00499999989,310.957607
0.0902269264,0.150953338,0.00499999989,310.407157
0.0869994412,0.156597384,0.00499999989,311.244051
0.0883305819,0.159112028,0.00499999989,311.635875
0.0880788245,0.155709721,0.00499999989,311.047084
0.0881012093,0.155875386,0.00499999989,311.047084
0.088362115,0.155893354,0.00499999989,311.047084
0.0928020092,0.149639353,0.00499999989,310.386171
0.089988616,0.160973047,0.00499999989,311.790966
0.121920413,0.114498364,0.00499999989,308.827022
0.124803121,0.10878924,0.00499999989,308.716547
0.121799216,0.117272395,0.00499999989,309.047184
0.130963685,0.0997761529,0.00499999989,308.300103
0.118376231,0.122483166,0.00499999989,309.932099
0.0917096738,0.1512343,0.00499999989,310.417003
0.0895677589,0.15777317,0.00499999989,311.327844
0.116985644,0.128041248,0.00499999989,310.455967
0.124124812,0.111976261,0.00499999989,308.775023
0.118217162,0.12650487,0.00499999989,310.317048
0.124990042,0.111554365,0.00499999989,308.782559
0.12423863,0.113583683,0.00499999989,308.818594
0.121903216,0.120158555,0.00499999989,309.416229
0.126490094,0.109087654,0.00499999989,308.792976
0.125609992,0.110957379,0.00499999989,308.804729
0.134483153,0.100137553,0.00499999989,308.486233
0.0929608864,0.152334424,0.00499999989,310.479684
0.0909156705,0.157536042,0.00499999989,311.15023
0.129218865,0.108480034,0.00499999989,308.909903
0.125377918,0.114652248,0.00499999989,308.88601
0.13132759,0.110550561,0.00499999989,309.064079
0.123276842,0.122655311,0.00499999989,309.784941
0.124726206,0.120514027,0.00499999989,309.339447
0.125174953,0.126418981,0.00499999989,310.135163
0.126952684,0.116018944,0.00499999989,308.954875
0.125732028,0.120224638,0.00499999989,309.274423
0.128109745,0.135364135,0.00499999989,310.763316
0.138482997,0.111053882,0.00499999989,309.288034
0.132076711,0.113657529,0.00499999989,309.090061
0.140702341,0.111246839,0.00499999989,309.351683
0.136116561,0.113726257,0.00499999989,309.271153
0.13663904,0.11423472,0.00499999989,309.285299
0.133304721,0.115180467,0.00499999989,309.123829
0.130612634,0.115874236,0.00499999989,309.040914
0.135074188,0.130108797,0.00499999989,310.092481
0.130211304,0.123288551,0.00499999989,309.472208
0.142350771,0.117304243,0.00499999989,309.41947
0.133145578,0.116935426,0.00499999989,309.109453
0.13230167,0.124396264,0.00499999989,309.494961
0.141657221,0.117669305,0.00499999989,309.379202
0.139492842,0.117824648,0.00499999989,309.312065
0.13617423,0.128783198,0.00499999989,309.857763
0.132644204,0.118126452,0.00499999989,309.107407
0.131789297,0.121490569,0.00499999989,309.243371
0.131606137,0.121707229,0.00499999989,309.243371
0.13918993,0.118830687,0.00499999989,309.262168
0.133568047,0.119125152,0.00499999989,309.133856
0.137622577,0.128786462,0.00499999989,309.702091
0.139217091,0.129290778,0.00499999989,309.666937
0.134196482,0.119721076,0.00499999989,309.156556
0.136055331,0.124119268,0.00499999989,309.346371
0.14251235,0.12019504,0.00499999989,309.298664
0.137587973,0.120532312,0.00499999989,309.188501
0.133750089,0.121079864,0.00499999989,309.202245
0.13667031,0.124886014,0.00499999989,309.355609
0.138580666,0.127239714,0.00499999989,309.474167
0.138096391,0.125247499,0.00499999989,309.353575
0.137374758,0.123219639,0.00499999989,309.257172
0.139522859,0.124790869,0.00499999989,309.279371
0.141088502,0.122880241,0.00499999989,309.206682
0.140337111,0.123335295,0.00499999989,309.21172
0.140317995,0.125535333,0.00499999989,309.292242
0.14128445,0.126479712,0.00499999989,309.295003
0.141549118,0.124058562,0.00499999989,309.203812
0.143640268,0.124569171,0.00499999989,309.177212
0.145019797,0.12417141,0.00499999989,309.177167
0.142830984,0.126556317,0.00499999989,309.252117
0.207134169,0.030576839,0.00499999989,304.549248
0.206388686,0.028519957,0.00499999989,304.193082
0.208138525,0.0255744133,0.00499999989,303.966593
0.206807572,0.0363214992,0.00499999989,304.995842
0.206852593,0.02487846,0.00499999989,303.906733
0.203999158,0.0300283895,0.00499999989,304.208085
0.202727991,0.0341594484,0.00499999989,304.673694
0.202392926,0.0347595549,0.00499999989,304.740862
0.20211269,0.027720948,0.00499999989,303.928094
0.201455589,0.0325656846,0.00499999989,304.375065
0.198602585,0.0359654517,0.00499999989,304.581943
0.200314383,0.0314194041,0.00499999989,304.155917
0.206371109,0.0211079511,0.00499999989,303.972161
0.20089584,0.02876336,0.00499999989,303.926235
0.199496186,0.0313001402,0.00499999989,304.052977
0.205590978,0.0203404791,0.00499999989,304.060872
0.199519743,0.0269812473,0.00499999989,303.83887
0.201448182,0.0218587261,0.00499999989,304.088667
0.194978315,0.0395271848,0.00499999989,304.678373
0.194849521,0.0387468635,0.00499999989,304.621061
0.195713861,0.0362264285,0.00499999989,304.4176
0.195881409,0.0361960343,0.00499999989,304.4176
0.198851763,0.0245114338,0.00499999989,303.933587
0.203722818,0.0195848867,0.00499999989,304.259189
0.199528944,0.0230258499,0.00499999989,304.031166
0.199732431,0.0232723854,0.00499999989,304.031166
0.198118394,0.0259725373,0.00499999989,303.836649
0.198579581,0.0248592874,0.00499999989,303.910881
0.203963554,0.0187862148,0.00499999989,304.324616
0.195773893,0.03399711,0.00499999989,304.085663
0.197958233,0.0240949601,0.00499999989,303.984891
0.197486861,0.0261844362,0.00499999989,303.825824
0.199166935,0.0210879441,0.00499999989,304.296017
0.191836203,0.0404699236,0.00499999989,304.603361
0.193901453,0.0347941829,0.00499999989,304.075352
0.192045122,0.0368916477,0.00499999989,304.246489
0.192471967,0.0424335169,0.00499999989,304.705297
0.203339876,0.0170274048,0.00499999989,304.636898
0.199285095,0.0195667949,0.00499999989,304.561894
0.195359937,0.0264434625,0.00499999989,303.810185
0.194162289,0.0313551037,0.00499999989,303.744439
0.190037406,0.0399439853,0.00499999989,304.485306
0.191295559,0.0437314902,0.00499999989,304.693604
0.197120965,0.0182750956,0.00499999989,304.792157
0.194284157,0.0229782258,0.00499999989,304.291785
0.195467427,0.0209573071,0.00499999989,304.548576
0.190008029,0.0436747698,0.00499999989,304.664095
0.19500558,0.0199344147,0.00499999989,304.695805
0.189613386,0.0445913678,0.00499999989,304.690806
0.189739314,0.0342815996,0.00499999989,303.821221
0.192306949,0.0274345817,0.00499999989,303.727539
0.194091133,0.0188662445,0.00499999989,304.846387
0.187613139,0.0374131572,0.00499999989,304.184515
0.194724778,0.015179294,0.00499999989,305.087008
0.198016885,0.0112571585,0.00499999989,305.325708
0.186471559,0.0387650728,0.00499999989,304.331246
0.188700082,0.0324384228,0.00499999989,303.656075
0.189934248,0.0300059707,0.00499999989,303.58264
0.190441305,0.0276733803,0.00499999989,303.741125
0.190956784,0.0130040447,0.00499999989,305.260485
0.190297978,0.0216010907,0.00499999989,304.602443
0.190497268,0.0481792789,0.00499999989,304.800733
0.185853632,0.0412735716,0.00499999989,304.609657
0.189567707,0.0240609814,0.00499999989,304.30559
0.188200796,0.0119188593,0.00499999989,305.314114
0.186307792,0.0455242216,0.00499999989,304.730973
0.18447301,0.0346020623,0.00499999989,303.869172
0.186015523,0.0332058954,0.00499999989,303.684814
0.184156419,0.0443576214,0.00499999989,304.752854
0.18413855,0.0436122566,0.00499999989,304.741041
0.190349323,0.00682280082,0.00499999989,305.566939
0.184498979,0.0330295519,0.00499999989,303.691123
0.183874394,0.0443507192,0.00499999989,304.769566
0.187420858,0.0260185726,0.00499999989,304.01776
0.186299991,0.0488816113,0.00499999989,304.843977
0.182304849,0.0428118329,0.00499999989,304.81105
0.181821214,0.0230235047,0.00499999989,304.311014
0.183491077,0.0238443118,0.00499999989,304.278019
0.189721651,0.000854839444,0.00499999989,305.667431
0.182473535,0.0336552922,0.00499999989,303.803789
0.183228345,0.0466520132,0.00499999989,304.827872
0.181716006,0.0446184686,0.00499999989,304.860993
0.183933947,0.00536906823,0.00499999989,305.546467
0.184510822,0.0278356266,0.00499999989,303.727012
0.180706317,0.0426361892,0.00499999989,304.86431
0.180654406,0.0387339432,0.00499999989,304.614825
0.17987006,0.0378871341,0.00499999989,304.534542
0.179878211,0.0435407997,0.00499999989,304.925745
0.183306077,0.000855279833,0.00499999989,305.598485
0.183661556,0.0284201105,0.00499999989,303.666005
0.177947156,0.0415599331,0.00499999989,304.913432
0.17999535,0.0448587274,0.00499999989,304.94969
0.177608456,0.0217629257,0.00499999989,304.223153
0.181337999,0.0247391872,0.00499999989,304.004384
0.176535604,0.0416721135,0.00499999989,305.005083
0.178561644,0.0360283167,0.00499999989,304.389538
0.180390991,0.0250528669,0.00499999989,303.904401
0.182634659,0.0267014321,0.00499999989,303.78844
0.182661026,0.0269932788,0.00499999989,303.78844
0.182865026,0.050268599,0.00499999989,304.980343
0.184201596,0.0528905379,0.00499999989,305.205202
0.179267757,0.0340513851,0.00499999989,304.009407
0.172873734,0.0162999182,0.00499999989,304.545527
0.174471815,0.0199964201,0.00499999989,304.231899
0.180012698,0.0295570185,0.00499999989,303.618698
0.171967158,0.0177948374,0.00499999989,304.359783
0.169127192,0.0132143027,0.00499999989,304.702963
0.172221387,0.00636237126,0.00499999989,305.177993
0.178534255,0.0318683371,0.00499999989,303.78867
0.178431185,0.0325009474,0.00499999989,303.889211
0.179971937,0.0498653462,0.00499999989,305.004994
0.182344207,0.0528195743,0.00499999989,305.184779
0.187520583,0.0575198713,0.00499999989,306.056413
0.173981844,0.038489018,0.00499999989,304.88954
0.183246717,0.0542716326,0.00499999989,305.424514
0.171164525,0.0409084806,0.00499999989,305.177932
0.174848757,0.0472549106,0.00499999989,305.193146
0.169575121,0.00595432131,0.00499999989,305.144311
0.173241983,0.000370184524,0.00499999989,305.362376
0.178317788,0.0305738843,0.00499999989,303.702436
0.178373013,0.0496564097,0.00499999989,305.04729
0.179796653,0.0516273322,0.00499999989,305.103441
0.166100352,0.0138701833,0.00499999989,304.409903
0.167166348,0.0154440447,0.00499999989,304.307165
0.166124759,0.0448244344,0.00499999989,305.460961
0.175630099,0.0265884909,0.00499999989,303.645361
0.172526661,0.0226521295,0.00499999989,303.772341
0.170653876,0.0210246984,0.00499999989,303.823172
0.176807185,0.0287092636,0.00499999989,303.659839
0.173594831,0.0337667607,0.00499999989,304.440531
0.167754604,0.0343436944,0.00499999989,304.820124
0.163958157,0.0132030436,0.00499999989,304.381979
0.17191524,0.0232218829,0.00499999989,303.709331
0.161922415,0.00962939036,0.00499999989,304.604755
0.162648842,0.0441770383,0.00499999989,305.55056
0.171171452,0.0329022452,0.00499999989,304.49719
0.173752233,0.027671916,0.00499999989,303.693481
0.170408767,0.0230218599,0.00499999989,303.696453
0.162476961,0.00326756573,0.00499999989,304.966237
0.168674161,0.0204631128,0.00499999989,303.784885
0.175184834,0.0294307068,0.00499999989,303.756081
0.162891812,0.0344770402,0.00499999989,305.013083
0.171042187,0.0245841081,0.00499999989,303.674904
0.181765103,0.0649239382,0.00499999989,306.77679
0.159341352,0.0411764836,0.00499999989,305.507542
0.163794019,0.03199453,0.00499999989,304.830382
0.174642002,0.0517290376,0.00499999989,305.158742
0.1584682,0.00859732224,0.00499999989,304.546727
0.176221579,0.0532235106,0.00499999989,305.202678
0.165261144,0.0308512865,0.00499999989,304.622386
0.165539923,0.0201993583,0.00499999989,303.711521
0.163345631,0.0164020861,0.00499999989,303.876599
0.178151024,0.0577052087,0.00499999989,305.733416
0.171165815,0.051882182,0.00499999989,305.229593
0.16706918,0.0226143483,0.00499999989,303.693377
0.161416385,0.0146385579,0.00499999989,303.958074
0.158471303,0.0108643327,0.00499999989,304.280681
0.15872924,0.0119779196,0.00499999989,304.117379
0.163689966,0.0182661958,0.00499999989,303.748505
0.177722104,0.0580368355,0.00499999989,305.758437
0.178295343,0.0641987243,0.00499999989,306.65839
0.1658498,0.0526695671,0.00499999989,305.425274
0.168905366,0.0298140061,0.00499999989,304.203007
0.1644573,0.0202096587,0.00499999989,303.675738
0.15793769,0.0116685874,0.00499999989,304.097638
0.162035365,0.016356638,0.00499999989,303.808009
0.175128698,0.0564448782,0.00499999989,305.424385
0.155360244,0.0481860268,0.00499999989,305.728962
0.165186288,0.0225515304,0.00499999989,303.685718
0.155528962,0.00829594342,0.00499999989,304.446931
0.155020922,0.00840296921,0.00499999989,304.446931
0.154423957,0.0524707786,0.00499999989,305.742537
0.168691883,0.0543167067,0.00499999989,305.250457
0.160935887,0.0181937168,0.00499999989,303.634116
0.178149169,0.0604640854,0.00499999989,306.16716
0.161541999,0.0544325038,0.00499999989,305.528581
0.15866599,0.0546934054,0.00499999989,305.61256
0.169291985,0.0276921361,0.00499999989,303.913317
0.156635744,0.0130274512,0.00499999989,303.842704
0.155047623,0.055221195,0.00499999989,305.690842
0.161914804,0.0210253266,0.00499999989,303.625264
0.156045469,0.01379962,0.00499999989,303.737286
0.17477067,0.0633598413,0.00499999989,306.437685
0.17582353,0.0621735059,0.00499999989,306.300104
0.175851639,0.0619049095,0.00499999989,306.300104
0.161419102,0.0560741836,0.00499999989,305.437003
0.149663536,0.0511348473,0.00499999989,305.771933
0.167676469,0.0558150443,0.00499999989,305.264019
0.14962614,0.000954528436,0.00499999989,304.776826
0.172996801,0.0645767434,0.00499999989,306.468028
0.14961606,0.0319883127,0.00499999989,304.934012
0.169748422,0.0566626948,0.00499999989,305.302035
0.148256523,0.00491365536,0.00499999989,304.657787
0.152027432,0.00917035653,0.00499999989,304.227864
0.174272056,0.060493254,0.00499999989,305.949305
0.170615349,0.0678604685,0.00499999989,306.681387
0.155361941,0.0580302387,0.00499999989,305.552244
0.154621747,0.0132085222,0.00499999989,303.759514
0.145790019,0.0327754468,0.00499999989,304.902704
0.151439086,0.057407644,0.00499999989,305.64246
0.1612648,0.025316602,0.00499999989,304.033181
0.159547032,0.0205445019,0.00499999989,303.586037
0.15287643,0.0113090878,0.00499999989,303.920287
0.15276584,0.0119805845,0.00499999989,303.841695
0.145953,0.00445526438,0.00499999989,304.725259
0.164172709,0.0577389617,0.00499999989,305.295857
0.154210478,0.0586643457,0.00499999989,305.539114
0.145707036,0.0293686776,0.00499999989,304.587608
0.161114365,0.0246042725,0.00499999989,303.958359
0.149121145,0.00878884485,0.00499999989,304.27218
0.16731365,0.0698371084,0.00499999989,306.777099
0.156278634,0.0595852835,0.00499999989,305.42666
0.141113337,0.0478574917,0.00499999989,305.637391
0.149669053,0.0575121014,0.00499999989,305.621434
0.162181828,0.0596866536,0.00499999989,305.325153
0.162443782,0.0598507586,0.00499999989,305.325153
0.152318502,0.0592443696,0.00499999989,305.527622
0.146209164,0.0543892055,0.00499999989,305.677113
0.147308914,0.0243038556,0.00499999989,304.090569
0.15676083,0.0237390166,0.00499999989,304.019104
0.153195804,0.0231290059,0.00499999989,304.038156
0.170209889,0.0597134955,0.00499999989,305.571397
0.148167474,0.0568924628,0.00499999989,305.612315
0.151387774,0.0225370257,0.00499999989,303.947781
0.153055763,0.0226359754,0.00499999989,303.967088
0.151513973,0.0594754392,0.00499999989,305.485578
0.139712136,0.0361232296,0.00499999989,305.002826
0.153915956,0.0176237299,0.00499999989,303.412297
0.158989271,0.0608861438,0.00499999989,305.342796
0.14560326,0.0554321895,0.00499999989,305.629557
0.141150879,0.0515978959,0.00499999989,305.630972
0.144569346,0.0254291932,0.00499999989,304.104333
0.148404325,0.0222396249,0.00499999989,303.860367
0.156127143,0.0613344837,0.00499999989,305.36109
0.147301923,0.00953001475,0.00499999989,304.216804
0.166140486,0.0668741059,0.00499999989,306.315436
0.163170727,0.0610117064,0.00499999989,305.401109
0.14705183,0.0574588793,0.00499999989,305.550966
0.147973485,0.0588451907,0.00499999989,305.489398
0.137246626,0.0481521953,0.00499999989,305.528903
0.136092983,0.0401768085,0.00499999989,305.207474
0.139227127,0.0302354707,0.00499999989,304.484812
0.138495382,0.0303269862,0.00499999989,304.391634
0.138701992,0.0298887913,0.00499999989,304.391634
0.155327399,0.0619714185,0.00499999989,305.360929
0.156743461,0.0618903896,0.00499999989,305.355278
0.166040177,0.0613856959,0.00499999989,305.514756
0.167704159,0.0614574788,0.00499999989,305.593036
0.15118382,0.0153935149,0.00499999989,303.463012
0.146291389,0.0100115219,0.00499999989,304.183577
0.14393142,0.00912840847,0.00499999989,304.422392
0.137571124,0.00895648239,0.00499999989,304.682836
0.160106261,0.0623251494,0.00499999989,305.39489
0.13805248,0.0501059573,0.00499999989,305.551706
0.13493133,0.0424689606,0.00499999989,305.280495
0.153869047,0.0205716259,0.00499999989,303.642327
0.145436787,0.0223513691,0.00499999989,303.720756
0.166522689,0.0620327348,0.00499999989,305.621951
0.148500696,0.0121250637,0.00499999989,303.817987
0.151021123,0.0173050372,0.00499999989,303.402389
0.144054452,0.00990010806,0.00499999989,304.353762
0.136212403,0.00775302567,0.00499999989,304.789205
0.165316655,0.0642498624,0.00499999989,305.838722
0.165624718,0.0637932045,0.00499999989,305.775962
0.134505854,0.0454161337,0.00499999989,305.374542
0.137005669,0.0304193868,0.00499999989,304.321587
0.144408915,0.0237396966,0.00499999989,303.878255
0.143449914,0.0235276478,0.00499999989,303.739657
0.15114057,0.0198435215,0.00499999989,303.580302
0.157109626,0.0630261813,0.00499999989,305.389357
0.164508591,0.0628379279,0.00499999989,305.578726
0.153437923,0.0198422467,0.00499999989,303.525535
0.151915845,0.0182755799,0.00499999989,303.424958
0.152494975,0.0191632356,0.00499999989,303.476568
0.144266453,0.0101179161,0.00499999989,304.27539
0.163600935,0.0672012772,0.00499999989,306.173797
0.166205108,0.0632235656,0.00499999989,305.7322
0.138547829,0.0518693901,0.00499999989,305.527814
0.13298799,0.0433750542,0.00499999989,305.218174
0.138050982,0.0278544722,0.00499999989,304.073952
0.136478523,0.0295183853,0.00499999989,304.157053
0.146077555,0.0116031927,0.00499999989,303.969025
0.132782019,0.00422489822,0.00499999989,304.98358
0.137301447,0.0111966764,0.00499999989,304.521511
0.134605799,0.0101237799,0.00499999989,304.700875
0.146192695,0.012122909,0.00499999989,303.890823
0.160031995,0.0720492605,0.00499999989,306.608669
0.148513136,0.0619270293,0.00499999989,305.404267
0.145182132,0.0596157623,0.00499999989,305.454857
0.13969171,0.053740862,0.00499999989,305.501745
0.136383357,0.0501508204,0.00499999989,305.474539
0.141690348,0.0236308318,0.00499999989,303.643112
0.148321632,0.0196277687,0.00499999989,303.50864
0.131255227,0.0363448643,0.00499999989,304.702582
0.132147645,0.00530716478,0.00499999989,304.964094
0.132134942,0.000971933392,0.00499999989,305.049657
0.161313432,0.0643370593,0.00499999989,305.594287
0.141467066,0.0567971058,0.00499999989,305.481333
0.132227752,0.0461331416,0.00499999989,305.307026
0.135635855,0.028932457,0.00499999989,304.000675
0.143778114,0.021239123,0.00499999989,303.503338
0.131207822,0.0338229672,0.00499999989,304.40517
0.149014543,0.0182027718,0.00499999989,303.427453
0.161403915,0.0686808529,0.00499999989,306.213723
0.144090827,0.0589969969,0.00499999989,305.465301
0.141249897,0.0569650803,0.00499999989,305.474503
0.136527381,0.0271543845,0.00499999989,303.772323
0.138945682,0.0556717906,0.00499999989,305.460642
0.129991175,0.0453823663,0.00499999989,305.196023
0.133312549,0.0308413579,0.00499999989,304.144007
0.128510722,0.00568935962,0.00499999989,305.031925
0.130504082,0.0130454764,0.00499999989,304.615722
0.145370238,0.0141172979,0.00499999989,303.680103
0.142403294,0.0596796106,0.00499999989,305.490506
0.133263179,0.0496021,0.00499999989,305.346667
0.152941577,0.0663002126,0.00499999989,305.627571
0.135635892,0.0147080654,0.00499999989,304.184673
0.139136505,0.0572791558,0.00499999989,305.475812
0.131784674,0.0491990036,0.00499999989,305.298941
0.137891932,0.0240138401,0.00499999989,303.487909
0.150445476,0.0662240651,0.00499999989,305.61857
0.145332886,0.0170693642,0.00499999989,303.459639
0.149550414,0.0666436923,0.00499999989,305.695128
0.127215323,0.0338886038,0.00499999989,304.08608
0.138732908,0.0149966393,0.00499999989,303.918247
0.134280615,0.0542064896,0.00499999989,305.408126
0.125714214,0.0348539073,0.00499999989,304.134865
0.13610962,0.0233372495,0.00499999989,303.433179
0.142344056,0.0176990868,0.00499999989,303.493253
0.128105338,0.0313246311,0.00499999989,303.806604
0.129272884,0.0304614933,0.00499999989,303.730096
0.132746427,0.0162712595,0.00499999989,304.160073
0.132599592,0.0165337094,0.00499999989,304.160073
0.128890585,0.0168493089,0.00499999989,304.297079
0.129934749,0.0492474134,0.00499999989,305.222918
0.132515567,0.0273348863,0.00499999989,303.581837
0.140836113,0.0189038308,0.00499999989,303.457203
0.142163368,0.0173014632,0.00499999989,303.513535
0.135501705,0.0171112207,0.00499999989,303.872439
0.131443295,0.0173699427,0.00499999989,304.103917
0.141119858,0.062549097,0.00499999989,305.730377
0.124618283,0.043689379,0.00499999989,304.886483
0.134428976,0.0237211296,0.00499999989,303.44794
0.140364649,0.0181756008,0.00499999989,303.512119
0.119917911,0.00522325409,0.00499999989,305.095965
0.120778392,0.00522562326,0.00499999989,305.095965
0.140902061,0.0165212936,0.00499999989,303.609202
0.140696464,0.0627719886,0.00499999989,305.75387
0.141575603,0.064313412,0.00499999989,305.850758
0.130020056,0.0512413404,0.00499999989,305.27077
0.132136869,0.054340495,0.00499999989,305.400317
0.124402342,0.0445311704,0.00499999989,304.899973
0.134769271,0.0223682103,0.00499999989,303.449229
0.138410412,0.019113509,0.00499999989,303.508185
0.128948556,0.0287051734,0.00499999989,303.552664
0.117969382,0.00630215664,0.00499999989,305.061845
0.120080937,0.0388818613,0.00499999989,304.318073
0.120175561,0.0385604806,0.00499999989,304.242784
0.135401283,0.0213032269,0.00499999989,303.47777
0.139163238,0.0176265714,0.00499999989,303.570512
0.125989556,0.0301061105,0.00499999989,303.495046
0.115643858,0.00206246832,0.00499999989,305.141573
0.142015252,0.06591915,0.00499999989,306.01591
0.136355115,0.020088843,0.00499999989,303.51223
0.125082829,0.0310568029,0.00499999989,303.48835
0.127940421,0.0279292841,0.00499999989,303.447036
0.124000228,0.0316135987,0.00499999989,303.495003
0.127783307,0.0271293719,0.00499999989,303.426889
0.141266289,0.0660280628,0.00499999989,306.120011
0.125063757,0.0492627352,0.00499999989,305.092975
0.133279578,0.058703722,0.00499999989,305.712405
0.130781193,0.0569559298,0.00499999989,305.623768
0.121717898,0.0453235642,0.00499999989,304.830189
0.12473885,0.0496217308,0.00499999989,305.101202
0.118034245,0.038537055,0.00499999989,304.14112
0.11782809,0.0365868225,0.00499999989,303.830956
0.117632571,0.0386064398,0.00499999989,304.180442
0.130237888,0.0231423829,0.00499999989,303.500975
0.127190844,0.0213710834,0.00499999989,303.790055
0.129303249,0.0208642912,0.00499999989,303.725378
0.122779241,0.0476873908,0.00499999989,304.971311
0.11905927,0.0427157822,0.00499999989,304.610797
0.123989785,0.0495389992,0.00499999989,305.088425
0.129587709,0.0231230574,0.00499999989,303.5273
0.124205636,0.0288426533,0.00499999989,303.302365
0.122192864,0.0217204917,0.00499999989,304.000968
0.123980398,0.021737044,0.00499999989,303.930259
0.12504625,0.022112398,0.00499999989,303.790067
0.117893341,0.0352962365,0.00499999989,303.606484
0.121572411,0.0471347834,0.00499999989,304.91905
0.119989068,0.0331275283,0.00499999989,303.385478
0.122989857,0.0289522794,0.00499999989,303.260917
0.126281955,0.025644469,0.00499999989,303.408373
0.134155438,0.0620485229,0.00499999989,306.068069
0.131956498,0.0599897382,0.00499999989,305.916868
0.121675468,0.0485926064,0.00499999989,305.004225
0.118164322,0.0436871634,0.00499999989,304.667207
0.108348646,0.0123367767,0.00499999989,304.611113
0.122468311,0.0228592493,0.00499999989,303.817914
0.127145889,0.0226472413,0.00499999989,303.623856
0.135528963,0.065429785,0.00499999989,306.410039
0.117841696,0.0339864421,0.00499999989,303.40812
0.12227886,0.0502856369,0.00499999989,305.12877
0.122425554,0.0271689022,0.00499999989,303.289941
0.12370421,0.0256123728,0.00499999989,303.433458
0.120185926,0.0236980994,0.00499999989,303.803453
0.11743469,0.0243885613,0.00499999989,303.801788
0.124633737,0.0537318133,0.00499999989,305.442012
0.118068258,0.0321654111,0.00499999989,303.233993
0.122259928,0.026938545,0.00499999989,303.316932
0.120520355,0.0243361452,0.00499999989,303.718477
0.115757383,0.0242090469,0.00499999989,303.801325
0.133765928,0.0663993889,0.00499999989,306.634404
0.115311434,0.0426710029,0.00499999989,304.584675
0.12230976,0.0247242448,0.00499999989,303.546851
0.108642321,0.0212452984,0.00499999989,303.867812
0.133421814,0.0689800257,0.00499999989,306.817085
0.118176428,0.0252580975,0.00499999989,303.61384
0.117551497,0.0304750714,0.00499999989,303.136445
0.121507566,0.0531059113,0.00499999989,305.434065
0.113365707,0.0258596135,0.00499999989,303.520156
0.106430574,0.0208691678,0.00499999989,303.800162
0.118413302,0.0270510493,0.00499999989,303.328649
0.122250132,0.0552521868,0.00499999989,305.738667
0.12573828,0.059402692,0.00499999989,306.212606
0.125606938,0.0597741176,0.00499999989,306.290063
0.117116545,0.048775859,0.00499999989,304.965097
0.116032692,0.0302470058,0.00499999989,303.13006
0.115889094,0.0301550617,0.00499999989,303.13006
0.114412445,0.031463388,0.00499999989,303.168839
0.114560114,0.031721141,0.00499999989,303.168839
0.113833352,0.0451780626,0.00499999989,304.749243
0.111033182,0.0267644506,0.00499999989,303.303886
0.100294673,0.017133318,0.00499999989,303.922735
0.109195043,0.0257222718,0.00499999989,303.331482
0.13013998,0.0765257078,0.00499999989,307.273177
0.123177674,0.0653349746,0.00499999989,306.868005
0.111560597,0.0428990576,0.00499999989,304.690112
0.106977423,0.024177151,0.00499999989,303.400493
0.102853337,0.0202095236,0.00499999989,303.670115
0.0973872222,0.0141144301,0.00499999989,304.038163
0.115473377,0.0496274889,0.00499999989,305.037328
0.112993762,0.0308991957,0.00499999989,303.138722
0.102298914,0.0205917306,0.00499999989,303.587217
0.107509589,0.0258191661,0.00499999989,303.280321
0.0927465116,0.00137180404,0.00499999989,304.599489
0.1226492,0.0698953945,0.00499999989,307.161499
0.119477619,0.0555720932,0.00499999989,305.915265
0.110813062,0.0347546962,0.00499999989,303.56881
0.113966934,0.0293571534,0.00499999989,303.14585
0.11245063,0.0465523482,0.00499999989,304.849998
0.0907426725,0.00633121218,0.00499999989,304.36816
0.119695228,0.0653276978,0.00499999989,306.88472
0.114568938,0.0506502816,0.00499999989,305.110371
0.116693293,0.0529050517,0.00499999989,305.484588
0.0951409043,0.0150961082,0.00499999989,303.832718
0.090587921,0.00156924635,0.00499999989,304.525314
0.121301343,0.0723739085,0.00499999989,307.282908
0.11852459,0.0692920195,0.00499999989,307.186337
0.116349478,0.0548663696,0.00499999989,305.818329
0.105239697,0.0254711032,0.00499999989,303.198148
0.111936765,0.0483825324,0.00499999989,304.954445
0.110765765,0.0477388161,0.00499999989,304.929302
0.0884703695,0.000112430631,0.00499999989,304.479662
0.104722248,0.0260135717,0.00499999989,303.172238
0.104893004,0.0265701805,0.00499999989,303.151636
0.0953497526,0.0169080762,0.00499999989,303.581415
0.110350799,0.0311729584,0.00499999989,303.172521
0.113050605,0.0509201809,0.00499999989,305.124755
0.115352798,0.0553813896,0.00499999989,305.871763
0.115201448,0.0550677351,0.00499999989,305.871763
0.114099811,0.0527447164,0.00499999989,305.426765
0.11403316,0.0529148283,0.00499999989,305.426765
0.11532705,0.0578850322,0.00499999989,306.236955
0.103923068,0.0258827498,0.00499999989,303.159418
0.0885402713,0.0112820437,0.00499999989,303.870331
0.115582045,0.0705684096,0.00499999989,307.265502
0.107907599,0.0338389721,0.00499999989,303.60081
0.0924862884,0.0163178017,0.00499999989,303.496487
0.0919717295,0.015920646,0.00499999989,303.502967
0.0849687639,0.00620513901,0.00499999989,304.198169
0.0944705484,0.018757186,0.00499999989,303.338451
0.0833455237,0.00198699314,0.00499999989,304.363931
0.0944986717,0.0190175884,0.00499999989,303.295503
0.103635525,0.0284004837,0.00499999989,303.19046
0.110642514,0.0720548144,0.00499999989,307.266872
0.112600109,0.0540136902,0.00499999989,305.559159
0.0979581744,0.0241032275,0.00499999989,303.218717
0.0890846723,0.0147177954,0.00499999989,303.423367
0.0888260895,0.0149007492,0.00499999989,303.423367
0.10524976,0.0335391959,0.00499999989,303.719238
0.100806103,0.027087976,0.00499999989,303.253289
0.0866913655,0.0131911394,0.00499999989,303.490254
0.0887626677,0.0156855483,0.00499999989,303.327807
0.105967148,0.0472741961,0.00499999989,305.061734
0.101537338,0.045708906,0.00499999989,305.204875
0.0765326579,0.00359722656,0.00499999989,304.32743
0.10841134,0.0598143631,0.00499999989,306.333527
0.0983673197,0.036733045,0.00499999989,304.674468
0.0763339482,0.00120701461,0.00499999989,304.370979
0.104838851,0.0679131726,0.00499999989,306.937184
0.0868808951,0.0162963037,0.00499999989,303.194801
0.0835252698,0.0123397721,0.00499999989,303.445801
0.0774866805,0.00690923892,0.00499999989,304.117511
0.107209742,0.060186741,0.00499999989,306.271765
0.10729801,0.0596716669,0.00499999989,306.205676
0.108516635,0.0580073483,0.00499999989,306.031351
0.109038077,0.0571402288,0.00499999989,305.898682
0.101330709,0.0303704655,0.00499999989,303.56509
0.0928641449,0.0218974492,0.00499999989,303.217278
0.0923567696,0.0221942778,0.00499999989,303.225337
0.083070112,0.0129661973,0.00499999989,303.362949
0.0763431943,0.00711965332,0.00499999989,304.121793
0.102159369,0.0699356674,0.00499999989,306.928087
0.101084363,0.0707569896,0.00499999989,306.975099
0.108992414,0.0551223896,0.00499999989,305.602557
0.0886452474,0.019513543,0.00499999989,303.132167
0.0796681663,0.00898562017,0.00499999989,303.810667
0.0871528388,0.0180263372,0.00499999989,303.097783
0.103124337,0.0637270388,0.00499999989,306.514929
0.10571348,0.0606134556,0.00499999989,306.269781
0.108195531,0.0548007047,0.00499999989,305.533855
0.108111647,0.0551498586,0.00499999989,305.533855
0.101770027,0.0337489303,0.00499999989,304.084528
0.0997591387,0.03410783,0.00499999989,304.294603
0.0985749223,0.049903085,0.00499999989,305.366672
0.0944385778,0.0261633818,0.00499999989,303.456417
0.0829683143,0.0139293043,0.00499999989,303.214156
0.103435887,0.0625036348,0.00499999989,306.386553
0.107588336,0.0552404984,0.00499999989,305.557031
0.101080822,0.0329525086,0.00499999989,304.002299
0.0907641155,0.0430874666,0.00499999989,305.383364
0.0885228407,0.021130785,0.00499999989,303.170316
0.0895454168,0.0227423067,0.00499999989,303.28263
0.0953625071,0.0279478525,0.00499999989,303.643696
0.0814268941,0.0125706771,0.00499999989,303.313904
0.0776944831,0.009314272,0.00499999989,303.770834
0.0744872652,0.00757323469,0.00499999989,304.123315
0.0764945806,0.00873260721,0.00499999989,303.891445
0.0745521774,0.00812496443,0.00499999989,304.064905
0.0741771715,0.0080165499,0.00499999989,304.064905
0.0973931607,0.0721277319,0.00499999989,306.887187
0.106226126,0.0546680804,0.00499999989,305.43405
0.0987364008,0.0325654441,0.00499999989,304.171237
0.0990202979,0.0327834392,0.00499999989,304.171237
0.0985891074,0.0310325432,0.00499999989,303.848959
0.0917897469,0.0246105092,0.00499999989,303.392375
0.0781731057,0.0106452088,0.00499999989,303.572302
0.0842309558,0.017490251,0.00499999989,303.001568
0.0840510474,0.0172590405,0.00499999989,303.001568
0.102344347,0.0618175982,0.00499999989,306.233132
0.0986669029,0.0657403648,0.00499999989,306.496615
0.105452184,0.0575383077,0.00499999989,305.774429
0.0878091015,0.0411502392,0.00499999989,305.333625
0.0874938104,0.0466091721,0.00499999989,305.558804
0.096266938,0.0303175152,0.00499999989,303.965314
0.0871550187,0.0217894478,0.00499999989,303.242306
0.0819111313,0.0154030652,0.00499999989,303.015221
0.0963548187,0.0693222421,0.00499999989,306.691767
0.101491869,0.0614149764,0.00499999989,306.069281
0.0878344377,0.0363949759,0.00499999989,304.957314
0.0940906735,0.0313400063,0.00499999989,304.284489
0.0922822993,0.02786819,0.00499999989,303.866803
0.103182377,0.059429641,0.00499999989,305.900323
0.103991365,0.0583368549,0.00499999989,305.79413
0.0946510043,0.0523757397,0.00499999989,305.479913
0.0865651022,0.0480096513,0.00499999989,305.639697
0.0865414524,0.0236749997,0.00499999989,303.522813
0.0939615476,0.0296622466,0.00499999989,304.032311
0.0806887937,0.0155292521,0.00499999989,302.971987
0.10430422,0.0573532083,0.00499999989,305.683603
0.0836533923,0.0435296423,0.00499999989,305.467346
0.0848077106,0.0474797646,0.00499999989,305.644981
0.0913136779,0.0527321826,0.00499999989,305.573125
0.0899974037,0.0267773883,0.00499999989,303.789509
0.0765137063,0.0116355573,0.00499999989,303.448554
0.0807680538,0.0175096067,0.00499999989,302.905691
0.0871754215,0.053658566,0.00499999989,305.681927
0.0836725146,0.0328651093,0.00499999989,304.707305
0.0963909222,0.0640070637,0.00499999989,306.130212
0.0967305385,0.0640002447,0.00499999989,306.130212
0.100977002,0.0583311462,0.00499999989,305.684084
0.0937469351,0.0671081115,0.00499999989,306.371104
0.103225928,0.056524117,0.00499999989,305.559303
0.0816076353,0.0373833175,0.00499999989,305.128698
0.0821367856,0.0339962735,0.00499999989,304.808834
0.0702110353,0.0116426994,0.00499999989,303.820633
0.0737960609,0.0113604549,0.00499999989,303.584614
0.0807024012,0.0193272007,0.00499999989,302.985575
0.102314732,0.0567284383,0.00499999989,305.551831
0.0920271293,0.054248429,0.00499999989,305.507468
0.0785782934,0.0419805833,0.00499999989,305.412587
0.0988858349,0.0545939817,0.00499999989,305.382666
0.0983486991,0.0553264469,0.00499999989,305.401701
0.0982237256,0.0552048124,0.00499999989,305.401701
0.0601996208,0.0109871913,0.00499999989,304.336987
0.0989355559,0.0595089211,0.00499999989,305.703685
0.0926548071,0.0546149422,0.00499999989,305.481918
0.0787463866,0.0385311298,0.00499999989,305.190362
0.0788734037,0.0482446429,0.00499999989,305.659208
0.0964622933,0.054821171,0.00499999989,305.396567
0.0875063544,0.0265597555,0.00499999989,303.917107
0.078273554,0.0169813241,0.00499999989,302.88082
0.0608951386,0.0138500469,0.00499999989,304.102854
0.0812667789,0.0207501388,0.00499999989,303.208013
0.0923335443,0.0674414375,0.00499999989,306.232839
0.0802346714,0.0286744471,0.00499999989,304.276386
0.0805490561,0.0289112055,0.00499999989,304.276386
0.090009948,0.0553130318,0.00499999989,305.534221
0.0901654724,0.0554330862,0.00499999989,305.534221
0.0823057405,0.0561435202,0.00499999989,305.713145
0.0822529124,0.0564372925,0.00499999989,305.713145
0.0767939905,0.0489793286,0.00499999989,305.690533
0.0692097368,0.0135957556,0.00499999989,303.546248
0.0817171947,0.0271431377,0.00499999989,304.110916
0.0756809996,0.0402263146,0.00499999989,305.264246
0.0755506248,0.0405996277,0.00499999989,305.264246
0.0773713591,0.0529198631,0.00499999989,305.743754
0.0766834273,0.0168077092,0.00499999989,302.884703
0.0966744851,0.0603138469,0.00499999989,305.672341
0.0808795861,0.0565384267,0.00499999989,305.714158
0.0738813981,0.0152613631,0.00499999989,303.054995
0.0630319564,0.015153203,0.00499999989,303.79795
0.0956918412,0.0595684841,0.00499999989,305.556198
0.0780865538,0.0265628874,0.00499999989,303.98229
0.0828599048,0.0582440286,0.00499999989,305.641748
0.0820457038,0.0582937896,0.00499999989,305.654497
0.096752729,0.0577778836,0.00499999989,305.4782
0.093012561,0.057205835,0.00499999989,305.416178
0.0803735187,0.0250420404,0.00499999989,303.839182
0.0725194864,0.0504184407,0.00499999989,305.667415
0.070764928,0.0490081485,0.00499999989,305.61009
0.0906389502,0.0644541182,0.00499999989,305.750706
0.086983852,0.0594554343,0.00499999989,305.475082
0.0704976542,0.0402272071,0.00499999989,305.155495
0.0751487962,0.054605113,0.00499999989,305.705515
0.0753662244,0.0552959896,0.00499999989,305.689777
0.0496231451,0.000857566748,0.00499999989,304.947503
0.0621419254,0.0171373491,0.00499999989,303.566096
0.0917876919,0.0613550641,0.00499999989,305.513568
0.0917393893,0.0611864758,0.00499999989,305.513568
0.0680526774,0.0452196747,0.00499999989,305.413078
0.0720671235,0.0527912769,0.00499999989,305.672914
0.0717038839,0.0293470555,0.00499999989,304.087709
0.0510441391,0.016377625,0.00499999989,304.221244
0.054380692,0.0178736752,0.00499999989,303.967663
0.0464113454,0.00197241045,0.00499999989,304.97983
0.0755963788,0.0239671965,0.00499999989,303.602948
0.0879472453,0.0595519812,0.00499999989,305.444974
0.0871345069,0.0605488081,0.00499999989,305.450622
0.0871085382,0.0603688549,0.00499999989,305.450622
0.0867994266,0.0604074331,0.00499999989,305.450622
0.0717898868,0.0530489407,0.00499999989,305.652612
0.0762623618,0.0567063803,0.00499999989,305.658702
0.0712941818,0.0273967574,0.00499999989,303.835864
0.0747659087,0.0211355154,0.00499999989,303.085899
0.0470959343,0.0147365851,0.00499999989,304.396719
0.0597076185,0.0183118352,0.00499999989,303.542824
0.0479065089,0.0172172367,0.00499999989,304.202356
0.0667098904,0.0479748921,0.00499999989,305.481063
0.0728627168,0.0556709337,0.00499999989,305.610385
0.0789172226,0.060248357,0.00499999989,305.527688
0.0700897877,0.0517412687,0.00499999989,305.624324
0.0698952712,0.0517633978,0.00499999989,305.624324
0.0705527099,0.0270550527,0.00499999989,303.748147
0.0484157606,0.0183116907,0.00499999989,304.096342
0.0670159635,0.0330559221,0.00499999989,304.354054
0.0543413723,0.0197522211,0.00499999989,303.724343
0.0632029129,0.0421342333,0.00499999989,305.060345
0.0653960045,0.0346735558,0.00499999989,304.462369
0.0649782179,0.0195336536,0.00499999989,303.100322
0.0707852892,0.0552952857,0.00499999989,305.568725
0.0677193679,0.0521998554,0.00499999989,305.543117
0.0654910165,0.0505758551,0.00499999989,305.479389
0.0672473933,0.0520635306,0.00499999989,305.529219
0.0695464655,0.0256372864,0.00499999989,303.415147
0.0708974427,0.0561098249,0.00499999989,305.543656
0.070624265,0.0562433711,0.00499999989,305.543656
0.0686333505,0.0260070212,0.00499999989,303.392263
0.0549292409,0.0208540966,0.00499999989,303.496224
0.05473644,0.021247934,0.00499999989,303.467516
0.0661164341,0.0195976018,0.00499999989,303.011838
0.0659893911,0.0197375976,0.00499999989,303.011838
0.0610693398,0.0345430928,0.00499999989,304.170638
0.0704364843,0.0562074218,0.00499999989,305.536296
0.070199724,0.0560138174,0.00499999989,305.536296
0.0704188371,0.0571425269,0.00499999989,305.525208
0.0653668334,0.0518535351,0.00499999989,305.474243
0.0653256649,0.052027689,0.00499999989,305.474243
0.0482063856,0.022133972,0.00499999989,303.681128
0.0624661231,0.0213187807,0.00499999989,303.072493
0.0654017673,0.0208834779,0.00499999989,302.967574
0.0382210843,0.000994148219,0.00499999989,305.036965
0.0581701241,0.0403134393,0.00499999989,304.739893
0.0579492442,0.0399974692,0.00499999989,304.739893
0.060367835,0.033601226,0.00499999989,304.031114
0.0684980816,0.05586827,0.00499999989,305.516056
0.0720230741,0.0582546892,0.00499999989,305.518799
0.0740871942,0.061154322,0.00499999989,305.504109
0.0698743466,0.0226302436,0.00499999989,303.008509
0.0575688694,0.0223250038,0.00499999989,303.207429
0.0542155831,0.022279804,0.00499999989,303.31673
0.0521712804,0.0227433588,0.00499999989,303.41261
0.0376062649,0.000124302657,0.00499999989,305.039863
0.0597518663,0.0222029537,0.00499999989,303.14191
0.0354401004,0.0103802374,0.00499999989,304.69053
0.0577917039,0.0453290469,0.00499999989,305.08649
0.0617747292,0.030605859,0.00499999989,303.630643
0.0687883447,0.0231808215,0.00499999989,302.992407
0.0564629624,0.0387134366,0.00499999989,304.484119
0.0561719125,0.0366713616,0.00499999989,304.255512
0.0674712128,0.0244156715,0.00499999989,303.049978
0.0317405008,0.0084391002,0.00499999989,304.815445
0.0617605513,0.0521284337,0.00499999989,305.382097
0.0603865377,0.0295583402,0.00499999989,303.358966
0.0652772255,0.0242230095,0.00499999989,302.980093
0.0655729134,0.024332449,0.00499999989,302.980093
0.0656013804,0.0240387021,0.00499999989,302.980093
0.0640596512,0.0542296457,0.00499999989,305.456319
0.0641641889,0.0241967041,0.00499999989,302.957044
0.0426761617,0.0263544717,0.00499999989,303.192451
0.0462982754,0.0266145968,0.00499999989,303.116217
0.0637214283,0.0552837718,0.00499999989,305.487834
0.0635374377,0.0553485755,0.00499999989,305.487834
0.0321904414,0.0193123778,0.00499999989,303.863076
0.0372795136,0.0228988522,0.00499999989,303.504816
0.0344072396,0.0210596571,0.00499999989,303.681264
0.0327845166,0.0200601648,0.00499999989,303.727462
0.0507441784,0.0255725951,0.00499999989,303.112946
0.0515168313,0.0252745385,0.00499999989,303.100767
0.0275165373,0.0052353377,0.00499999989,304.903794
0.0361355325,0.02305787,0.00499999989,303.472401
0.0448502299,0.0269967567,0.00499999989,303.06334
0.0533731996,0.0354284831,0.00499999989,303.877532
0.0545827808,0.0337950372,0.00499999989,303.62445
0.0568865236,0.0311961983,0.00499999989,303.363633
0.0684506587,0.0601798986,0.00499999989,305.623457
0.0522049284,0.0266937731,0.00499999989,302.995832
0.0390137296,0.0262490802,0.00499999989,303.135277
0.0394118507,0.0269086924,0.00499999989,303.065849
0.0430073779,0.027614051,0.00499999989,302.976235
0.0442319978,0.0274578776,0.00499999989,302.979135
0.0540083642,0.0335987598,0.00499999989,303.529639
0.0541683446,0.0335224375,0.00499999989,303.529639
0.0573522881,0.0510428418,0.00499999989,305.295765
0.0577400397,0.0298010477,0.00499999989,303.206222
0.061077404,0.0551429508,0.00499999989,305.501395
0.0272293402,0.0168462834,0.00499999989,304.022806
0.0354954661,0.0236026549,0.00499999989,303.311693
0.0542957703,0.0271085655,0.00499999989,303.007237
0.0559575875,0.0300474632,0.00499999989,303.161064
0.0686258707,0.0621097904,0.00499999989,305.735413
0.062839265,0.0575493175,0.00499999989,305.616482
0.0579498426,0.0271837135,0.00499999989,303.040161
0.0273779857,0.0182030208,0.00499999989,303.856364
0.0231509378,0.00574490104,0.00499999989,304.853901
0.0451595064,0.0287675762,0.00499999989,302.883977
0.0487175197,0.0404065183,0.00499999989,304.366558
0.0551469348,0.0302778992,0.00499999989,303.168993
0.0669275243,0.0615174548,0.00499999989,305.757131
0.0571592634,0.0273837923,0.00499999989,303.043519
0.0226820053,0.00158771396,0.00499999989,304.950236
0.0417248991,0.0293614711,0.00499999989,302.884739
0.0368723897,0.0275771798,0.00499999989,302.984399
0.0347803919,0.0252756733,0.00499999989,303.103566
0.0497090951,0.0289623242,0.00499999989,302.94111
0.0557272449,0.0290367186,0.00499999989,303.079995
0.0546476259,0.0498641705,0.00499999989,305.194222
0.0614983418,0.0581347414,0.00499999989,305.698832
0.0324439285,0.0246258194,0.00499999989,303.09327
0.0406894058,0.0296812633,0.00499999989,302.902884
0.03763289,0.0288250202,0.00499999989,302.965146
0.0492824041,0.034599797,0.00499999989,303.462532
0.0511712449,0.0469478718,0.00499999989,304.98561
0.0575621043,0.0541568342,0.00499999989,305.455501
0.0585603106,0.0557110033,0.00499999989,305.554865
0.0332587846,0.0254866984,0.00499999989,303.050273
0.0508027334,0.0295508096,0.00499999989,302.975329
0.0507982022,0.0293783847,0.00499999989,302.975329
0.0480640457,0.0301881441,0.00499999989,302.928085
0.049174415,0.0454169459,0.00499999989,304.828252
0.0570516657,0.0545497133,0.00499999989,305.49038
0.0321043387,0.0255837432,0.00499999989,303.046832
0.0306866853,0.024640674,0.00499999989,303.078293
0.0501947035,0.0308039125,0.00499999989,303.046182
0.0464949199,0.0416325884,0.00499999989,304.45365
0.0506281139,0.0477170742,0.00499999989,305.021369
0.0581984149,0.0564826092,0.00499999989,305.636463
0.0265866681,0.0205510224,0.00499999989,303.443085
0.0169884057,0.012115524,0.00499999989,304.415803
0.0231047872,0.0189399162,0.00499999989,303.617689
0.0486907348,0.0462197537,0.00499999989,304.872091
0.065190064,0.0636456635,0.00499999989,306.075992
0.0625346844,0.0617661891,0.00499999989,306.032171
0.0435907863,0.0326306013,0.00499999989,303.002604
0.0460475984,0.0325793356,0.00499999989,303.051386
0.0448362893,0.0374069521,0.00499999989,303.73949
0.0484584847,0.0328241424,0.00499999989,303.129686
0.021336503,0.0181107561,0.00499999989,303.744929
0.0441466057,0.0407060667,0.00499999989,304.350169
0.0446679456,0.041579636,0.00499999989,304.455367
0.0462179462,0.034847068,0.00499999989,303.331967
0.0438954762,0.0396942909,0.00499999989,304.210961
0.0646411613,0.064878747,0.00499999989,306.278789
0.0269873782,0.0235700137,0.00499999989,303.07609
0.0123722828,0.0119880514,0.00499999989,304.312938
0.0264540032,0.0230578698,0.00499999989,303.103853
0.0372887331,0.0328776745,0.00499999989,303.186023
0.0434969882,0.0341262966,0.00499999989,303.163574
0.0437440564,0.0339359519,0.00499999989,303.163574
0.0486532178,0.0492902206,0.00499999989,305.105132
0.0450913473,0.0438318546,0.00499999989,304.647901
0.0568556437,0.058630461,0.00499999989,305.945021
0.0185273448,0.0179694882,0.00499999989,303.713587
0.0226779549,0.0207042164,0.00499999989,303.304923
0.0457266208,0.0454939695,0.00499999989,304.792224
0.0488021944,0.049898096,0.00499999989,305.188703
0.0263815198,0.0241196536,0.00499999989,303.032327
0.013616844,0.0158190336,0.00499999989,303.934937
0.0183440336,0.0184155171,0.00499999989,303.608402
0.0404207433,0.0346855616,0.00499999989,303.310901
0.0202662299,0.0198310076,0.00499999989,303.42233
0.0587861738,0.061745563,0.00499999989,306.285316
0.0266291156,0.0254720686,0.00499999989,303.00835
0.0360837373,0.0342864019,0.00499999989,303.438309
0.0428542165,0.0355087166,0.00499999989,303.38748
0.00757785326,0.00933204189,0.00499999989,304.449147
0.0455251423,0.0474906019,0.00499999989,304.956673
0.0481586466,0.0516179774,0.00499999989,305.35748
0.0576733815,0.0617457964,0.00499999989,306.302303
0.0558070782,0.0605603278,0.00499999989,306.27919
0.026755381,0.0269604244,0.00499999989,303.057223
0.0421383476,0.0410685193,0.00499999989,304.431855
0.0418018607,0.0404039628,0.00499999989,304.335833
0.0413779829,0.036352486,0.00499999989,303.540143
0.0410261382,0.0363867551,0.00499999989,303.540143
0.0500056482,0.0548320774,0.00499999989,305.812765
0.00821145539,0.015875419,0.00499999989,303.811194
0.0211742255,0.0228137552,0.00499999989,303.077124
0.0257585001,0.0268286092,0.00499999989,303.056289
0.0274082209,0.0294851327,0.00499999989,303.294871
0.0408526559,0.0373018541,0.00499999989,303.743776
0.0317988251,0.0323518962,0.00499999989,303.467812
0.016353323,0.0205153195,0.00499999989,303.241095
0.0401805173,0.0385856643,0.00499999989,304.070469
0.0150629071,0.0197269942,0.00499999989,303.327204
0.00364120132,0.0143653957,0.00499999989,303.969307
0.0144760266,0.0199328527,0.00499999989,303.281516
0.026313369,0.0305303367,0.00499999989,303.504405
0.0291296989,0.0325172083,0.00499999989,303.640508
0.00200199444,0.0113997397,0.00499999989,304.235818
0.00579339831,0.0173555487,0.00499999989,303.547381
0.0153027628,0.0218949216,0.00499999989,303.103449
0.0490754579,0.0589837505,0.00499999989,306.330126
0.0113417816,0.0200365743,0.00499999989,303.226492
0.00731896879,0.0185189835,0.00499999989,303.370862
0.0275794305,0.03192639,0.00499999989,303.718451
0.0303454595,0.0343034186,0.00499999989,303.952006
0.00815802266,0.0186989797,0.00499999989,303.309794
0.0432420878,0.0513004959,0.00499999989,305.329473
0.0431139836,0.0518685981,0.00499999989,305.410997
0.0449860873,0.0527437266,0.00499999989,305.58819
0.0408259778,0.0463077851,0.00499999989,304.895646
0.0279006119,0.0323848325,0.00499999989,303.788351
0.0235706049,0.0303037139,0.00499999989,303.614423
0.00408484455,0.0174500587,0.00499999989,303.444968
0.0173418622,0.0242518102,0.00499999989,303.050119
0.0425455135,0.0519561675,0.00499999989,305.423574
0.0181491887,0.0252545737,0.00499999989,303.08644
0.00845713449,0.0198984698,0.00499999989,303.118592
0.00829473111,0.0199106257,0.00499999989,303.118592
0.0228401217,0.0290957045,0.00499999989,303.440938
0.0425517252,0.0522484257,0.00499999989,305.488457
0.0366073629,0.0416963975,0.00499999989,304.708442
0.0439910302,0.0543567002,0.00499999989,305.863608
0.0442657916,0.0541947982,0.00499999989,305.863608
0.0048856278,0.0194776313,0.00499999989,303.031923
0.0432378272,0.054808939,0.00499999989,305.91831
0.0147915521,0.0257550142,0.00499999989,303.115932
0.0191765431,0.0292361987,0.00499999989,303.640269
0.00133698484,0.0198411745,0.00499999989,302.909145
0.00225399063,0.0202024427,0.00499999989,302.846703
0.0387287997,0.0500965613,0.00499999989,305.22122
0.0104106654,0.0239565344,0.00499999989,302.945659
0.00604669492,0.0220357107,0.00499999989,302.811816
0.021899775,0.0361455043,0.00499999989,304.645123
0.00467770212,0.0217656043,0.00499999989,302.775828
0.0386724222,0.0507238234,0.00499999989,305.268169
0.0381807655,0.0512537663,0.00499999989,305.320582
0.0365920515,0.0489379497,0.00499999989,305.152618
0.0366850608,0.0492411849,0.00499999989,305.152618
0.0403096478,0.0591489337,0.00499999989,306.390643
0.0194606635,0.0348883814,0.00499999989,304.618091
0.0374515355,0.0508327883,0.00499999989,305.277588
0.0357994473,0.0498504066,0.00499999989,305.209648
0.0385297568,0.0582579211,0.00499999989,306.274079
0.0104190906,0.0259992647,0.00499999989,303.082462
0.023461606,0.0409739332,0.00499999989,305.182663
0.0175952737,0.031909937,0.00499999989,304.174458
0.0339046647,0.0461957603,0.00499999989,305.085155
0.037383823,0.0578791446,0.00499999989,306.197113
0.0359837642,0.0509101308,0.00499999989,305.314622
0.0341783431,0.0472616706,0.00499999989,305.116052
0.000355449901,0.0227259351,0.00499999989,302.562244
0.000861224227,0.0230769427,0.00499999989,302.564235
0.0376896378,0.0554287282,0.00499999989,305.851849
0.0336375064,0.0476921896,0.00499999989,305.159314
0.0346506639,0.050888378,0.00499999989,305.318048
0.032394465,0.0471173139,0.00499999989,305.166504
0.0366846069,0.0574908385,0.00499999989,306.10853
0.0150924586,0.0315980167,0.00499999989,304.165472
0.0257097825,0.047458756,0.00499999989,305.525085
0.0095484245,0.0279973665,0.00499999989,303.367899
0.0371437514,0.0551440773,0.00499999989,305.786193
0.0355405562,0.0578720489,0.00499999989,306.150585
0.00817211419,0.0276582842,0.00499999989,303.30108
0.00146785837,0.0248270641,0.00499999989,302.633174
0.00131598969,0.0249147174,0.00499999989,302.633174
0.0115619733,0.0294484865,0.00499999989,303.762489
0.03501252,0.0528210008,0.00499999989,305.461023
0.030839659,0.0479479435,0.00499999989,305.284156
0.016566271,0.0453219437,0.00499999989,305.786498
0.0113976907,0.0323014347,0.00499999989,304.353895
0.0283400447,0.0484242595,0.00499999989,305.416573
0.0296000159,0.0484976786,0.00499999989,305.35603
0.00901765612,0.0295234099,0.00499999989,303.758835
0.0349966629,0.0561279736,0.00499999989,305.847273
0.0301758417,0.0485897109,0.00499999989,305.326184
0.00015142573,0.0257909169,0.00499999989,302.6871
0.0327764193,0.0529606318,0.00499999989,305.472614
0.0130773727,0.0463398676,0.00499999989,306.008545
0.0108702437,0.0441666014,0.00499999989,305.898736
0.0061205974,0.0369334449,0.00499999989,305.043118
0.00646111702,0.0384747902,0.00499999989,305.351243
0.00455205654,0.0288230125,0.00499999989,303.441848
0.00885746302,0.0312062976,0.00499999989,304.102196
0.0329255717,0.0536206816,0.00499999989,305.547022
0.03097819,0.051089778,0.00499999989,305.392824
0.000810959311,0.0273622297,0.00499999989,302.949253
0.0302656501,0.0516010665,0.00499999989,305.432432
0.0126873137,0.049729226,0.00499999989,306.300645
0.0222156867,0.0512505246,0.00499999989,305.845171
0.000557926369,0.0279740436,0.00499999989,303.12032
0.0278990764,0.0520146859,0.00499999989,305.519709
0.00149098021,0.0293514187,0.00499999989,303.423272
0.01178896,0.0518301794,0.00499999989,306.497744
0.0160931741,0.0536024343,0.00499999989,306.41741
0.0269684449,0.0523325709,0.00499999989,305.563554
0.00336730207,0.0309813091,0.00499999989,304.019718
0.000160735711,0.0298193848,0.00499999989,303.651106
0.0220631593,0.0537647289,0.00499999989,305.861042
0.0243522911,0.0550970999,0.00499999989,305.746681
0.0252664418,0.0554703943,0.00499999989,305.714338
0.0172781581,0.0579401728,0.00499999989,306.439864
0.0169235332,0.0586506231,0.00499999989,306.51922
0.0188227659,0.0565696942,0.00499999989,306.21159
0.0185761583,0.056769792,0.00499999989,306.21159
0.0226220136,0.0582739197,0.00499999989,305.910213
0.190753862,0.183653283,0.00499999989,312.705476
0.192135112,0.182836623,0.00499999989,312.565054
0.184445894,0.181146479,0.00499999989,312.387376
0.190203488,0.179626877,0.00499999989,312.284986
0.187576335,0.178063533,0.00499999989,312.210512
0.185917939,0.178365212,0.00499999989,312.238341
0.185210545,0.177935365,0.00499999989,312.22299
0.193567224,0.177849476,0.00499999989,312.267437
0.192127143,0.176259942,0.00499999989,312.202836
0.192425486,0.175476374,0.00499999989,312.200481
0.185853809,0.174442781,0.00499999989,312.142241
0.188679076,0.174307041,0.00499999989,312.112601
0.180172674,0.177240531,0.00499999989,312.375944
0.182175127,0.175490149,0.00499999989,312.296966
0.194845086,0.174896877,0.00499999989,312.282934
0.181381677,0.174374799,0.00499999989,312.310759
0.181675172,0.174551343,0.00499999989,312.310759
0.188784314,0.172086867,0.00499999989,312.028067
0.182586552,0.172900777,0.00499999989,312.21994
0.183792265,0.170466231,0.00499999989,312.000248
0.187566634,0.170099649,0.00499999989,311.835517
0.184178436,0.169476606,0.00499999989,311.805482
0.196933852,0.169197675,0.00499999989,312.157078
0.192506787,0.168989927,0.00499999989,311.890382
0.181187616,0.16799682,0.00499999989,311.775383
0.174925191,0.167715996,0.00499999989,312.132527
0.178122287,0.167041564,0.00499999989,311.829107
0.195034339,0.165904722,0.00499999989,311.640437
0.197515755,0.165885549,0.00499999989,311.789276
0.189368514,0.166347985,0.00499999989,311.398879
0.178178024,0.166639894,0.00499999989,311.748861
0.180910652,0.166621472,0.00499999989,311.543587
0.200552887,0.165247881,0.00499999989,311.938191
0.179962931,0.166477142,0.00499999989,311.592775
0.178005021,0.165913726,0.00499999989,311.6677
0.184282331,0.164414329,0.00499999989,311.181289
0.201013537,0.164092084,0.00499999989,311.829588
0.201152035,0.163962883,0.00499999989,311.829588
0.172417533,0.164985042,0.00499999989,311.951288
0.178333288,0.165025872,0.00499999989,311.507891
0.181361687,0.163481545,0.00499999989,311.151607
0.194772281,0.163958363,0.00499999989,311.331334
0.196103115,0.162719987,0.00499999989,311.281754
0.197118273,0.162755147,0.00499999989,311.361171
0.197050028,0.162646279,0.00499999989,311.361171
0.204161434,0.162307104,0.00499999989,311.82037
0.198567942,0.161594908,0.00499999989,311.349839
0.203113108,0.16178189,0.00499999989,311.665288
0.192085836,0.162214924,0.00499999989,311.063227
0.158587284,0.165641202,0.00499999989,312.551183
0.193219972,0.161245217,0.00499999989,311.041897
0.206228275,0.161142329,0.00499999989,311.803365
0.202454135,0.16097634,0.00499999989,311.520735
0.202584509,0.16107805,0.00499999989,311.520735
0.191979022,0.16195028,0.00499999989,311.031158
0.157357352,0.165166557,0.00499999989,312.535939
0.178728205,0.161798171,0.00499999989,311.085137
0.178683449,0.161621727,0.00499999989,311.085137
0.180326499,0.160915498,0.00499999989,310.976186
0.195033117,0.160907126,0.00499999989,311.094074
0.193951086,0.160786489,0.00499999989,311.034088
0.201618098,0.160055527,0.00499999989,311.366922
0.192821195,0.160522899,0.00499999989,310.995218
0.207276952,0.159979267,0.00499999989,311.742638
0.211416256,0.159818143,0.00499999989,311.965436
0.211768608,0.159788149,0.00499999989,311.965436
0.210067355,0.159663851,0.00499999989,311.889621
0.163839574,0.16074677,0.00499999989,311.923217
0.162410781,0.159858997,0.00499999989,311.893806
0.184174652,0.159431998,0.00499999989,310.956943
0.219173834,0.163626988,0.00499999989,312.512809
0.197748854,0.158819585,0.00499999989,311.105014
0.193162632,0.159375882,0.00499999989,310.994045
0.170255047,0.159570183,0.00499999989,311.286628
0.169154721,0.158962415,0.00499999989,311.295675
0.17010677,0.15915168,0.00499999989,311.23285
0.221700228,0.168125789,0.00499999989,312.811837
0.159306345,0.158582414,0.00499999989,311.856589
0.183852593,0.158620579,0.00499999989,310.990495
0.186838738,0.157577349,0.00499999989,311.085241
0.170471731,0.158134255,0.00499999989,311.119452
0.177292292,0.158430393,0.00499999989,310.919239
0.179355458,0.15816527,0.00499999989,310.921903
0.21543858,0.156948569,0.00499999989,311.781694
0.20697155,0.157433623,0.00499999989,311.345604
0.155100246,0.157272279,0.00499999989,311.854938
0.17065347,0.1579527,0.00499999989,311.075776
0.175338978,0.157877552,0.00499999989,310.925825
0.18229848,0.157659042,0.00499999989,310.999107
0.185888313,0.157185102,0.00499999989,311.11556
0.185190257,0.15715737,0.00499999989,311.109471
0.210605985,0.156916561,0.00499999989,311.479008
0.223268874,0.160686695,0.00499999989,312.270933
0.204670701,0.156961965,0.00499999989,311.215173
0.166315725,0.156703847,0.00499999989,311.153424
0.167740693,0.156801116,0.00499999989,311.098951
0.226689722,0.168351797,0.00499999989,312.777745
0.158854818,0.156278734,0.00499999989,311.572395
0.154897092,0.156138283,0.00499999989,311.710731
0.170010321,0.15648577,0.00499999989,310.992688
0.168708199,0.15624387,0.00499999989,311.017814
0.175955801,0.156740819,0.00499999989,310.888586
0.18307094,0.155795231,0.00499999989,311.137039
0.205942307,0.155884114,0.00499999989,311.177867
0.20577037,0.155874597,0.00499999989,311.177867
0.15589337,0.155669021,0.00499999989,311.607983
0.15383417,0.15577722,0.00499999989,311.655697
0.213473348,0.1549471,0.00499999989,311.384766
0.205707463,0.155734046,0.00499999989,311.141255
0.200429697,0.154913275,0.00499999989,311.063411
0.200196237,0.155109939,0.00499999989,311.063411
0.198840486,0.15514789,0.00499999989,311.068524
0.186023909,0.154518687,0.00499999989,311.274521
0.176652538,0.15580997,0.00499999989,310.902046
0.176475581,0.155764871,0.00499999989,310.902046
0.179029504,0.155420429,0.00499999989,311.007002
0.209599108,0.153814044,0.00499999989,311.106969
0.159096732,0.154300761,0.00499999989,311.201539
0.225093673,0.154369447,0.00499999989,311.630053
0.17095682,0.154780319,0.00499999989,310.873571
0.156640072,0.154503173,0.00499999989,311.326931
0.164219463,0.154583669,0.00499999989,310.983062
0.225947979,0.154435589,0.00499999989,311.613121
0.155587017,0.153450161,0.00499999989,311.222095
0.16801445,0.153855602,0.00499999989,310.859859
0.180055313,0.153012603,0.00499999989,311.168989
0.229598661,0.157400616,0.00499999989,311.936643
0.20014348,0.15276455,0.00499999989,311.087094
0.162041308,0.153397473,0.00499999989,310.943139
0.153709188,0.152403295,0.00499999989,311.116799
0.14430022,0.155560951,0.00499999989,311.418344
0.175692651,0.153521609,0.00499999989,310.956731
0.181447458,0.151626336,0.00499999989,311.260331
0.205738205,0.152336382,0.00499999989,311.014249
0.220114264,0.151721307,0.00499999989,311.160922
0.223422636,0.151540248,0.00499999989,311.180461
0.201443035,0.152206908,0.00499999989,311.077188
0.202228771,0.151683875,0.00499999989,311.058803
0.192562182,0.151169635,0.00499999989,311.339416
0.155664418,0.152257413,0.00499999989,311.018095
0.145951496,0.153666539,0.00499999989,311.211975
0.177031791,0.152938457,0.00499999989,311.063241
0.220447502,0.150958797,0.00499999989,311.105815
0.213974033,0.151889148,0.00499999989,310.998104
0.180456667,0.14936193,0.00499999989,311.269114
0.19462708,0.151140403,0.00499999989,311.300387
0.207441268,0.151520685,0.00499999989,310.97117
0.208719431,0.151130906,0.00499999989,310.949355
0.202415787,0.150510242,0.00499999989,311.087467
0.193532233,0.149767494,0.00499999989,311.339672
0.14916817,0.150657387,0.00499999989,310.830248
0.149079924,0.151005481,0.00499999989,310.830248
0.194829048,0.150691698,0.00499999989,311.311259
0.198211567,0.150245118,0.00499999989,311.23932
0.163981884,0.150886621,0.00499999989,310.739036
0.150678325,0.150026862,0.00499999989,310.70179
0.176312892,0.150560927,0.00499999989,311.116425
0.220785908,0.149346179,0.00499999989,310.837246
0.226931335,0.151247691,0.00499999989,311.047036
0.22007393,0.148927325,0.00499999989,310.79548
0.172299308,0.150518223,0.00499999989,310.932848
0.142416757,0.153746469,0.00499999989,310.979289
0.175878739,0.150085968,0.00499999989,311.124894
0.224198918,0.148962305,0.00499999989,310.792146
0.217020848,0.148974809,0.00499999989,310.814386
0.216904229,0.149121477,0.00499999989,310.814386
0.199798293,0.149010863,0.00499999989,311.213957
0.204769578,0.149366706,0.00499999989,311.035029
0.155786133,0.149793723,0.00499999989,310.655363
0.159729355,0.149931452,0.00499999989,310.646018
0.140460928,0.154655882,0.00499999989,311.031329
0.231473503,0.153861181,0.00499999989,311.261033
0.228765971,0.151294318,0.00499999989,311.005658
0.229046124,0.151432048,0.00499999989,311.005658
0.226505929,0.148933035,0.00499999989,310.79154
0.15924727,0.149077822,0.00499999989,310.594618
0.141556379,0.152722208,0.00499999989,310.828188
0.175891838,0.146800169,0.00499999989,311.154846
0.21846305,0.147554915,0.00499999989,310.688857
0.215324503,0.147587663,0.00499999989,310.72625
0.157800695,0.14845531,0.00499999989,310.570102
0.155138409,0.148235264,0.00499999989,310.537775
0.145970409,0.148802268,0.00499999989,310.547342
0.176999447,0.140899668,0.00499999989,311.078023
0.205539556,0.148182665,0.00499999989,311.028053
0.22451578,0.147476044,0.00499999989,310.651388
0.215774103,0.1469199,0.00499999989,310.702786
0.202127643,0.147069186,0.00499999989,311.172202
0.16398685,0.148356733,0.00499999989,310.675894
0.178587478,0.139706872,0.00499999989,311.049108
0.180784536,0.138312469,0.00499999989,311.010702
0.208300981,0.147325977,0.00499999989,310.919449
0.223203582,0.146855441,0.00499999989,310.61337
0.218855125,0.146086758,0.00499999989,310.607939
0.156914277,0.147297872,0.00499999989,310.505858
0.14484113,0.148351103,0.00499999989,310.531982
0.211021828,0.146343115,0.00499999989,310.820337
0.203101326,0.145124561,0.00499999989,311.135615
0.20120753,0.143675537,0.00499999989,311.145411
0.182251608,0.136349111,0.00499999989,310.93799
0.177890473,0.137056396,0.00499999989,310.920003
0.163556094,0.146802381,0.00499999989,310.663528
0.148973548,0.146462054,0.00499999989,310.436843
0.1590272,0.146454002,0.00499999989,310.519697
0.141357599,0.149657604,0.00499999989,310.606738
0.2083361,0.146042822,0.00499999989,310.926189
0.230217848,0.148577186,0.00499999989,310.750578
0.218920764,0.14500294,0.00499999989,310.564089
0.195572828,0.135646086,0.00499999989,310.853689
0.152490109,0.145462058,0.00499999989,310.387471
0.14032655,0.150219253,0.00499999989,310.636956
0.144683879,0.14714692,0.00499999989,310.48554
0.14096425,0.149138762,0.00499999989,310.602717
0.209369097,0.145178079,0.00499999989,310.884884
0.213794487,0.144714527,0.00499999989,310.698412
0.213621396,0.144727504,0.00499999989,310.698412
0.212366721,0.145104547,0.00499999989,310.753176
0.211468305,0.145088676,0.00499999989,310.782192
0.203910371,0.142078662,0.00499999989,311.028702
0.194066076,0.132215387,0.00499999989,310.671549
0.163234983,0.145555475,0.00499999989,310.667215
0.146179969,0.146126778,0.00499999989,310.437214
0.140857444,0.148825405,0.00499999989,310.593581
0.143065618,0.147182205,0.00499999989,310.51311
0.16471894,0.145246344,0.00499999989,310.74845
0.173115117,0.135222464,0.00499999989,310.659147
0.220043821,0.143169607,0.00499999989,310.462963
0.159731006,0.144591044,0.00499999989,310.520801
0.160824953,0.144481133,0.00499999989,310.559415
0.168597756,0.136811108,0.00499999989,310.590104
0.171633302,0.133830498,0.00499999989,310.482509
0.229277569,0.144838823,0.00499999989,310.562409
0.190732991,0.128943342,0.00499999989,310.386284
0.207275051,0.137913817,0.00499999989,310.651168
0.159987595,0.144192141,0.00499999989,310.53965
0.217208418,0.142114003,0.00499999989,310.501824
0.175360192,0.13084299,0.00499999989,310.374116
0.148140805,0.143452702,0.00499999989,310.356976
0.193519501,0.126716745,0.00499999989,310.136316
0.180069258,0.126398739,0.00499999989,310.065515
0.160514711,0.142622385,0.00499999989,310.57268
0.149595343,0.142215934,0.00499999989,310.306923
0.1667498,0.134391135,0.00499999989,310.373428
0.22311931,0.141128527,0.00499999989,310.320218
0.221576921,0.141021237,0.00499999989,310.326599
0.221544894,0.141327464,0.00499999989,310.326599
0.236027755,0.149063461,0.00499999989,310.825163
0.207017116,0.133787273,0.00499999989,310.334426
0.191313047,0.12427328,0.00499999989,309.899748
0.176850495,0.127742703,0.00499999989,310.135827
0.159657897,0.141981431,0.00499999989,310.521822
0.172354645,0.129840414,0.00499999989,310.114885
0.220703069,0.14067691,0.00499999989,310.313927
0.181107259,0.124877581,0.00499999989,309.916947
0.156816892,0.141329624,0.00499999989,310.396676
0.158174947,0.141234536,0.00499999989,310.452576
0.142966412,0.142903215,0.00499999989,310.513513
0.140929971,0.143603083,0.00499999989,310.61032
0.168739364,0.131488421,0.00499999989,310.165071
0.235937648,0.146713587,0.00499999989,310.789264
0.233176783,0.144718117,0.00499999989,310.657209
0.218948644,0.139479296,0.00499999989,310.320618
0.159478164,0.140550571,0.00499999989,310.471959
0.142375048,0.14301026,0.00499999989,310.5557
0.149095792,0.140687605,0.00499999989,310.279642
0.238923223,0.149652874,0.00499999989,310.891109
0.236055901,0.146422886,0.00499999989,310.785318
0.225090938,0.139964271,0.00499999989,310.253376
0.173685077,0.127682412,0.00499999989,309.927027
0.184519842,0.122452436,0.00499999989,309.688403
0.178601227,0.124659444,0.00499999989,309.717367
0.153640644,0.140576847,0.00499999989,310.277855
0.138346881,0.144177164,0.00499999989,310.731077
0.139638529,0.143080358,0.00499999989,310.681305
0.207996547,0.130162971,0.00499999989,309.85448
0.194583879,0.122361113,0.00499999989,309.547836
0.182714619,0.122383511,0.00499999989,309.598059
0.18039759,0.123478874,0.00499999989,309.651648
0.184610194,0.12223861,0.00499999989,309.60938
0.171996574,0.127114208,0.00499999989,309.694498
0.238787249,0.147572926,0.00499999989,310.893388
0.208447388,0.129918358,0.00499999989,309.829066
0.199467585,0.123697072,0.00499999989,309.466867
0.198382761,0.123291859,0.00499999989,309.449053
0.185741259,0.121356773,0.00499999989,309.551376
0.20082143,0.124772244,0.00499999989,309.548554
0.152143448,0.139392221,0.00499999989,310.195742
0.154992225,0.139323427,0.00499999989,310.260316
0.137497194,0.141873731,0.00499999989,310.77237
0.173100956,0.126379061,0.00499999989,309.619199
0.218723358,0.136946927,0.00499999989,310.088144
0.199427661,0.123128668,0.00499999989,309.382562
0.155162424,0.139093759,0.00499999989,310.23251
0.166242543,0.130054517,0.00499999989,309.671271
0.22167494,0.137130996,0.00499999989,310.005658
0.241227235,0.148412541,0.00499999989,310.978491
0.213890042,0.132784098,0.00499999989,309.822061
0.213934253,0.133007512,0.00499999989,309.878289
0.215671663,0.134333139,0.00499999989,309.914366
0.215475424,0.133540952,0.00499999989,309.855814
0.2018275,0.124127326,0.00499999989,309.373829
0.181886036,0.121210731,0.00499999989,309.337262
0.17935686,0.122043303,0.00499999989,309.321842
0.149862214,0.138051753,0.00499999989,310.129844
0.152270473,0.137260319,0.00499999989,310.024402
0.16001478,0.134819387,0.00499999989,309.968517
0.157442458,0.13707078,0.00499999989,310.132533
0.157663141,0.136847229,0.00499999989,310.132533
0.17431078,0.12394993,0.00499999989,309.379764
0.1672778,0.128283816,0.00499999989,309.507558
0.166276206,0.128993072,0.00499999989,309.522049
0.222788356,0.137107278,0.00499999989,309.930343
0.228089575,0.137424392,0.00499999989,310.037353
0.20878871,0.127646436,0.00499999989,309.437617
0.212740221,0.130735803,0.00499999989,309.577808
0.213468782,0.13132166,0.00499999989,309.626961
0.198341502,0.121509834,0.00499999989,309.204088
0.191803904,0.119067769,0.00499999989,309.134656
0.192169079,0.119118836,0.00499999989,309.134656
0.179947585,0.121563225,0.00499999989,309.303375
0.137084154,0.139279194,0.00499999989,310.726765
0.174038869,0.123996574,0.00499999989,309.335145
0.169288734,0.126433325,0.00499999989,309.391537
0.240389283,0.146218404,0.00499999989,310.956283
0.230681376,0.137136827,0.00499999989,310.119067
0.219662705,0.13572627,0.00499999989,309.884156
0.209507142,0.127312753,0.00499999989,309.341744
0.161189358,0.132244479,0.00499999989,309.670239
0.235629745,0.137289108,0.00499999989,310.407888
0.228793308,0.136516045,0.00499999989,309.913921
0.200571815,0.121511682,0.00499999989,309.041083
0.211249311,0.128371268,0.00499999989,309.343523
0.215669907,0.131792675,0.00499999989,309.54821
0.178937968,0.120632821,0.00499999989,309.104837
0.173822772,0.122384393,0.00499999989,309.173406
0.143070136,0.135446171,0.00499999989,310.227621
0.136983225,0.137281609,0.00499999989,310.636022
0.237618178,0.135954756,0.00499999989,310.309818
0.232215717,0.1363643,0.00499999989,310.085267
0.189848626,0.117095795,0.00499999989,308.828767
0.185442302,0.117885826,0.00499999989,308.909272
0.146882241,0.135688858,0.00499999989,310.036823
0.224012792,0.135143452,0.00499999989,309.604616
0.228925938,0.135448619,0.00499999989,309.762157
0.204632535,0.122573497,0.00499999989,309.040269
0.18322878,0.117846139,0.00499999989,308.895989
0.191852387,0.116562154,0.00499999989,308.758184
0.188833204,0.116365486,0.00499999989,308.766199
0.195555685,0.117882193,0.00499999989,308.832631
0.180612636,0.118655307,0.00499999989,308.9265
0.142673354,0.134415234,0.00499999989,310.091172
0.142863892,0.134319005,0.00499999989,310.091172
0.158279917,0.13328525,0.00499999989,309.590077
0.160116701,0.129901151,0.00499999989,309.288383
0.166558008,0.125085771,0.00499999989,309.163099
0.244414691,0.143599827,0.00499999989,311.00725
0.195826574,0.116427645,0.00499999989,308.749514
0.149393193,0.133967345,0.00499999989,309.655631
0.139166311,0.133278963,0.00499999989,310.217161
0.232241301,0.134207543,0.00499999989,309.742178
0.232410286,0.134271256,0.00499999989,309.742178
0.203666585,0.121268386,0.00499999989,308.967318
0.210227403,0.125178773,0.00499999989,309.083149
0.211450819,0.126098247,0.00499999989,309.123051
0.205968582,0.12171449,0.00499999989,308.969917
0.18879959,0.115252946,0.00499999989,308.642804
0.18522767,0.11541837,0.00499999989,308.671205
0.174514024,0.119563317,0.00499999989,308.991393
0.14633969,0.133298724,0.00499999989,309.722359
0.167831292,0.12264435,0.00499999989,309.045199
0.164807996,0.124743067,0.00499999989,309.106172
0.233990737,0.134303353,0.00499999989,309.847288
0.217367356,0.129166232,0.00499999989,309.101755
0.210629015,0.124158222,0.00499999989,309.023974
0.187526445,0.114884797,0.00499999989,308.623118
0.178324971,0.117255887,0.00499999989,308.828519
0.184498111,0.115180708,0.00499999989,308.648902
0.149278202,0.132555023,0.00499999989,309.461796
0.145662988,0.132431443,0.00499999989,309.639574
0.212899823,0.124646498,0.00499999989,308.994763
0.2167331,0.126695838,0.00499999989,308.957768
0.206429791,0.120612747,0.00499999989,308.928503
0.187111578,0.113853217,0.00499999989,308.570849
0.197281461,0.115081237,0.00499999989,308.687992
0.180743129,0.11563574,0.00499999989,308.72862
0.15297988,0.132261056,0.00499999989,309.366102
0.156759182,0.130061028,0.00499999989,309.218271
0.155092041,0.131103295,0.00499999989,309.283568
0.162279671,0.124141226,0.00499999989,309.087458
0.222325288,0.130868852,0.00499999989,309.096471
0.250053731,0.138417832,0.00499999989,310.879623
0.245711926,0.132819523,0.00499999989,310.302551
0.209761621,0.121968773,0.00499999989,308.96154
0.202102752,0.117361479,0.00499999989,308.817561
0.212237492,0.123322419,0.00499999989,308.973277
0.206603488,0.120215143,0.00499999989,308.920164
0.181745253,0.115400246,0.00499999989,308.690619
0.171211379,0.119131516,0.00499999989,308.977342
0.144186493,0.131102509,0.00499999989,309.557021
0.146709602,0.131108117,0.00499999989,309.417284
0.170012171,0.119992303,0.00499999989,308.998453
0.164925614,0.122120282,0.00499999989,309.06751
0.252323331,0.137009247,0.00499999989,310.843587
0.252102858,0.137392245,0.00499999989,310.843587
0.247496887,0.131530203,0.00499999989,310.297735
0.221239776,0.130036939,0.00499999989,309.053411
0.20116681,0.116296799,0.00499999989,308.787595
0.205013262,0.118205998,0.00499999989,308.874017
0.191667544,0.112178094,0.00499999989,308.517532
0.18590679,0.112614764,0.00499999989,308.530353
0.183768674,0.113073286,0.00499999989,308.568875
0.172696784,0.116981491,0.00499999989,308.946143
0.147621951,0.13106075,0.00499999989,309.373759
0.15213545,0.130529618,0.00499999989,309.21142
0.154089557,0.13002278,0.00499999989,309.166895
0.162819775,0.123145646,0.00499999989,309.096947
0.236080313,0.130734254,0.00499999989,309.436649
0.23767798,0.130405986,0.00499999989,309.513441
0.231455311,0.131230844,0.00499999989,309.216292
0.215228636,0.12353562,0.00499999989,308.96766
0.205091415,0.117476116,0.00499999989,308.877416
0.209811883,0.120270872,0.00499999989,308.961685
0.199850483,0.114958821,0.00499999989,308.745294
0.19970863,0.115043062,0.00499999989,308.745294
0.180868166,0.114579585,0.00499999989,308.677212
0.173460912,0.116001909,0.00499999989,308.929176
0.148239458,0.1301709,0.00499999989,309.262367
0.160222092,0.124559494,0.00499999989,309.10673
0.156886451,0.126422953,0.00499999989,309.091934
0.221897246,0.128827186,0.00499999989,308.944176
0.227408531,0.130075292,0.00499999989,308.983588
0.253354045,0.133036126,0.00499999989,310.501289
0.236530206,0.130016042,0.00499999989,309.318086
0.250467723,0.130412819,0.00499999989,310.243366
0.217326156,0.124275669,0.00499999989,308.959169
0.205190804,0.117111247,0.00499999989,308.886693
0.155360061,0.128452377,0.00499999989,309.098062
0.2489046,0.129474568,0.00499999989,310.056774
0.235794498,0.12997532,0.00499999989,309.256878
0.240911991,0.129080921,0.00499999989,309.50546
0.240605527,0.129152856,0.00499999989,309.50546
0.237981393,0.129138883,0.00499999989,309.311968
0.201893481,0.115063214,0.00499999989,308.801768
0.207776819,0.117831007,0.00499999989,308.94912
0.177971963,0.113710989,0.00499999989,308.772758
0.170491582,0.116554718,0.00499999989,309.043075
0.146448071,0.128686335,0.00499999989,309.203601
0.159113076,0.123612878,0.00499999989,309.173628
0.2537816,0.130635123,0.00499999989,310.288474
0.230936508,0.129698499,0.00499999989,309.011135
0.220743196,0.126235172,0.00499999989,308.909779
0.214003643,0.121101758,0.00499999989,309.033026
0.211075009,0.118774632,0.00499999989,309.029754
0.199617489,0.112959301,0.00499999989,308.753863
0.193174092,0.110776846,0.00499999989,308.520048
0.147739475,0.128650675,0.00499999989,309.173717
0.153933381,0.128039922,0.00499999989,309.082433
0.215487956,0.121339515,0.00499999989,309.061747
0.211832021,0.119150313,0.00499999989,309.06007
0.170665652,0.114961949,0.00499999989,309.090762
0.155506855,0.124269741,0.00499999989,309.241418
0.160471988,0.121330863,0.00499999989,309.26887
0.23240728,0.128472085,0.00499999989,308.918209
0.237738063,0.127492399,0.00499999989,309.080904
0.230950036,0.128936417,0.00499999989,308.924455
0.216206151,0.121078485,0.00499999989,309.098096
0.21097913,0.117125381,0.00499999989,309.13731
0.204984643,0.114285927,0.00499999989,308.968716
0.187265296,0.109083471,0.00499999989,308.423251
0.191662207,0.109453813,0.00499999989,308.454163
0.193664552,0.109222268,0.00499999989,308.513445
0.181709312,0.110851292,0.00499999989,308.603451
0.177216686,0.112073656,0.00499999989,308.812927
0.170196833,0.114826804,0.00499999989,309.117478
0.168387502,0.116362611,0.00499999989,309.156173
0.168156256,0.116689394,0.00499999989,309.156173
0.160144963,0.120974471,0.00499999989,309.300827
0.258406919,0.1285787,0.00499999989,310.102101
0.254587862,0.126757696,0.00499999989,309.931428
0.217281382,0.121292876,0.00499999989,309.136388
0.209370622,0.115422971,0.00499999989,309.131753
0.179288567,0.11153755,0.00499999989,308.708545
0.188140901,0.108679619,0.00499999989,308.398409
0.197161003,0.109769155,0.00499999989,308.657657
0.178526721,0.110943345,0.00499999989,308.752743
0.171341845,0.112746957,0.00499999989,309.076749
0.153020702,0.126090616,0.00499999989,309.119376
0.224005868,0.126125211,0.00499999989,308.928216
0.235853466,0.127141085,0.00499999989,308.914914
0.258610082,0.12704683,0.00499999989,309.979896
0.213483883,0.117851792,0.00499999989,309.188399
0.214811236,0.118298274,0.00499999989,309.20722
0.213975062,0.117826123,0.00499999989,309.218294
0.209597911,0.114983599,0.00499999989,309.155013
0.170913326,0.111974247,0.00499999989,309.085695
0.229873234,0.126417624,0.00499999989,308.822041
0.247268516,0.125746463,0.00499999989,309.377616
0.249333079,0.125582304,0.00499999989,309.486891
0.237876209,0.126219998,0.00499999989,308.941072
0.208114112,0.114280348,0.00499999989,309.112672
0.208065062,0.11411318,0.00499999989,309.112672
0.201881999,0.110300771,0.00499999989,308.886809
0.192227072,0.107507047,0.00499999989,308.43125
0.187351203,0.107329869,0.00499999989,308.355207
0.17976857,0.109455689,0.00499999989,308.699707
0.147881973,0.125753888,0.00499999989,309.136
0.249257084,0.125069256,0.00499999989,309.416654
0.238122627,0.126067008,0.00499999989,308.910501
0.206284213,0.112905002,0.00499999989,309.07425
0.189162315,0.106975956,0.00499999989,308.335658
0.187721243,0.10703649,0.00499999989,308.330882
0.146745168,0.124975542,0.00499999989,309.160709
0.145120751,0.124864253,0.00499999989,309.164167
0.159163959,0.115910702,0.00499999989,309.442133
0.156829763,0.117808639,0.00499999989,309.458505
0.229835569,0.12526635,0.00499999989,308.844302
0.252114862,0.124073232,0.00499999989,309.412668
0.215300917,0.116214645,0.00499999989,309.289638
0.189832683,0.106029911,0.00499999989,308.299468
0.193167765,0.10650631,0.00499999989,308.430766
0.192983448,0.106489695,0.00499999989,308.430766
0.18080369,0.107061661,0.00499999989,308.550821
0.151768584,0.124180657,0.00499999989,309.260294
0.152821423,0.121509393,0.00499999989,309.420484
0.268373568,0.136901708,0.00499999989,310.69912
0.252282196,0.123635135,0.00499999989,309.357692
0.234915779,0.124611945,0.00499999989,308.766792
0.250550547,0.123709865,0.00499999989,309.254263
0.20932728,0.111640279,0.00499999989,309.184654
0.188478732,0.105852467,0.00499999989,308.274213
0.188299891,0.105849019,0.00499999989,308.274213
0.186885613,0.105823234,0.00499999989,308.281313
0.167057386,0.109433969,0.00499999989,309.141895
0.150425903,0.123576165,0.00499999989,309.292717
0.226390486,0.123111275,0.00499999989,309.090723
0.230553449,0.124501612,0.00499999989,308.847466
0.234308936,0.124242652,0.00499999989,308.764575
0.237179611,0.123981453,0.00499999989,308.76977
0.23753753,0.123865314,0.00499999989,308.769276
0.186915163,0.104940368,0.00499999989,308.188731
0.147772853,0.123040335,0.00499999989,309.274303
0.161240906,0.109294127,0.00499999989,309.297156
0.228514186,0.123377393,0.00499999989,309.001598
0.229793795,0.123923345,0.00499999989,308.913641
0.255578747,0.121979049,0.00499999989,309.244712
0.260014261,0.121511169,0.00499999989,309.228041
0.211495459,0.109167957,0.00499999989,309.191096
0.218752179,0.115577326,0.00499999989,309.358647
0.185721067,0.103997062,0.00499999989,308.0963
0.174803638,0.104934707,0.00499999989,308.681061
0.226081995,0.121482597,0.00499999989,309.198816
0.264009996,0.122824125,0.00499999989,309.30302
0.235289241,0.123004095,0.00499999989,308.774471
0.240181541,0.122599646,0.00499999989,308.740194
0.240309773,0.122526183,0.00499999989,308.740194
0.258327032,0.121207505,0.00499999989,309.152021
0.211643179,0.108156862,0.00499999989,309.169093
0.196654308,0.103566784,0.00499999989,308.432275
0.148935146,0.121983683,0.00499999989,309.3877
0.159096976,0.107406173,0.00499999989,309.29483
0.15478231,0.111482528,0.00499999989,309.446557
0.157035902,0.108853482,0.00499999989,309.354179
0.257692576,0.121299189,0.00499999989,309.173012
0.220608012,0.113054519,0.00499999989,309.368586
0.218263414,0.110702482,0.00499999989,309.331562
0.16172105,0.105580463,0.00499999989,309.129849
0.257911889,0.120251099,0.00499999989,308.980763
0.232273944,0.121926646,0.00499999989,308.937809
0.207299597,0.10503919,0.00499999989,308.907722
0.223049909,0.113656519,0.00499999989,309.36891
0.195682044,0.102085237,0.00499999989,308.227122
0.180467867,0.103180562,0.00499999989,308.207625
0.146814706,0.116915211,0.00499999989,309.504839
0.160647608,0.104538655,0.00499999989,309.11832
0.150443437,0.110571897,0.00499999989,309.438903
0.155058516,0.106502416,0.00499999989,309.294576
0.252350167,0.120165506,0.00499999989,308.756608
0.249509065,0.120208889,0.00499999989,308.724974
0.234943023,0.121847534,0.00499999989,308.831511
0.232722294,0.121661435,0.00499999989,308.934787
0.264760751,0.120126052,0.00499999989,308.854563
0.192954692,0.102108133,0.00499999989,308.012121
0.182838191,0.103122718,0.00499999989,308.041562
0.176413444,0.102074862,0.00499999989,308.343351
0.170974039,0.100494276,0.00499999989,308.459679
0.243788822,0.120392732,0.00499999989,308.701707
0.217955159,0.105902308,0.00499999989,309.179834
0.203748266,0.100033854,0.00499999989,308.435907
0.192141745,0.101568367,0.00499999989,307.905468
0.187871688,0.101561084,0.00499999989,307.745386
0.183529348,0.102247817,0.00499999989,307.903508
0.145957829,0.114850914,0.00499999989,309.490618
0.145868943,0.118313407,0.00499999989,309.468709
0.219736684,0.106576716,0.00499999989,309.237919
0.187475819,0.100770953,0.00499999989,307.643356
0.195319687,0.100546427,0.00499999989,307.94945
0.175611182,0.100824719,0.00499999989,308.234457
0.269835201,0.122263043,0.00499999989,308.858913
0.247247956,0.118285664,0.00499999989,308.604615
0.260148821,0.117864534,0.00499999989,308.570371
0.237410237,0.119844658,0.00499999989,308.833788
0.219630317,0.104405339,0.00499999989,309.151434
0.220385796,0.102965689,0.00499999989,309.105801
0.22850804,0.111700288,0.00499999989,309.30443
0.18723262,0.100656563,0.00499999989,307.60349
0.2498336,0.117995828,0.00499999989,308.57582
0.264216133,0.117918151,0.00499999989,308.531335
0.231842544,0.111668732,0.00499999989,309.238477
0.199341101,0.0980087506,0.00499999989,307.924304
0.178816744,0.100712484,0.00499999989,307.940689
0.2512681,0.117300223,0.00499999989,308.521287
0.259199993,0.116131064,0.00499999989,308.399193
0.210470579,0.0967530085,0.00499999989,308.461335
0.223074881,0.10355279,0.00499999989,309.107258
0.183184677,0.0996403035,0.00499999989,307.569105
0.177442764,0.0988887308,0.00499999989,307.790621
0.253931593,0.116527507,0.00499999989,308.43511
0.228806736,0.105799895,0.00499999989,309.188846
0.199815097,0.0973044681,0.00499999989,307.847308
0.187301814,0.0985159634,0.00499999989,307.39219
0.173128383,0.0973947804,0.00499999989,307.863774
0.252366932,0.116634682,0.00499999989,308.463372
0.259503673,0.115554501,0.00499999989,308.332882
0.201281121,0.0964097447,0.00499999989,307.831153
0.201013424,0.0965218176,0.00499999989,307.831153
0.203294528,0.0958075237,0.00499999989,307.906015
0.187990431,0.0978452916,0.00499999989,307.348815
0.181157518,0.0993057027,0.00499999989,307.585784
0.175583431,0.0977500473,0.00499999989,307.764137
0.2046439,0.0955495336,0.00499999989,307.947088
0.23829861,0.112527976,0.00499999989,309.05528
0.201055688,0.0959434639,0.00499999989,307.744343
0.193319576,0.0978647924,0.00499999989,307.495414
0.183265083,0.0977056716,0.00499999989,307.366305
0.258009776,0.114875004,0.00499999989,308.307977
0.260165194,0.114005741,0.00499999989,308.260665
0.267787828,0.115850025,0.00499999989,308.309459
0.253235426,0.115260812,0.00499999989,308.405318
0.224739989,0.0967945964,0.00499999989,308.700552
0.239841688,0.112858219,0.00499999989,309.013931
0.197019646,0.0963148364,0.00499999989,307.551002
0.191852705,0.0974282685,0.00499999989,307.372547
0.269746725,0.116616321,0.00499999989,308.331507
0.208895702,0.0933559182,0.00499999989,307.953758
0.235887585,0.104201666,0.00499999989,308.98306
0.189870731,0.0963019567,0.00499999989,307.268433
0.18326296,0.0959574305,0.00499999989,307.240159
0.178506409,0.0967620996,0.00499999989,307.410553
0.260148164,0.112778945,0.00499999989,308.228387
0.232728847,0.0996537563,0.00499999989,308.833178
0.243949872,0.11319354,0.00499999989,308.822899
0.206152168,0.0924185076,0.00499999989,307.63597
0.204514293,0.0928680701,0.00499999989,307.604385
0.226429259,0.0924392866,0.00499999989,308.358833
0.229451679,0.095171256,0.00499999989,308.520647
0.223096635,0.0903731472,0.00499999989,308.141208
0.199036194,0.0943777418,0.00499999989,307.479719
0.188501402,0.0955910751,0.00499999989,307.227935
0.267323579,0.113404819,0.00499999989,308.260229
0.268725079,0.113339109,0.00499999989,308.290622
0.266043969,0.113081092,0.00499999989,308.236648
0.226010119,0.0919372671,0.00499999989,308.273141
0.196992213,0.0938953916,0.00499999989,307.373675
0.194898595,0.0946453823,0.00499999989,307.32076
0.200667215,0.0930822381,0.00499999989,307.481311
0.191777045,0.0953038012,0.00499999989,307.256447
0.190510515,0.095316581,0.00499999989,307.239049
0.243888653,0.111705854,0.00499999989,308.834992
0.256599668,0.111885483,0.00499999989,308.28011
0.218350968,0.0897494657,0.00499999989,307.97338
0.227442064,0.0920938237,0.00499999989,308.275718
0.177257215,0.0943246032,0.00499999989,307.272155
0.2480623,0.111377023,0.00499999989,308.648556
0.256783806,0.111753159,0.00499999989,308.26833
0.25481556,0.111698272,0.00499999989,308.320509
0.21364008,0.0901204808,0.00499999989,307.743221
0.221073165,0.0884745611,0.00499999989,307.89422
0.233893926,0.0955655568,0.00499999989,308.43401
0.199346165,0.0920297513,0.00499999989,307.370825
0.182995954,0.0935203479,0.00499999989,307.236971
0.249186345,0.111438763,0.00499999989,308.584926
0.259816457,0.110470266,0.00499999989,308.203287
0.203133171,0.0905956509,0.00499999989,307.399537
0.231720581,0.0930374189,0.00499999989,308.296263
0.260961721,0.109310032,0.00499999989,308.190893
0.216733183,0.0878017965,0.00499999989,307.581046
0.213796733,0.0880873347,0.00499999989,307.470464
0.192816632,0.0926247015,0.00499999989,307.281732
0.190855219,0.0927853994,0.00499999989,307.287303
0.250106315,0.110495132,0.00499999989,308.565352
0.211050721,0.0890331858,0.00499999989,307.449784
0.220696928,0.0871117355,0.00499999989,307.644006
0.229124248,0.0895109953,0.00499999989,307.908505
0.22756466,0.0883250493,0.00499999989,307.79068
0.23777572,0.0958023851,0.00499999989,308.29949
0.23275275,0.0922505811,0.00499999989,308.088286
0.24170317,0.0978579416,0.00499999989,308.314884
0.241612686,0.0980102035,0.00499999989,308.314884
0.190566534,0.0923490944,0.00499999989,307.318318
0.178996585,0.0921876129,0.00499999989,307.208631
0.256638658,0.109282963,0.00499999989,308.276701
0.269807022,0.110663914,0.00499999989,308.395791
0.266253507,0.109203477,0.00499999989,308.277311
0.21973699,0.0859785581,0.00499999989,307.440397
0.203007994,0.0890212083,0.00499999989,307.33578
0.186868859,0.0909474764,0.00499999989,307.462855
0.265515324,0.108683549,0.00499999989,308.260526
0.210831707,0.0873014185,0.00499999989,307.3001
0.220501404,0.0855536,0.00499999989,307.3956
0.22050371,0.0858631635,0.00499999989,307.3956
0.207710839,0.087536157,0.00499999989,307.287828
0.227033432,0.0868096003,0.00499999989,307.531093
0.246361068,0.100551068,0.00499999989,308.295539
0.188901446,0.0908615203,0.00499999989,307.435757
0.260187833,0.107945096,0.00499999989,308.186006
0.265203731,0.108107223,0.00499999989,308.266916
0.253589075,0.107481256,0.00499999989,308.403418
0.209887849,0.0863618783,0.00499999989,307.230638
0.226678593,0.0863361609,0.00499999989,307.422523
0.234837629,0.0913931207,0.00499999989,307.821503
0.247872207,0.101221896,0.00499999989,308.288659
0.181549129,0.0907891041,0.00499999989,307.327952
0.25590272,0.107357432,0.00499999989,308.303012
0.227444691,0.0862260309,0.00499999989,307.37279
0.240795254,0.0945926242,0.00499999989,307.874516
0.209870769,0.0854903988,0.00499999989,307.192214
0.206251015,0.0861789229,0.00499999989,307.259778
0.237149805,0.0917113961,0.00499999989,307.762339
0.228195414,0.0852603978,0.00499999989,307.249704
0.232082537,0.0873414639,0.00499999989,307.407849
0.24665784,0.0983880692,0.00499999989,307.944933
0.192262096,0.0887346003,0.00499999989,307.516188
0.179824401,0.0887868601,0.00499999989,307.381496
0.258026336,0.105439104,0.00499999989,308.152185
0.257873289,0.105486932,0.00499999989,308.152185
0.261543179,0.105664364,0.00499999989,308.12969
0.270330391,0.105505037,0.00499999989,308.442699
0.210796988,0.0844548064,0.00499999989,307.157077
0.210537488,0.0845813845,0.00499999989,307.157077
0.215827044,0.0832567844,0.00499999989,307.068212
0.24771262,0.0981796719,0.00499999989,307.848434
0.246373637,0.0965558499,0.00499999989,307.752946
0.240164254,0.0926549883,0.00499999989,307.671894
0.186338852,0.0849673673,0.00499999989,307.630089
0.209910347,0.0841362493,0.00499999989,307.157042
0.201356047,0.0850277249,0.00499999989,307.397203
0.200635336,0.0851618043,0.00499999989,307.412575
0.235409829,0.0890615634,0.00499999989,307.481976
0.236158955,0.0895101764,0.00499999989,307.503514
0.234266173,0.0876824508,0.00499999989,307.389896
0.249894966,0.0988611338,0.00499999989,307.761141
0.183173901,0.0855232284,0.00499999989,307.590767
0.17851087,0.0878172105,0.00499999989,307.393921
0.265324836,0.104295043,0.00499999989,308.187502
0.271973932,0.104536416,0.00499999989,308.474663
0.209380723,0.0836310948,0.00499999989,307.16584
0.222531182,0.0818750378,0.00499999989,306.966059
0.216431291,0.0822835488,0.00499999989,307.010908
0.200876002,0.0845430269,0.00499999989,307.42768
0.237561597,0.0893520746,0.00499999989,307.465897
0.247255566,0.0964469248,0.00499999989,307.654253
0.186710199,0.0824676997,0.00499999989,307.639694
0.186409845,0.0821731602,0.00499999989,307.639694
0.255441791,0.102584883,0.00499999989,307.897791
0.242212951,0.0915092093,0.00499999989,307.446407
0.191370261,0.0842530003,0.00499999989,307.644909
0.25843058,0.103172109,0.00499999989,307.901319
0.269422769,0.102628538,0.00499999989,308.243685
0.268977932,0.102693008,0.00499999989,308.243685
0.209270412,0.0826741734,0.00499999989,307.155096
0.207543349,0.0822765156,0.00499999989,307.220118
0.222665595,0.0806956108,0.00499999989,306.8629
0.214768705,0.0816423748,0.00499999989,306.997083
0.205008718,0.0827879795,0.00499999989,307.324349
0.228077939,0.0819873541,0.00499999989,306.957548
0.227802827,0.0821659973,0.00499999989,306.957548
0.236915861,0.0877117649,0.00499999989,307.325885
0.236218197,0.0873569166,0.00499999989,307.30086
0.239030008,0.0894553225,0.00499999989,307.407184
0.249300664,0.0962018783,0.00499999989,307.513712
0.25080465,0.0971057835,0.00499999989,307.547441
0.184209424,0.0804274313,0.00499999989,307.608744
0.178103896,0.0856376275,0.00499999989,307.472849
0.218300442,0.0802802597,0.00499999989,306.898622
0.20628432,0.0817690887,0.00499999989,307.278352
0.254107566,0.100216214,0.00499999989,307.698886
0.245831139,0.0932363415,0.00499999989,307.425038
0.196766817,0.0823582454,0.00499999989,307.575857
0.25669639,0.101415484,0.00499999989,307.764594
0.209507215,0.0813967062,0.00499999989,307.143587
0.220955531,0.0795208066,0.00499999989,306.816278
0.226127762,0.0800376532,0.00499999989,306.840766
0.2448814,0.0917859557,0.00499999989,307.376291
0.243726037,0.0907355311,0.00499999989,307.371294
0.188818199,0.0787162502,0.00499999989,307.590732
0.261889951,0.10069667,0.00499999989,307.672282
0.267596861,0.101088107,0.00499999989,308.014974
0.209669585,0.0803915686,0.00499999989,307.142397
0.260584035,0.100549669,0.00499999989,307.64664
0.269894048,0.100031387,0.00499999989,308.034822
0.199925862,0.0796666071,0.00499999989,307.486222
0.23752641,0.0857171105,0.00499999989,307.211803
0.238813741,0.0865467638,0.00499999989,307.231799
0.245402242,0.0908079955,0.00499999989,307.323456
0.213810494,0.078756074,0.00499999989,306.962302
0.225158952,0.0782175513,0.00499999989,306.7518
0.219769791,0.0770903464,0.00499999989,306.734755
0.215093058,0.0784280957,0.00499999989,306.918735
0.202794246,0.0796209734,0.00499999989,307.405012
0.231677621,0.0807833366,0.00499999989,306.949158
0.237582584,0.0839237532,0.00499999989,307.153317
0.254469682,0.0975330417,0.00499999989,307.427687
0.266149216,0.0994929131,0.00499999989,307.715826
0.260307317,0.0994011884,0.00499999989,307.520625
0.214448519,0.0772771796,0.00499999989,306.921769
0.226775673,0.0771987312,0.00499999989,306.723988
0.239622032,0.0848675399,0.00499999989,307.200527
0.240511326,0.0857666632,0.00499999989,307.219748
0.242497265,0.0871456822,0.00499999989,307.262805
0.190043033,0.0707284867,0.00499999989,307.248568
0.258606949,0.0987293562,0.00499999989,307.487455
0.269408843,0.0978314489,0.00499999989,307.753403
0.239443448,0.0837511678,0.00499999989,307.192916
0.255086087,0.0956766767,0.00499999989,307.338543
0.2653593,0.0976181922,0.00499999989,307.517534
0.220843934,0.0747302604,0.00499999989,306.58294
0.214023974,0.0759796773,0.00499999989,306.912765
0.231636576,0.0781955797,0.00499999989,306.887117
0.238028206,0.0816637765,0.00499999989,307.146989
0.210964452,0.0756168965,0.00499999989,306.987736
0.246360375,0.0867441747,0.00499999989,307.364139
0.182944577,0.0660973513,0.00499999989,306.940519
0.261752037,0.0968330119,0.00499999989,307.366171
0.235580821,0.0786796401,0.00499999989,307.034409
0.233495418,0.0780236068,0.00499999989,306.951021
0.236789656,0.0796541803,0.00499999989,307.106553
0.244933553,0.0854450495,0.00499999989,307.34072
0.212744676,0.073676653,0.00499999989,306.838969
0.224609072,0.0740236798,0.00499999989,306.488534
0.205346288,0.0694165659,0.00499999989,306.849497
0.197086521,0.065995682,0.00499999989,306.769012
0.259670338,0.0959048265,0.00499999989,307.331799
0.261283321,0.0958604285,0.00499999989,307.33273
0.206890067,0.0704407426,0.00499999989,306.786497
0.226000986,0.0736710805,0.00499999989,306.482264
0.239520007,0.07830332,0.00499999989,307.169937
0.249051195,0.0872700372,0.00499999989,307.424972
0.224179776,0.0729676661,0.00499999989,306.385629
0.222512773,0.0718913878,0.00499999989,306.296584
0.20858282,0.0687532375,0.00499999989,306.606507
0.257658425,0.0935788283,0.00499999989,307.3585
0.257568318,0.0932897887,0.00499999989,307.3585
0.259141431,0.0948179747,0.00499999989,307.321117
0.251713944,0.0874894885,0.00499999989,307.500025
0.205863941,0.0664053771,0.00499999989,306.514432
0.208119074,0.0680074938,0.00499999989,306.538515
0.209942361,0.0677488284,0.00499999989,306.433382
0.231829947,0.0727136385,0.00499999989,306.594613
0.240923501,0.0746489066,0.00499999989,307.052259
0.204707272,0.0644319903,0.00499999989,306.362849
0.213872656,0.0681766921,0.00499999989,306.282234
0.262562896,0.0926118888,0.00499999989,307.371871
0.221411084,0.0697023354,0.00499999989,306.028625
0.222866572,0.0700682216,0.00499999989,306.015824
0.217605587,0.0697163955,0.00499999989,306.212615
0.230107963,0.070969667,0.00499999989,306.308396
0.263461971,0.0920894621,0.00499999989,307.39681
0.221839121,0.069545357,0.00499999989,305.963207
0.260721681,0.0916196911,0.00499999989,307.454297
0.261014958,0.091572573,0.00499999989,307.466198
0.231879927,0.0704990127,0.00499999989,306.277643
0.255179196,0.0825979345,0.00499999989,307.564649
0.199907344,0.0596246714,0.00499999989,305.916552
0.189935048,0.055717964,0.00499999989,305.804484
0.197566004,0.0579636368,0.00499999989,305.810025
0.198633919,0.0584150903,0.00499999989,305.8381
0.268367242,0.0909218446,0.00499999989,307.381049
0.212249411,0.0655225258,0.00499999989,305.961855
0.21828447,0.068224491,0.00499999989,305.945424
0.23169714,0.0697850804,0.00499999989,306.167053
0.201000388,0.0590692915,0.00499999989,305.818002
0.192327838,0.0555683993,0.00499999989,305.709049
0.19674098,0.0565529243,0.00499999989,305.631048
0.214262447,0.0655171315,0.00499999989,305.777532
0.22013803,0.06750398,0.00499999989,305.741666
0.223908975,0.0679604199,0.00499999989,305.679842
0.218735459,0.0669693513,0.00499999989,305.703198
0.209100038,0.0625236956,0.00499999989,305.746388
0.229303773,0.0694199775,0.00499999989,305.975235
0.258274194,0.0816815755,0.00499999989,307.562113
0.255438971,0.0779801541,0.00499999989,307.457282
0.205653146,0.0614093555,0.00499999989,305.837127
0.191276502,0.0548256209,0.00499999989,305.641606
0.230101232,0.0688012509,0.00499999989,305.897513
0.20546822,0.0607339436,0.00499999989,305.718774
0.191703841,0.0542421161,0.00499999989,305.550077
0.199587031,0.0568930475,0.00499999989,305.545921
0.197005668,0.0555424612,0.00499999989,305.451423
0.265232492,0.0890200966,0.00499999989,307.492667
0.226601936,0.0674576242,0.00499999989,305.573363
0.197559739,0.0551893875,0.00499999989,305.372825
0.207508049,0.0603692426,0.00499999989,305.56037
0.231332533,0.0675242577,0.00499999989,305.767063
0.189706158,0.0529462623,0.00499999989,305.334978
0.220550548,0.0650961979,0.00499999989,305.405588
0.208414413,0.0602865996,0.00499999989,305.48929
0.222317018,0.0650900399,0.00499999989,305.340087
0.22562487,0.0655342508,0.00499999989,305.3555
0.207066941,0.0591182291,0.00499999989,305.443981
0.195819653,0.0534445051,0.00499999989,305.246831
0.200441026,0.054705083,0.00499999989,305.216911
0.198336895,0.0534533222,0.00499999989,305.165552
0.217205185,0.063436919,0.00499999989,305.361693
0.225304244,0.0648177584,0.00499999989,305.296009
0.210289633,0.0596528966,0.00499999989,305.379692
0.211065907,0.0596428737,0.00499999989,305.369854
0.209777839,0.0591222192,0.00499999989,305.367325
0.195751465,0.052567057,0.00499999989,305.13639
0.192944689,0.051739357,0.00499999989,305.103708
0.199325951,0.0535241685,0.00499999989,305.134449
0.229095831,0.0652199953,0.00499999989,305.343271
0.211262792,0.0594397776,0.00499999989,305.33912
0.211166861,0.0591394355,0.00499999989,305.33912
0.202654575,0.0547658422,0.00499999989,305.207033
0.196765718,0.0520327285,0.00499999989,305.067563
0.193295146,0.049273439,0.00499999989,304.886917
0.21369743,0.0582044468,0.00499999989,305.262068
0.20202204,0.0515453433,0.00499999989,305.105984
0.218837478,0.0601375928,0.00499999989,305.214862
0.198652753,0.0500358179,0.00499999989,304.992416
0.19915043,0.0497884637,0.00499999989,305.006083
0.216281429,0.0584210691,0.00499999989,305.252999
0.223188577,0.060935795,0.00499999989,305.194512
0.227706942,0.06082882,0.00499999989,305.161147
0.227992484,0.0607738665,0.00499999989,305.161147
0.211677233,0.055893292,0.00499999989,305.280428
0.197894632,0.0490880093,0.00499999989,304.962554
0.203229526,0.0513700961,0.00499999989,305.145187
0.221890633,0.0597527233,0.00499999989,305.253752
0.204643947,0.0515012587,0.00499999989,305.179059
0.194655249,0.0476326354,0.00499999989,304.860129
0.221823803,0.0594640693,0.00499999989,305.274409
0.214290005,0.0553115186,0.00499999989,305.352481
0.197524021,0.0480083723,0.00499999989,304.953733
0.198571422,0.0481717707,0.00499999989,304.992248
0.217634496,0.0575695311,0.00499999989,305.311082
0.226188346,0.0588277039,0.00499999989,305.341567
0.212126291,0.0538417376,0.00499999989,305.363385
0.206025467,0.0504357933,0.00499999989,305.263115
0.196321902,0.0468394426,0.00499999989,304.898621
0.206282036,0.0498419399,0.00499999989,305.294688
0.201059426,0.045924075,0.00499999989,305.144819
0.223055032,0.0559814114,0.00499999989,305.516875
0.195523622,0.0450142177,0.00499999989,304.869744
0.201736353,0.0457773402,0.00499999989,305.174153
0.213924575,0.0513850337,0.00499999989,305.562536
0.208137846,0.0490847172,0.00499999989,305.416038
0.203574951,0.0453297824,0.00499999989,305.275248
0.21520123,0.0507281022,0.00499999989,305.608376
0.206211882,0.0439001726,0.00499999989,305.36577
0.2149599,0.0479771445,0.00499999989,305.637328
0.210179461,0.0454509257,0.00499999989,305.528535
0.2122676,0.0459181843,0.00499999989,305.56459
0.221384024,0.0485158823,0.00499999989,305.705627
0.137608019,0.0720925095,0.00499999989,306.892975
0.132837653,0.0813936567,0.00499999989,307.219605
0.132796066,0.0815764822,0.00499999989,307.219605
0.134829162,0.0813483887,0.00499999989,307.130439
0.138492814,0.0774524499,0.00499999989,307.012196
0.135017934,0.082016645,0.00499999989,307.097979
0.139222218,0.076901653,0.00499999989,306.990283
0.139857146,0.068469598,0.00499999989,306.50702
0.138102413,0.0802750306,0.00499999989,307.001903
0.140574187,0.0682347046,0.00499999989,306.464912
0.139962641,0.0777253679,0.00499999989,306.95846
0.136614641,0.0817020314,0.00499999989,307.029527
0.143091785,0.0683550101,0.00499999989,306.317814
0.140991841,0.0782974687,0.00499999989,306.882352
0.144856001,0.069049653,0.00499999989,306.297023
0.144341391,0.0758618453,0.00499999989,306.737019
0.14534998,0.0690373462,0.00499999989,306.245962
0.136778253,0.0856526718,0.00499999989,307.000426
0.14599873,0.0696896757,0.00499999989,306.289569
0.144729751,0.0764524524,0.00499999989,306.712376
0.141383584,0.0808312521,0.00499999989,306.83719
0.144760434,0.0667544182,0.00499999989,305.954698
0.147583175,0.0708851026,0.00499999989,306.353866
0.139337207,0.0845098092,0.00499999989,306.938909
0.141474373,0.0837360415,0.00499999989,306.885789
0.148490332,0.0706517625,0.00499999989,306.275594
0.147513749,0.0677720683,0.00499999989,305.948643
0.144455708,0.0654011315,0.00499999989,305.801436
0.144048012,0.0797647234,0.00499999989,306.743855
0.148608013,0.0693342096,0.00499999989,306.071944
0.144849913,0.0799020693,0.00499999989,306.720345
0.149773525,0.0720112448,0.00499999989,306.3717
0.147291816,0.0665282424,0.00499999989,305.763937
0.145818754,0.0651152611,0.00499999989,305.682996
0.15066166,0.0708491417,0.00499999989,306.22392
0.150555429,0.0709879956,0.00499999989,306.22392
0.150859944,0.072381308,0.00499999989,306.357264
0.138246365,0.0884609709,0.00499999989,307.166053
0.135771604,0.0892462376,0.00499999989,307.182862
0.144606956,0.0823146603,0.00499999989,306.785458
0.149696707,0.068130376,0.00499999989,305.893299
0.151672334,0.0723847857,0.00499999989,306.376138
0.141572852,0.0866556225,0.00499999989,307.04442
0.151188448,0.0697261915,0.00499999989,306.049763
0.15058758,0.0756234717,0.00499999989,306.544713
0.15174492,0.0694250206,0.00499999989,305.974589
0.139477411,0.090734537,0.00499999989,307.480019
0.145004435,0.0850853318,0.00499999989,306.989559
0.146905775,0.0840507394,0.00499999989,306.888227
0.145604529,0.0859760757,0.00499999989,307.089356
0.151753954,0.0780488427,0.00499999989,306.605343
0.139151065,0.0923166289,0.00499999989,307.726801
0.139175974,0.0924873516,0.00499999989,307.823851
0.153591603,0.0766684226,0.00499999989,306.59816
0.153328038,0.0778108761,0.00499999989,306.613355
0.147402444,0.0856148029,0.00499999989,307.091446
0.140375093,0.0920747138,0.00499999989,307.828507
0.150081394,0.0830665122,0.00499999989,306.819499
0.154077838,0.077720967,0.00499999989,306.621353
0.151715479,0.0812220494,0.00499999989,306.708845
0.135580315,0.0949201364,0.00499999989,307.927293
0.140653722,0.0945142686,0.00499999989,308.170561
0.150075895,0.0853240033,0.00499999989,307.090424
0.151676502,0.0847879353,0.00499999989,307.052075
0.147847357,0.0896983726,0.00499999989,307.814276
0.142744094,0.096437608,0.00499999989,308.47278
0.15868202,0.0754559093,0.00499999989,306.749574
0.159623509,0.0737405977,0.00499999989,306.694288
0.158020494,0.0762866627,0.00499999989,306.74041
0.149989989,0.0925336056,0.00499999989,308.254724
0.15991458,0.075400701,0.00499999989,306.789887
0.148462186,0.10079335,0.00499999989,308.947461
0.158991616,0.077920153,0.00499999989,306.780077
0.152577082,0.0865944542,0.00499999989,307.35194
0.154124936,0.0848409508,0.00499999989,307.027989
0.154214384,0.085091325,0.00499999989,307.027989
0.139415926,0.105907328,0.00499999989,309.119946
0.158774603,0.0796592952,0.00499999989,306.772394
0.158720915,0.0798199549,0.00499999989,306.770236
0.154743579,0.0920481915,0.00499999989,308.18976
0.161969913,0.0772690684,0.00499999989,306.921123
0.153106222,0.0876497039,0.00499999989,307.549292
0.152663131,0.0881473093,0.00499999989,307.667238
0.155472818,0.0908614015,0.00499999989,308.04296
0.154500432,0.088039005,0.00499999989,307.574341
0.1515273,0.105715098,0.00499999989,309.280909
0.162624695,0.0788028343,0.00499999989,306.943252
0.158951618,0.0846957981,0.00499999989,306.974409
0.162123186,0.0797494107,0.00499999989,306.906273
0.161726352,0.0810981069,0.00499999989,306.8856
0.163826163,0.0797906166,0.00499999989,306.99179
0.16112981,0.0931446977,0.00499999989,308.13965
0.161973628,0.101460617,0.00499999989,308.900045
0.159972835,0.0857042832,0.00499999989,307.044833
0.166632612,0.0813689927,0.00499999989,307.114255
0.159580538,0.0901053537,0.00499999989,307.66232
0.16265948,0.0936144396,0.00499999989,308.064692
0.175732766,0.072717065,0.00499999989,307.198307
0.162389135,0.0857814819,0.00499999989,307.038191
0.163625447,0.0944071651,0.00499999989,308.154615
0.161728119,0.0914761855,0.00499999989,307.809967
0.169041982,0.0823439608,0.00499999989,307.205301
0.176627261,0.0801719967,0.00499999989,307.465187
0.176710985,0.0812930549,0.00499999989,307.463587
0.179130845,0.0738673239,0.00499999989,307.353147
0.162265538,0.0877351907,0.00499999989,307.197456
0.179817867,0.0781085187,0.00499999989,307.496744
0.164744223,0.0863662223,0.00499999989,307.081931
0.165922826,0.0840220493,0.00499999989,307.035311
0.163033304,0.0896352433,0.00499999989,307.428158
0.162877661,0.0895462997,0.00499999989,307.428158
0.165452748,0.0848164547,0.00499999989,307.034492
0.163586117,0.0889368605,0.00499999989,307.307521
0.174071179,0.0851409404,0.00499999989,307.331449
0.167443546,0.0853634504,0.00499999989,307.07612
0.164317178,0.0889520456,0.00499999989,307.278294
0.166794799,0.093386041,0.00499999989,307.733285
0.175783478,0.0857916771,0.00499999989,307.361383
0.165295643,0.088286006,0.00499999989,307.211864
0.176896601,0.0869706932,0.00499999989,307.362082
0.172132066,0.0879762897,0.00499999989,307.156813
0.167626744,0.0902549888,0.00499999989,307.30888
0.174688727,0.0882350341,0.00499999989,307.205138
0.171741187,0.094613517,0.00499999989,307.576881
0.171497361,0.0887114711,0.00499999989,307.161368
0.170331424,0.0893251158,0.00499999989,307.181344
0.171724937,0.0933378697,0.00499999989,307.438017
0.173217533,0.0949527927,0.00499999989,307.506936
0.175309712,0.0936208755,0.00499999989,307.30443
